{
    "vertices": [
        [
            37.233122510809146,
            68.7713389653312
        ],
        [
            49.70688610100231,
            70.33859383444468
        ],
        [
            88.22654787807902,
            66.9902160072855
        ],
        [
            59.638387003412504,
            76.48043948421909
        ],
        [
            41.94321607929439,
            13.297513690878326
        ],
        [
            55.588990238542515,
            19.27576164824576
        ],
        [
            62.710038340034345,
            44.980353623966266
        ],
        [
            15.370818976323052,
            13.58343713052157
        ],
        [
            24.067044402098848,
            94.89916955075729
        ],
        [
            51.54917893984625,
            80.56202843731236
        ],
        [
            68.42931544174016,
            87.89784853265044
        ],
        [
            88.79358376943522,
            32.769968154144294
        ],
        [
            32.30617886243382,
            71.33988470295868
        ],
        [
            40.99134574863501,
            41.13540755331837
        ],
        [
            37.233122510809146,
            68.7713389653312
        ]
    ],
    "distances": [
        [
            0.0,
            12.571836219454523,
            51.024521846647424,
            23.694431999814437,
            55.67342518656825,
            52.78967753254064,
            34.85805823166957,
            59.36046516632587,
            29.257633941680723,
            18.546423641879375,
            36.592701753391,
            62.88545034812791,
            5.556275813937815,
            27.89030202265317,
            0.0
        ],
        [
            12.571836219454523,
            0.0,
            38.664919209715094,
            11.677199071704965,
            57.566999193554686,
            51.40050563915476,
            28.49775981939226,
            66.33334996875514,
            35.505258228346314,
            10.388101750713071,
            25.668205741254734,
            54.21412703465771,
            17.42949212701677,
            30.47600256929879,
            12.571836219454523
        ],
        [
            51.024521846647424,
            38.664919209715094,
            0.0,
            30.12220582623316,
            70.88760882153315,
            57.80898998819261,
            33.697571145970976,
            90.33405373278516,
            69.96678908007698,
            39.107844288161346,
            28.793393512299406,
            34.22494547596097,
            56.08927962283034,
            53.84826311405747,
            51.024521846647424
        ],
        [
            23.694431999814437,
            11.677199071704965,
            30.12220582623316,
            0.0,
            65.61403192793871,
            57.34782280502755,
            31.649493694798196,
            76.91326598262502,
            40.05708466331556,
            9.060610105157288,
            14.409637475904798,
            52.541705362148186,
            27.81141681613723,
            39.96227508230437,
            23.694431999814437
        ],
        [
            55.67342518656825,
            57.566999193554686,
            70.88760882153315,
            65.61403192793871,
            0.0,
            14.89787236638077,
            37.88222872317357,
            26.573935350477107,
            83.53674492644951,
            67.94696068663809,
            79.16263902840701,
            50.73591859349113,
            58.836972381514855,
            27.854162917288804,
            55.67342518656825
        ],
        [
            52.78967753254064,
            51.40050563915476,
            57.80898998819261,
            57.34782280502755,
            14.89787236638077,
            0.0,
            26.672745916047628,
            40.61900858086395,
            81.9300487739714,
            61.4192687376667,
            69.81307012082091,
            35.84185598954993,
            57.032992338047166,
            26.285649007564654,
            52.78967753254064
        ],
        [
            34.85805823166957,
            28.49775981939226,
            33.697571145970976,
            31.649493694798196,
            37.88222872317357,
            26.672745916047628,
            0.0,
            56.80464818359425,
            63.12819626775475,
            37.29102258015292,
            43.29689942482058,
            28.800084296565153,
            40.239527206939776,
            22.056409911086956,
            34.85805823166957
        ],
        [
            59.36046516632587,
            66.33334996875514,
            90.33405373278516,
            76.91326598262502,
            26.573935350477107,
            40.61900858086395,
            56.80464818359425,
            0.0,
            81.77941474292466,
            76.12493299236702,
            91.3117505538884,
            75.88824258463961,
            60.188152078791774,
            37.62342975154476,
            59.36046516632587
        ],
        [
            29.257633941680723,
            35.505258228346314,
            69.96678908007698,
            40.05708466331556,
            83.53674492644951,
            81.9300487739714,
            63.12819626775475,
            81.77941474292466,
            0.0,
            30.997118157301035,
            44.91135254914044,
            89.7193544596273,
            24.95843022297661,
            56.36465275494583,
            29.257633941680723
        ],
        [
            18.546423641879375,
            10.388101750713071,
            39.107844288161346,
            9.060610105157288,
            67.94696068663809,
            61.4192687376667,
            37.29102258015292,
            76.12493299236702,
            30.997118157301035,
            0.0,
            18.405251011429783,
            60.59064876051651,
            21.338720370171536,
            40.81576014266588,
            18.546423641879375
        ],
        [
            36.592701753391,
            25.668205741254734,
            28.793393512299406,
            14.409637475904798,
            79.16263902840701,
            69.81307012082091,
            43.29689942482058,
            91.3117505538884,
            44.91135254914044,
            18.405251011429783,
            0.0,
            58.76892562867937,
            39.73722640689206,
            54.21778368049797,
            36.592701753391
        ],
        [
            62.88545034812791,
            54.21412703465771,
            34.22494547596097,
            52.541705362148186,
            50.73591859349113,
            35.84185598954993,
            28.800084296565153,
            75.88824258463961,
            89.7193544596273,
            60.59064876051651,
            58.76892562867937,
            0.0,
            68.39930829847647,
            48.528698067622734,
            62.88545034812791
        ],
        [
            5.556275813937815,
            17.42949212701677,
            56.08927962283034,
            27.81141681613723,
            58.836972381514855,
            57.032992338047166,
            40.239527206939776,
            60.188152078791774,
            24.95843022297661,
            21.338720370171536,
            39.73722640689206,
            68.39930829847647,
            0.0,
            31.428371954721257,
            5.556275813937815
        ],
        [
            27.89030202265317,
            30.47600256929879,
            53.84826311405747,
            39.96227508230437,
            27.854162917288804,
            26.285649007564654,
            22.056409911086956,
            37.62342975154476,
            56.36465275494583,
            40.81576014266588,
            54.21778368049797,
            48.528698067622734,
            31.428371954721257,
            0.0,
            27.89030202265317
        ],
        [
            0.0,
            12.571836219454523,
