{
    "vertices": [
        [
            64.60284530767716,
            76.51007107588133
        ],
        [
            71.73885249631769,
            0.6607992107187655
        ],
        [
            69.2893785317098,
            49.1446603524377
        ],
        [
            22.939288459102237,
            75.75664989154734
        ],
        [
            89.78542691883553,
            83.13179471312573
        ],
        [
            92.03123804485321,
            83.97751370419763
        ],
        [
            94.79214561666662,
            16.249804738119867
        ],
        [
            48.13501251899288,
            74.05130885105528
        ],
        [
            68.26772023020847,
            28.916587284346285
        ],
        [
            76.91696281037082,
            70.93443334688858
        ],
        [
            4.5912804138423695,
            78.48819961491071
        ],
        [
            22.348255666176264,
            66.82555817651561
        ],
        [
            16.326774775492925,
            70.41382265124926
        ],
        [
            95.32150908223913,
            18.966489433909604
        ],
        [
            63.519946083034995,
            98.89950262393603
        ],
        [
            57.822024583702614,
            94.84349149109089
        ],
        [
            64.60284530767716,
            76.51007107588133
        ]
    ],
    "distances": [
        [
            0.0,
            76.18421517001846,
            27.76381273749565,
            41.67036852195379,
            26.038618253100392,
            28.426737898534324,
            67.39950706232428,
            16.650376225007545,
            47.734379723768356,
            13.51758950238961,
            60.04415802993549,
            43.350203412090416,
            48.65946188443987,
            65.22959521782158,
            22.415604292005106,
            19.547220616023786,
            0.0
        ],
        [
            76.18421517001846,
            0.0,
            48.54569717197164,
            89.55883116532726,
            84.42241377469318,
            85.75229341095365,
            27.829326564364962,
            77.09285418859186,
            28.468198377673566,
            70.46415032574193,
            102.79056712678278,
            82.56637562736765,
            89.08413234933549,
            29.85364276259982,
            98.58191147944112,
            95.20534451557123,
            76.18421517001846
        ],
        [
            27.76381273749565,
            48.54569717197164,
            0.0,
            53.446504441062515,
            39.688956921779386,
            41.59951738591164,
            41.622862165838306,
            32.67794884679395,
            20.253857058177136,
            23.0862350563659,
            71.04144703282371,
            50.16057379798001,
            57.07376508984864,
            39.854658711218406,
            50.08822895892307,
            47.11563831689023,
            27.76381273749565
        ],
        [
            41.67036852195379,
            89.55883116532726,
            53.446504441062515,
            0.0,
            67.25175825297869,
            69.57930798294919,
            93.294682066125,
            25.25337005166912,
            65.1817320410738,
            54.192648032506945,
            18.55022272427281,
            8.950626736973351,
            8.501243446437208,
            92.00167491486613,
            46.71596521301773,
            39.763209148464945,
            41.67036852195379
        ],
        [
            26.038618253100392,
            84.42241377469318,
            39.688956921779386,
            67.25175825297869,
            0.0,
            2.3997725362218194,
            67.06912713861719,
            42.62877248021436,
            58.3292415318712,
            17.730566624037113,
            85.32060462836867,
            69.38058385851456,
            74.5514613410313,
            64.40368473383302,
            30.634883650773585,
            34.04148836723476,
            26.038618253100392
        ],
        [
            28.426737898534324,
            85.75229341095365,
            41.59951738591164,
            69.57930798294919,
            2.3997725362218194,
            0.0,
            67.7839595510164,
            45.00453486265288,
            59.97007918236579,
            19.96404921529971,
            87.61209254254697,
            71.76285676873924,
            76.90994392067748,
            65.09423292559364,
            32.18011066874748,
            35.89345008348772,
            28.426737898534324
        ],
        [
            67.39950706232428,
            27.829326564364962,
            41.622862165838306,
            93.294682066125,
            67.06912713861719,
            67.7839595510164,
            0.0,
            74.28258171746411,
            29.39374971239926,
            57.531997761571425,
            109.58929637595733,
            88.35170641826991,
            95.34440338969411,
            2.76777914852705,
            88.36811090143297,
            86.85480669839833,
            67.39950706232428
        ],
        [
            16.650376225007545,
            77.09285418859186,
            32.67794884679395,
            25.25337005166912,
            42.62877248021436,
            45.00453486265288,
            74.28258171746411,
            0.0,
            49.421341652059446,
            28.950225827855384,
            43.76919699166871,
            26.779998166484162,
            32.01554769484343,
            72.53208109611084,
            29.22548399162312,
            22.93802654280507,
            16.650376225007545
        ],
        [
            47.734379723768356,
            28.468198377673566,
            20.253857058177136,
            65.1817320410738,
            58.3292415318712,
            59.97007918236579,
            29.39374971239926,
            49.421341652059446,
            0.0,
            42.898820321146296,
            80.69717304056606,
            59.54567406580222,
            66.48219579576083,
            28.82554316025152,
            70.14377947317034,
            66.74930153810384,
            47.734379723768356
        ],
        [
            13.51758950238961,
            70.46415032574193,
            23.0862350563659,
            54.192648032506945,
            17.730566624037113,
            19.96404921529971,
            57.531997761571425,
            28.950225827855384,
            42.898820321146296,
            0.0,
            72.71907396931987,
            54.72318205801429,
            60.592424622210615,
            55.130703949939466,
            31.00846911510755,
            30.598361512066642,
            13.51758950238961
        ],
        [
            60.04415802993549,
            102.79056712678278,
            71.04144703282371,
            18.55022272427281,
            85.32060462836867,
            87.61209254254697,
            109.58929637595733,
            43.76919699166871,
            80.69717304056606,
            72.71907396931987,
            0.0,
            21.244466936888976,
            14.244907555461308,
            108.51178911570234,
            62.363522415573414,
            55.68669228129963,
            60.04415802993549
        ],
        [
            43.350203412090416,
            82.56637562736765,
            50.16057379798001,
            8.950626736973351,
            69.38058385851456,
            71.76285676873924,
            88.35170641826991,
            26.779998166484162,
            59.54567406580222,
            54.72318205801429,
            21.244466936888976,
            0.0,
            7.009555910148671,
            87.26732593035275,
            52.19047809895851,
            45.20390324334886,
            43.350203412090416
        ],
        [
            48.65946188443987,
            89.08413234933549,
            57.07376508984864,
