{
    "vertices": [
        [
            78.11983612839401,
            87.82370537640399
        ],
        [
            82.34282051589682,
            37.01207650865081
        ],
        [
            15.840704652376292,
            49.03258202143045
        ],
        [
            89.54157985876778,
            57.07797146673246
        ],
        [
            98.085078856458,
            80.79902967346106
        ],
        [
            64.35937078410214,
            27.18391674635362
        ],
        [
            44.01047206447173,
            4.901709318209346
        ],
        [
            84.14345901076803,
            88.01204804719534
        ],
        [
            97.37786787739341,
            28.400425332392366
        ],
        [
            43.77741529893431,
            86.31082862098684
        ],
        [
            9.589501024243596,
            86.16246514782254
        ],
        [
            94.61507904372118,
            56.73430616514332
        ],
        [
            87.70980730186875,
            83.38451934078472
        ],
        [
            70.47524620543886,
            14.704124428170562
        ],
        [
            55.50696996004982,
            82.6103233621197
        ],
        [
            78.11983612839401,
            87.82370537640399
        ]
    ],
    "distances": [
        [
            0.0,
            50.98681423006718,
            73.3719392448358,
            32.798725333260414,
            21.16499435204339,
            62.18146324740714,
            89.66329319805537,
            6.026566650315968,
            62.46597472251993,
            34.37572783963693,
            68.55046716532433,
            35.19437145557208,
            10.567588171712295,
            73.51811255150264,
            23.20605671746728,
            0.0
        ],
        [
            50.98681423006718,
            0.0,
            67.57976004032476,
            21.31812084929951,
            46.53080662441019,
            20.493832939916917,
            50.00444599139612,
            51.031748901263065,
            17.32666110778413,
            62.59119298577137,
            87.7998075193573,
            23.228746672973788,
            46.68198797588129,
            25.268241847015087,
            52.90900671119842,
            50.98681423006718
        ],
        [
            73.3719392448358,
            67.57976004032476,
            0.0,
            74.13870310111088,
            88.16600413226303,
            53.211137344584444,
            52.355226306448714,
            78.64264126157362,
            84.1070441546016,
            46.584626984519744,
            37.652433756397684,
            79.14997546135832,
            79.65691127100102,
            64.52422902635539,
            51.9699655281873,
            73.3719392448358
        ],
        [
            32.798725333260414,
            21.31812084929951,
            74.13870310111088,
            0.0,
            25.212694770106197,
            39.08705874717585,
            69.24914518437907,
            31.401541404452608,
            29.72892635461395,
            54.30394732669587,
            85.07786247107609,
            5.085125349412659,
            26.370245576217375,
            46.465772261176326,
            42.547099363738,
            32.798725333260414
        ],
        [
            21.16499435204339,
            46.53080662441019,
            88.16600413226303,
            25.212694770106197,
            0.0,
            63.34037984704744,
            93.19048415377846,
            15.697018760948355,
            52.40337664941805,
            54.58664899694002,
            88.65795923629844,
            24.31361380445478,
            10.692568290701077,
            71.62987755400125,
            42.61661814387631,
            21.16499435204339
        ],
        [
            62.18146324740714,
            20.493832939916917,
            53.211137344584444,
            39.08705874717585,
            63.34037984704744,
            0.0,
            30.175726121712867,
            63.964612908333464,
            33.04089955554464,
            62.606777583773415,
            80.48731455985023,
            42.292238024172924,
            60.85844738035489,
            13.897810923821476,
            56.12888339069218,
            62.18146324740714
        ],
        [
            89.66329319805537,
            50.00444599139612,
            52.355226306448714,
            69.24914518437907,
            93.19048415377846,
            30.175726121712867,
            0.0,
            92.29293063327428,
            58.31182204466151,
            81.40945289774292,
            88.2502900015192,
            72.4392458783296,
            89.82863334833759,
            28.221828649476254,
            78.5544280132473,
            89.66329319805537
        ],
        [
            6.026566650315968,
            51.031748901263065,
            78.64264126157362,
            31.401541404452608,
            15.697018760948355,
            63.964612908333464,
            92.29293063327428,
            0.0,
            61.06304234756917,
            40.401876596041674,
            74.57689728299309,
            32.98411683454351,
            5.8423336144122535,
            74.57125254831472,
            29.141501929812385,
            6.026566650315968
        ],
        [
            62.46597472251993,
            17.32666110778413,
            84.1070441546016,
            29.72892635461395,
            52.40337664941805,
            33.04089955554464,
            58.31182204466151,
            61.06304234756917,
            0.0,
            78.90895592810297,
            105.08687167473659,
            28.468259609326246,
            55.82760956028605,
            30.18840358951274,
            68.49733671317479,
            62.46597472251993
        ],
        [
            34.37572783963693,
            62.59119298577137,
            46.584626984519744,
            54.30394732669587,
            54.58664899694002,
            62.606777583773415,
            81.40945289774292,
            40.401876596041674,
            78.90895592810297,
            0.0,
            34.18823619571168,
            58.815293381985555,
            44.029743959088556,
            76.42181796103651,
            12.299438674955862,
            34.37572783963693
        ],
        [
            68.55046716532433,
            87.7998075193573,
            37.652433756397684,
            85.07786247107609,
            88.65795923629844,
            80.48731455985023,
            88.2502900015192,
            74.57689728299309,
            105.08687167473659,
            34.18823619571168,
            0.0,
            89.97424886408396,
            78.1696823315587,
            93.87954209877313,
            46.05465953338995,
            68.55046716532433
        ],
        [
            35.19437145557208,
            23.228746672973788,
            79.14997546135832,
            5.085125349412659,
            24.31361380445478,
            42.292238024172924,
            72.4392458783296,
            32.98411683454351,
            28.468259609326246,
            58.815293381985555,
            89.97424886408396,
            0.0,
            27.53028587094504,
            48.46924495288917,
            46.89362922699154,
            35.19437145557208
        ],
        [
            10.567588171712295,
            46.68198797588129,
            79.65691127100102,
            26.370245576217375,
            10.692568290701077,
            60.85844738035489,
            89.82863334833759,
            5.8423336144122535,
            55.82760956028605,
            44.029743959088556,
            78.1696823315587,
            27.53028587094504,
            0.0,
            70.80979269521421,
            32.212142311200424,
            10.567588171712295
        ],
        [
            73.51811255150264,
            25.268241847015087,
