{
    "vertices": [
        [
            92.13708419044416,
            96.22256662170514
        ],
        [
            80.50522104331593,
            40.1089700649456
        ],
        [
            77.03911917602457,
            84.40780191924782
        ],
        [
            93.98330968095661,
            61.957383708853484
        ],
        [
            18.47028548763625,
            18.666694839929786
        ],
        [
            72.03674805863038,
            19.998827569826172
        ],
        [
            90.61705946548796,
            52.15602371352303
        ],
        [
            52.85199681661087,
            13.962690796552412
        ],
        [
            16.89490031224209,
            79.83545679123043
        ],
        [
            97.9690764746123,
            92.87893081926033
        ],
        [
            24.453998711943335,
            75.2492019024136
        ],
        [
            47.26502914809697,
            56.44453664566546
        ],
        [
            39.44734992001463,
            75.55022903421226
        ],
        [
            69.77202706445742,
            74.41021594076005
        ],
        [
            98.54077309080579,
            58.29727517461512
        ],
        [
            92.13708419044416,
            96.22256662170514
        ]
    ],
    "distances": [
        [
            0.0,
            57.30650886948441,
            19.171260066857087,
            34.31488465102279,
            106.96593139383772,
            78.82944822628684,
            44.092750867269935,
            91.15923025530252,
            77.0059971908501,
            6.722502092375088,
            70.85818292574594,
            59.96493135573614,
            56.59994380580025,
            31.240589342667267,
            38.462123743747355,
            0.0
        ],
        [
            57.30650886948441,
            0.0,
            44.43422516270742,
            25.671230046092433,
            65.63615159515874,
            21.820468965316884,
            15.728343138672209,
            38.05691434829202,
            74.99644425653636,
            55.584665192273455,
            66.15569074865715,
            37.037293269677676,
            54.23865428367709,
            35.94129827400344,
            25.61436277599242,
            57.30650886948441
        ],
        [
            19.171260066857087,
            44.43422516270742,
            0.0,
            28.126977613832498,
            88.0465867574232,
            64.60293873765028,
            34.99339451861591,
            74.48174654986384,
            60.3177702066669,
            22.57926343708609,
            53.376725719083694,
            40.846549936951526,
            38.621208075496696,
            12.359706839373523,
            33.82426241550886,
            19.171260066857087
        ],
        [
            34.31488465102279,
            25.671230046092433,
            28.126977613832498,
            0.0,
            87.04194716093465,
            47.35157864648726,
            10.36331502325424,
            63.2081912863418,
            79.13436899437136,
            31.177370200748467,
            70.78839957730648,
            47.042419354122,
            56.2044157614525,
            27.22607640722414,
            5.845243127066536,
            34.31488465102279
        ],
        [
            106.96593139383772,
            65.63615159515874,
            88.0465867574232,
            87.04194716093465,
            0.0,
            53.58302427056331,
            79.54050630851495,
            34.70201331261707,
            61.18904540116422,
            108.75437341754467,
            56.89802219257518,
            47.50055361751938,
            60.62815925485663,
            75.75756618010936,
            89.34128879008448,
            106.96593139383772
        ],
        [
            78.82944822628684,
            21.820468965316884,
            64.60293873765028,
            47.35157864648726,
            53.58302427056331,
            0.0,
            37.13910655629714,
            20.111927490020364,
            81.3698074808198,
            77.35628679507909,
            72.91585492388252,
            44.067309514232804,
            64.40517895087793,
            54.45849929656569,
            46.57504086786124,
            78.82944822628684
        ],
        [
            44.092750867269935,
            15.728343138672209,
            34.99339451861591,
            10.36331502325424,
            79.54050630851495,
            37.13910655629714,
            0.0,
            53.71155030512676,
            78.74711274529243,
            41.381243543965226,
            70.0774249465624,
            43.56363019548692,
            56.26391399071583,
            30.49203908378103,
            10.024979158303186,
            44.092750867269935
        ],
        [
            91.15923025530252,
            38.05691434829202,
            74.48174654986384,
            63.2081912863418,
            34.70201331261707,
            20.111927490020364,
            53.71155030512676,
            0.0,
            75.04754552158317,
            90.9028262277257,
            67.54615266528175,
            42.84765378030427,
            63.02943300234932,
            62.770938495833065,
            63.66333049259203,
            91.15923025530252
        ],
        [
            77.0059971908501,
            74.99644425653636,
            60.3177702066669,
            79.13436899437136,
            61.18904540116422,
            81.3698074808198,
            78.74711274529243,
            75.04754552158317,
            0.0,
            82.1167111806539,
            8.841589366260013,
            38.333795412959326,
            22.955961322511385,
            53.15471542446125,
            84.43898275751381,
            77.0059971908501
        ],
        [
            6.722502092375088,
            55.584665192273455,
            22.57926343708609,
            31.177370200748467,
            108.75437341754467,
            77.35628679507909,
            41.381243543965226,
            90.9028262277257,
            82.1167111806539,
            0.0,
            75.59943121566965,
            62.43689209182653,
            61.03340384155409,
            33.7070767747969,
            34.58638090557885,
            6.722502092375088
        ],
        [
            70.85818292574594,
            66.15569074865715,
            53.376725719083694,
            70.78839957730648,
            56.89802219257518,
            72.91585492388252,
            70.0774249465624,
            67.54615266528175,
            8.841589366260013,
            75.59943121566965,
            0.0,
            29.56278987134804,
            14.996372820874116,
            45.32579388387061,
            76.00143391837499,
            70.85818292574594
        ],
        [
            59.96493135573614,
            37.037293269677676,
            40.846549936951526,
            47.042419354122,
            47.50055361751938,
            44.067309514232804,
            43.56363019548692,
            42.84765378030427,
            38.333795412959326,
            62.43689209182653,
            29.56278987134804,
            0.0,
            20.64324563044691,
            28.79810041897285,
            51.309205382025695,
            59.96493135573614
        ],
        [
            56.59994380580025,
            54.23865428367709,
            38.621208075496696,
            56.2044157614525,
            60.62815925485663,
            64.40517895087793,
            56.26391399071583,
            63.02943300234932,
            22.955961322511385,
            61.03340384155409,
            14.996372820874116,
            20.64324563044691,
            0.0,
            30.34609816381561,
            61.56051558364001,
            56.59994380580025
        ],
        [
            31.240589342667267,
            35.94129827400344,
