{
    "vertices": [
        [
            75.1788370935419,
            75.93011538840305
        ],
        [
            66.79475730477188,
            9.159609884910902
        ],
        [
            50.87964593620635,
            11.654816260473444
        ],
        [
            37.112339885701054,
            40.92794184627463
        ],
        [
            21.332800489037606,
            3.995201158771833
        ],
        [
            18.762002597565807,
            3.9401058814708123
        ],
        [
            53.719962711927394,
            39.29277958122472
        ],
        [
            75.1788370935419,
            75.93011538840305
        ]
    ],
    "distances": [
        [
            0.0,
            67.29482297395793,
            68.71509855108674,
            51.712767885192825,
            89.85559272097656,
            91.46267371641041,
            42.45912934545247,
            0.0
        ],
        [
            67.29482297395793,
            0.0,
            16.109525900239635,
            43.477267847087205,
            45.75435099535681,
            48.3155124862042,
            32.84749868090295,
            67.29482297395793
        ],
        [
            68.71509855108674,
            16.109525900239635,
            0.0,
            32.34895048452682,
            30.523528291878247,
            33.03119389092699,
            27.783527780064848,
            68.71509855108674
        ],
        [
            51.712767885192825,
            43.477267847087205,
            32.34895048452682,
            0.0,
            40.16243516348552,
            41.28964625602357,
            16.687926521028228,
            51.712767885192825
        ],
        [
            89.85559272097656,
            45.75435099535681,
            30.523528291878247,
            40.16243516348552,
            0.0,
            2.571388202581773,
            47.904564702552,
            89.85559272097656
        ],
        [
            91.46267371641041,
            48.3155124862042,
            33.03119389092699,
            41.28964625602357,
            2.571388202581773,
            0.0,
            49.71790937960452,
            91.46267371641041
        ],
        [
            42.45912934545247,
            32.84749868090295,
            27.783527780064848,
            16.687926521028228,
            47.904564702552,
            49.71790937960452,
            0.0,
            42.45912934545247
        ],
        [
            0.0,
            67.29482297395793,
            68.71509855108674,
            51.712767885192825,
            89.85559272097656,
            91.46267371641041,
            42.45912934545247,
            0.0
        ]
    ],
    "scores_ave": [
        0,
        10.088558545957232,
        16.416111562112288,
        19.542720098903647,
        12.480947609969242,
        19.347559224772688,
        13.352682776909166,
        0
    ],
    "scores_var": [
        0,
        386.5433637521505,
        24.54751222832854,
        17.133560430429764,
        24.91372873705248,
        22.6694157748382,
        291.30223792211217,
        0
    ],
    "vertex_number": 8,
    "minimum_distances": {
        "cost": 216.93596749116188,
        "path": [
            0,
            1,
            2,
            4,
            5,
            3,
            6,
            7
        ]
    }
}