{
    "vertices": [
        [
            22.653793324839143,
            31.506848307170866
        ],
        [
            35.79717324049456,
            1.2179474800252166
        ],
        [
            48.395375472849,
            41.6691713925292
        ],
        [
            73.01367311178268,
            90.1097745404832
        ],
        [
            30.734971629755425,
            35.03898435584185
        ],
        [
            72.96992245323851,
            72.99626033646089
        ],
        [
            2.5903946108410403,
            13.718351944131879
        ],
        [
            86.9704396308761,
            71.71737550289288
        ],
        [
            58.28588998798283,
            56.319364233958005
        ],
        [
            70.83264191581407,
            20.954181076373846
        ],
        [
            68.78129898918067,
            59.45329465858303
        ],
        [
            42.40696102134023,
            29.128745298604375
        ],
        [
            73.79470373296633,
            75.17632386529553
        ],
        [
            1.251617110308989,
            75.51800467240173
        ],
        [
            31.18799329908375,
            2.995321575285592
        ],
        [
            75.03278679715216,
            45.855936054583324
        ],
        [
            80.38504155198598,
            42.01575496074233
        ],
        [
            69.99931599379185,
            81.17220549250824
        ],
        [
            55.78282226239138,
            84.86263972326809
        ],
        [
            22.653793324839143,
            31.506848307170866
        ]
    ],
    "distances": [
        [
            0.0,
            33.017661166774346,
            27.674932013899266,
            77.26849587809025,
            8.819377974787715,
            65.21567419725073,
            26.813626588261272,
            75.85194453284475,
            43.42012504851501,
            49.320991851705735,
            53.93283454896672,
            19.89580377781825,
            67.24890938070102,
            48.939095121616226,
            29.761379769483224,
            54.30888763688271,
            58.67992962604781,
            68.6166613960739,
            62.80424377367542,
            0.0
        ],
        [
            33.017661166774346,
            0.0,
            42.36763169575135,
            96.36817306982611,
            34.197783853681486,
            80.8327871630684,
            35.48168906245969,
            87.11413515964244,
            59.51393542053276,
            40.21197560266015,
            66.92763414623515,
            28.68278106072387,
            83.14838399555119,
            81.93835455471523,
            4.939999838745583,
            59.43049213282483,
            60.43623992106522,
            86.96246284026019,
            85.99919015486867,
            33.017661166774346
        ],
        [
            27.674932013899266,
            42.36763169575135,
            0.0,
            54.33739607284011,
            18.863966816197788,
            39.81576146442987,
            53.65952459355022,
            48.897138413755705,
            17.67626735668831,
            30.5375465489783,
            27.05292808469948,
            13.896884336434182,
            42.045869510552464,
            58.03686300063234,
            42.329193955953464,
            26.964433619038605,
            31.991543508002902,
            45.02465934503606,
            43.820658102165275,
            27.674932013899266
        ],
        [
            77.26849587809025,
            96.36817306982611,
            54.33739607284011,
            0.0,
            69.42824015173628,
            17.113570128158425,
            103.89941097578716,
            23.088344982402713,
            36.86054020799217,
            69.18997763007987,
            30.947257543488742,
            68.23090760341765,
            14.953860969645586,
            73.23054300933251,
            96.63495954994775,
            44.299876306944235,
            48.65564501697335,
            9.432204902465914,
            18.012069419808487,
            77.26849587809025
        ],
        [
            8.819377974787715,
            34.197783853681486,
            18.863966816197788,
            69.42824015173628,
            0.0,
            56.78508493372986,
            35.30844915893165,
            67.13964729160513,
            34.81246429281677,
            42.499468770689155,
            45.2059904559018,
            13.083052475281276,
            58.86549542556695,
            50.0781317493757,
            32.04686494849203,
            45.59937359940102,
            50.137857666196574,
            60.58021814736393,
            55.76550417136837,
            8.819377974787715
        ],
        [
            65.21567419725073,
            80.8327871630684,
            39.81576146442987,
            17.113570128158425,
            56.78508493372986,
            0.0,
            92.01710907591126,
            14.058806053817497,
            22.220253667642027,
            52.08594802639994,
            14.175912170856364,
            53.46450679735361,
            2.3308670380663896,
            71.76262617656577,
            81.52215055608275,
            27.21860781573634,
            31.85554433036008,
            8.698883947472819,
            20.88557810360681,
            65.21567419725073
        ],
        [
            26.813626588261272,
            35.48168906245969,
            53.65952459355022,
            103.89941097578716,
            35.30844915893165,
            92.01710907591126,
            0.0,
            102.39081370588309,
            70.12014299345901,
            68.62478809048592,
            80.45446418637457,
            42.6947207984929,
            94.05921512654521,
            61.81415212174864,
            30.541873403983928,
            79.2510220636406,
            82.78133914223582,
            95.3623879762805,
            88.83098582739002,
            26.813626588261272
        ],
        [
            75.85194453284475,
            87.11413515964244,
            48.897138413755705,
            23.088344982402713,
            67.13964729160513,
            14.058806053817497,
            102.39081370588309,
            0.0,
            32.55613827304851,
            53.26659763375952,
            21.937468318818016,
            61.64166649645511,
            13.622200271073549,
            85.80303792055737,
            88.51215744059263,
            28.483707720679533,
            30.422914565954216,
            19.42711629752933,
            33.8447255646502,
            75.85194453284475
        ],
        [
            43.42012504851501,
            59.51393542053276,
            17.67626735668831,
            36.86054020799217,
            34.81246429281677,
            22.220253667642027,
            70.12014299345901,
            32.55613827304851,
            0.0,
            37.52488725776549,
            10.953315936683973,
            31.487618887672223,
            24.415327774053786,
            60.17886736529368,
            59.814292024784194,
            19.74694614369265,
            26.324242402956337,
            27.4748624640099,
            28.6528170290034,
            43.42012504851501
        ],
        [
            49.320991851705735,
            40.21197560266015,
            30.5375465489783,
            69.18997763007987,
            42.499468770689155,
            52.08594802639994,
            68.62478809048592,
            53.26659763375952,
            37.52488725776549,
            0.0,
            38.55372555821931,
            29.577742215014084,
            54.30298867310015,
            88.4235820265316,
            43.52262398481788,
            25.25348724471555,
            23.126569855814108,
            60.22379012213091,
            65.65659264858587,
            49.320991851705735
        ],
        [
