{
    "vertices": [
        [
            18.075827115156418,
            64.2161138878674
        ],
        [
            94.75412239140825,
            28.10199575779323
        ],
        [
            79.13930477491994,
            77.48061905449023
        ],
        [
            63.84966684258993,
            81.592781666003
        ],
        [
            87.38479562604371,
            53.95535651820003
        ],
        [
            97.12676378405551,
            51.566751061247665
        ],
        [
            31.132399853544136,
            21.308354054578395
        ],
        [
            68.39479498514534,
            98.4330424066108
        ],
        [
            89.71650449649391,
            54.37963180030817
        ],
        [
            43.290281679335585,
            43.07167263389524
        ],
        [
            79.55598484272991,
            21.281179789518255
        ],
        [
            60.09984250693522,
            14.980445082032235
        ],
        [
            5.08186098895812,
            56.12111669307176
        ],
        [
            64.67453309008506,
            34.19469365047135
        ],
        [
            16.22964159035547,
            51.46015079239419
        ],
        [
            53.888276763591506,
            15.447637232058964
        ],
        [
            22.1668794364975,
            94.6726650640259
        ],
        [
            18.075827115156418,
            64.2161138878674
        ]
    ],
    "distances": [
        [
            0.0,
            84.75724449735854,
            62.48756197212212,
            48.96113751195397,
            70.06437224326177,
            80.05658603856253,
            44.85030596979265,
            60.850609896350036,
            72.31281377125188,
            32.90677916344496,
            74.98812146091471,
            64.73151436824533,
            15.309217330501841,
            55.432166398294264,
            12.888870993421376,
            60.5053374930661,
            30.730086538145525,
            0.0
        ],
        [
            84.75724449735854,
            0.0,
            51.788714676783606,
            61.77661005467053,
            26.883140433782284,
            23.584405199815752,
            63.98341305585867,
            75.10839010409367,
            26.756153498551345,
            53.596810787699766,
            16.658538814122355,
            37.055285809826856,
            93.94778125647836,
            30.690432713595296,
            81.92495036126272,
            42.78025395640344,
            98.49143034637596,
            84.75724449735854
        ],
        [
            62.48756197212212,
            51.788714676783606,
            0.0,
            15.832969066011215,
            24.928419460072984,
            31.544844839950223,
            73.89171993769219,
            23.54673087604836,
            25.407336855088666,
            49.69032149909192,
            56.200983941352696,
            65.33584674618926,
            77.07615274024992,
            45.63880977826534,
            68.07856116703769,
            66.97540779577965,
            59.509862165326105,
            62.48756197212212
        ],
        [
            48.96113751195397,
            61.77661005467053,
            15.832969066011215,
            0.0,
            36.300544839632465,
            44.82106307005003,
            68.59031835229808,
            17.442837258998466,
            37.54529019499239,
            43.66422058567607,
            62.323171822598376,
            66.71779798318046,
            64.05045449755539,
            47.40526502250928,
            56.35283709263103,
            66.89102648706542,
            43.6868185571732,
            48.96113751195397
        ],
        [
            70.06437224326177,
            26.883140433782284,
            24.928419460072984,
            36.300544839632465,
            0.0,
            10.030522400189257,
            65.03967097092085,
            48.3620167727676,
            2.3699948885058992,
            45.41784599791048,
            33.59898961543427,
            47.576384774056464,
            82.3314251486724,
            30.103817389563698,
            71.19889042293156,
            51.03784106447741,
            76.88482169663047,
            70.06437224326177
        ],
        [
            80.05658603856253,
            23.584405199815752,
            31.544844839950223,
            44.82106307005003,
            10.030522400189257,
            0.0,
            72.60045908949883,
            54.97249580954104,
            7.926174408948527,
            54.502597762847024,
            35.013541664046684,
            52.05334460403902,
            92.15750852137478,
            36.809450630211614,
            80.89719242866069,
            56.339658710580814,
            86.47024970135212,
            80.05658603856253
        ],
        [
            44.85030596979265,
            63.98341305585867,
            73.89171993769219,
            68.59031835229808,
            65.03967097092085,
            72.60045908949883,
            0.0,
            85.65455997401247,
            67.27411633422835,
            24.929021763293235,
            48.4235926139891,
            29.65055085225789,
            43.48055907712533,
            35.93233154470417,
            33.63365948524777,
            23.498466665273913,
            73.91009867561685,
            44.85030596979265
        ],
        [
            60.850609896350036,
            75.10839010409367,
            23.54673087604836,
            17.442837258998466,
            48.3620167727676,
            54.97249580954104,
            85.65455997401247,
            0.0,
            48.941988951551906,
            60.78748104201163,
            77.95500025222097,
            83.86383151772891,
            76.15002737224462,
            64.34598510772246,
            70.19726330351418,
            84.24379231075015,
            46.380606008670725,
            60.850609896350036
        ],
        [
            72.31281377125188,
            26.756153498551345,
            25.407336855088666,
            37.54529019499239,
            2.3699948885058992,
            7.926174408948527,
            67.27411633422835,
            48.941988951551906,
            0.0,
            47.783512905370344,
            34.62287805981887,
            49.289375949238206,
            84.65255844497197,
            32.16414245758988,
            73.54483251147667,
            52.90899832299703,
            78.65418218592804,
            72.31281377125188
        ],
        [
            32.90677916344496,
            53.596810787699766,
            49.69032149909192,
            43.66422058567607,
            45.41784599791048,
            54.502597762847024,
            24.929021763293235,
            60.78748104201163,
            47.783512905370344,
            0.0,
            42.308708374710214,
            32.73649951640094,
            40.37538113636133,
            23.153551871587442,
            28.330986707859854,
            29.587241028656532,
            55.757156868756674,
            32.90677916344496
        ],
        [
            74.98812146091471,
            16.658538814122355,
            56.200983941352696,
            62.323171822598376,
            33.59898961543427,
            35.013541664046684,
            48.4235926139891,
            77.95500025222097,
            34.62287805981887,
            42.308708374710214,
            0.0,
            20.4509347572384,
            82.22053470533095,
            19.703209040745726,
            70.14981140751539,
            26.32226162026272,
            93.16554905181383,
            74.98812146091471
        ],
        [
            64.73151436824533,
            37.055285809826856,
            65.33584674618926,
            66.71779798318046,
            47.576384774056464,
            52.05334460403902,
            29.65055085225789,
