{
    "vertices": [
        [
            2.66583540808798,
            72.89630211770186
        ],
        [
            86.08832197728225,
            47.380615699822656
        ],
        [
            91.39029725617127,
            10.488074759132694
        ],
        [
            55.4344632881405,
            64.08812949557424
        ],
        [
            78.83737517862683,
            45.59061595319797
        ],
        [
            58.89932820002964,
            46.010679968629034
        ],
        [
            72.46889575748341,
            56.369993166068966
        ],
        [
            5.296405914266633,
            92.63627094156632
        ],
        [
            44.9798179595879,
            36.34137734063394
        ],
        [
            77.34216184862657,
            91.76266240446122
        ],
        [
            66.80008427696532,
            79.35491725268122
        ],
        [
            54.749464085099355,
            55.794845017085294
        ],
        [
            4.821790229281331,
            17.545330254116553
        ],
        [
            50.23041619821659,
            2.327884427879534
        ],
        [
            26.553321530774543,
            77.60601508699787
        ],
        [
            71.56817696097649,
            2.3273538913221925
        ],
        [
            96.73019436106345,
            16.3156268311726
        ],
        [
            15.870638973696416,
            34.6212135594685
        ],
        [
            46.713943571507976,
            90.76995368130821
        ],
        [
            17.43553282445648,
            47.88117447356974
        ],
        [
            2.66583540808798,
            72.89630211770186
        ]
    ],
    "distances": [
        [
            0.0,
            87.23738601518814,
            108.47496011647503,
            53.498710202066135,
            80.91788410437559,
            62.33010821363998,
            71.7327409326185,
            19.914473890994906,
            55.91722136181066,
            77.02268030342552,
            64.45863470037881,
            54.81937806222386,
            55.39294384156199,
            85.10165051857632,
            24.347348716332505,
            98.62813556611704,
            109.77010722921737,
            40.488877995653475,
            47.53633613346274,
            29.04996682998632,
            0.0
        ],
        [
            87.23738601518814,
            0.0,
            37.27157789681617,
            34.911317216185076,
            7.468622936649549,
            27.223484467038414,
            16.318629776644883,
            92.60349902942612,
            42.56493728556141,
            45.23562077266991,
            37.341559600223725,
            32.44877916023831,
            86.57016483740576,
            57.58070859169998,
            66.76818887973468,
            47.33530406451231,
            32.83721945052651,
            71.3675370835462,
            58.59160627011934,
            68.6546139567351,
            87.23738601518814
        ],
        [
            108.47496011647503,
            37.27157789681617,
            0.0,
            64.54291490230453,
            37.279541989755614,
            48.14061228398418,
            49.63033217071295,
            118.9978330156448,
            53.12556675376981,
            82.47974724347122,
            73.12537568719856,
            58.26880886612684,
            86.8556921795352,
            41.96098801204821,
            93.32015503132511,
            21.43627341865863,
            7.904104265707316,
            79.28194734905321,
            91.87576754417879,
            82.87068895818507,
            108.47496011647503
        ],
        [
            53.498710202066135,
            34.911317216185076,
            64.54291490230453,
            0.0,
            29.830425612187632,
            18.406506193650436,
            18.701377434655264,
            57.6959372681148,
            29.65100106393561,
            35.29627498677718,
            19.03292276247048,
            8.321525782530065,
            68.75954359500652,
            61.979109197663156,
            31.888141684204275,
            63.833299461298644,
            63.1470459773649,
            49.33148415737884,
            28.070753570337132,
            41.31082312747073,
            53.498710202066135
        ],
        [
            80.91788410437559,
            7.468622936649549,
            37.279541989755614,
            29.830425612187632,
            0.0,
            19.942471539350596,
            12.52008399472183,
            87.3015911288343,
            35.098185077759226,
            46.19625024176553,
            35.84584235993777,
            26.160155803013993,
            79.15077299266811,
            51.86542240393551,
            61.30748769561522,
            43.86970579981168,
            34.31002719891192,
            63.91508160971753,
            55.43543465841941,
            61.44455144942988,
            80.91788410437559
        ],
        [
            62.33010821363998,
            27.223484467038414,
            48.14061228398418,
            18.406506193650436,
            19.942471539350596,
            0.0,
            17.071863800386733,
            71.04378235390624,
            16.94839752441261,
            49.32932200829965,
            34.267478848646164,
            10.627852928405586,
            61.111833938667075,
            44.534668086223604,
            45.2164720946861,
            45.48332338455558,
            48.09335313045259,
            44.51053854562716,
            46.38831945470266,
            41.505964350204124,
            62.33010821363998
        ],
        [
            71.7327409326185,
            16.318629776644883,
            49.63033217071295,
            18.701377434655264,
            12.52008399472183,
            17.071863800386733,
            0.0,
            76.33731915273547,
            34.011686962889954,
            35.726597350060125,
            23.673659600259985,
            17.728763470292183,
            77.99670080567793,
            58.43885257239587,
            50.58862108809238,
            54.050144811376626,
            46.82908148172623,
            60.633093977958694,
            42.97295481523117,
            55.68420852012163,
            71.7327409326185
        ],
        [
            19.914473890994906,
            92.60349902942612,
            118.9978330156448,
            57.6959372681148,
            87.3015911288343,
            71.04378235390624,
            76.33731915273547,
            0.0,
            68.87589010023062,
            72.0510523172942,
            62.921354149060974,
            61.6676221902287,
            75.09244058741555,
            100.86956902308826,
            26.03392119103703,
            112.0162851395073,
            119.10070691292714,
            58.97085117109334,
            41.45956543072951,
            46.372158263352105,
            19.914473890994906
        ],
        [
            55.91722136181066,
            42.56493728556141,
            53.12556675376981,
            29.65100106393561,
            35.098185077759226,
            16.94839752441261,
            34.011686962889954,
            68.87589010023062,
            0.0,
            64.17819053322089,
            48.2316145067378,
            21.768862856301396,
            44.33913144465789,
            34.41636939000808,
            45.19188089668004,
            43.17284592885963,
            55.48992828578524,
            29.15995995653457,
            54.45619445123322,
            29.863934125877236,
            55.91722136181066
        ],
        [
            77.02268030342552,
            45.23562077266991,
            82.47974724347122,
            35.29627498677718,
            46.19625024176553,
            49.32932200829965,
            35.726597350060125,
            72.0510523172942,
