{
    "vertices": [
        [
            66.88268420296832,
            89.94038931319388
        ],
        [
            48.519419523114394,
            11.159028212695565
        ],
        [
            62.83381284982757,
            48.62490070810023
        ],
        [
            45.49240785810241,
            38.099071473276744
        ],
        [
            96.24217752910187,
            81.31531340918362
        ],
        [
            83.02018590772624,
            42.9141889265509
        ],
        [
            42.25261448249763,
            54.36383660928743
        ],
        [
            88.17841372030749,
            89.61945778140674
        ],
        [
            97.51286521064935,
            66.63140678027517
        ],
        [
            68.31532850998731,
            89.70040525069211
        ],
        [
            85.9128574708043,
            72.43994141116895
        ],
        [
            7.972900081410616,
            76.87683219157583
        ],
        [
            48.52209727423102,
            24.072177525397276
        ],
        [
            27.630737070078204,
            84.1209860329226
        ],
        [
            43.05810636186212,
            30.73818322307098
        ],
        [
            66.88268420296832,
            89.94038931319388
        ]
    ],
    "distances": [
        [
            0.0,
            80.89321570162407,
            41.51340696584547,
            56.08088941421168,
            30.600192527453462,
            49.71802976864394,
            43.27044530310591,
            21.298147635974495,
            38.490474864350695,
            1.4526052666463696,
            25.853687771289955,
            60.34085837903128,
            68.37932784467647,
            39.680987995028964,
            63.81623394751772,
            0.0
        ],
        [
            80.89321570162407,
            0.0,
            40.10727437951587,
            27.109568984070993,
            84.84907768661373,
            46.89022406737191,
            43.656938898682704,
            87.91401952384888,
            74.01042159238321,
            80.997690829068,
            71.78871446116419,
            77.21949234903707,
            12.913149590339287,
            75.89324306935613,
            20.3265651885796,
            80.89321570162407
        ],
        [
            41.51340696584547,
            40.10727437951587,
            0.0,
            20.285891850438688,
            46.741650731553506,
            20.978605441844408,
            21.366354661320212,
            48.196498865794354,
            39.07519588654537,
            41.43964390967981,
            33.163209499471776,
            61.70811439617041,
            28.419384553561528,
            49.992285582296056,
            26.664831323063147,
            41.51340696584547
        ],
        [
            56.08088941421168,
            27.109568984070993,
            20.285891850438688,
            0.0,
            66.65720282701886,
            37.835426275260254,
            16.5842951627798,
            66.90624262209883,
            59.33145996214103,
            56.423251897515286,
            53.03874145362238,
            53.9576518218769,
            14.350357897392643,
            49.366546396067655,
            7.752967148557705,
            56.08088941421168
        ],
        [
            30.600192527453462,
            84.84907768661373,
            46.741650731553506,
            66.65720282701886,
            0.0,
            40.61363593630077,
            60.34281249377258,
            11.575106933361218,
            14.738784246692056,
            29.158509243906007,
            13.618629922642418,
            88.38079800871088,
            74.52504723474479,
            68.66878155853465,
            73.39340245406945,
            30.600192527453462
        ],
        [
            49.71802976864394,
            46.89022406737191,
            20.978605441844408,
            37.835426275260254,
            40.61363593630077,
            0.0,
            42.34488531062412,
            46.989248269905886,
            27.794678916986847,
            49.042663763474096,
            29.66711324943445,
            82.37448784328834,
            39.30826265565162,
            69.03615842661085,
            41.775865239647004,
            49.71802976864394
        ],
        [
            43.27044530310591,
            43.656938898682704,
            21.366354661320212,
            16.5842951627798,
            60.34281249377258,
            42.34488531062412,
            0.0,
            57.897649864770884,
            56.605552629033674,
            43.90829244946121,
            47.254231372508706,
            41.011386095915235,
            30.93365520804915,
            33.15550091439386,
            23.63938059876703,
            43.27044530310591
        ],
        [
            21.298147635974495,
            87.91401952384888,
            48.196498865794354,
            66.90624262209883,
            11.575106933361218,
            46.989248269905886,
            57.897649864770884,
            0.0,
            24.810934554268034,
            19.86325015110125,
            17.328258072724196,
            81.21144577583807,
            76.60985173612596,
            60.79682836554551,
            74.18117436206235,
            21.298147635974495
        ],
        [
            38.490474864350695,
            74.01042159238321,
            39.07519588654537,
            59.33145996214103,
            14.738784246692056,
            27.794678916986847,
            56.605552629033674,
            24.810934554268034,
            0.0,
            37.21121927342083,
            12.973020239048324,
            90.12421482156621,
            64.89517191416668,
            72.03747091541902,
            65.21996825058265,
            38.490474864350695
        ],
        [
            1.4526052666463696,
            80.997690829068,
            41.43964390967981,
            56.423251897515286,
            29.158509243906007,
            49.042663763474096,
            43.90829244946121,
            19.86325015110125,
            37.21121927342083,
            0.0,
            24.64947539973781,
            61.68997239957556,
            68.54805815714458,
            41.06538566043111,
            64.1441415647153,
            1.4526052666463696
        ],
        [
            25.853687771289955,
            71.78871446116419,
            33.163209499471776,
            53.03874145362238,
            13.618629922642418,
            29.66711324943445,
            47.254231372508706,
            17.328258072724196,
            12.973020239048324,
            24.64947539973781,
            0.0,
            78.06614475979816,
            61.13517425662093,
            59.44116723164286,
            59.79603940553234,
            25.853687771289955
        ],
        [
            60.34085837903128,
            77.21949234903707,
            61.70811439617041,
            53.9576518218769,
            88.38079800871088,
            82.37448784328834,
            41.011386095915235,
            81.21144577583807,
            90.12421482156621,
            61.68997239957556,
            78.06614475979816,
            0.0,
            66.57754086324161,
            20.95013890049722,
            57.96332140570232,
            60.34085837903128
        ],
        [
            68.37932784467647,
            12.913149590339287,
            28.419384553561528,
            14.350357897392643,
            74.52504723474479,
            39.30826265565162,
            30.93365520804915,
            76.60985173612596,
            64.89517191416668,
            68.54805815714458,
            61.13517425662093,
            66.57754086324161,
            0.0,
            63.57915015437927,
            8.619212762884334,
            68.37932784467647
        ],
        [
            39.680987995028964,
