{
    "vertices": [
        [
            80.3225592673234,
            22.52223147681476
        ],
        [
            35.502192781940636,
            28.424872796014288
        ],
        [
            25.567721901258743,
            6.48646872691101
        ],
        [
            84.48599761127299,
            23.41818920879799
        ],
        [
            21.210826470925248,
            31.22089158013783
        ],
        [
            38.51109032425663,
            70.89013857895955
        ],
        [
            20.769866323899468,
            98.85304037196919
        ],
        [
            96.83718288351528,
            22.182597283309104
        ],
        [
            28.05077952487014,
            0.699857930993597
        ],
        [
            80.3225592673234,
            22.52223147681476
        ]
    ],
    "distances": [
        [
            0.0,
            45.20737137267709,
            57.05469219928709,
            4.25875088510355,
            59.7483358913528,
            63.93475872026691,
            96.81381938237082,
            16.51811564827783,
            56.64410776609428,
            0.0
        ],
        [
            45.20737137267709,
            0.0,
            24.082925170717193,
            49.23900908934526,
            14.562309984229744,
            42.57173078976631,
            71.95254151851125,
            61.651820851754074,
            28.708883795669664,
            45.20737137267709
        ],
        [
            57.05469219928709,
            24.082925170717193,
            0.0,
            61.30290671018794,
            25.115218726363704,
            65.69142620270262,
            92.4910967369447,
            72.97742473094239,
            6.296859508167754,
            57.05469219928709
        ],
        [
            4.25875088510355,
            49.23900908934526,
            61.30290671018794,
            0.0,
            63.75444648913524,
            66.08538474619735,
            98.74290939728083,
            12.412834689771236,
            60.83630837343697,
            4.25875088510355
        ],
        [
            59.7483358913528,
            14.562309984229744,
            25.115218726363704,
            63.75444648913524,
            0.0,
            43.27757256187563,
            67.63358630186396,
            76.16453602589715,
            31.278082626535223,
            59.7483358913528
        ],
        [
            63.93475872026691,
            42.57173078976631,
            65.69142620270262,
            66.08538474619735,
            43.27757256187563,
            0.0,
            33.116082282123145,
            75.98919431273568,
            70.96543947204148,
            63.93475872026691
        ],
        [
            96.81381938237082,
            71.95254151851125,
            92.4910967369447,
            98.74290939728083,
            67.63358630186396,
            33.116082282123145,
            0.0,
            108.00274761316153,
            98.42285771268536,
            96.81381938237082
        ],
        [
            16.51811564827783,
            61.651820851754074,
            72.97742473094239,
            12.412834689771236,
            76.16453602589715,
            75.98919431273568,
            108.00274761316153,
            0.0,
            72.0630097699073,
            16.51811564827783
        ],
        [
            56.64410776609428,
            28.708883795669664,
            6.296859508167754,
            60.83630837343697,
            31.278082626535223,
            70.96543947204148,
            98.42285771268536,
            72.0630097699073,
            0.0,
            56.64410776609428
        ],
        [
            0.0,
            45.20737137267709,
            57.05469219928709,
            4.25875088510355,
            59.7483358913528,
            63.93475872026691,
            96.81381938237082,
            16.51811564827783,
            56.64410776609428,
            0.0
        ]
    ],
    "scores_ave": [
        0,
        17.181089914693377,
        13.755250711970488,
        15.88284276082705,
        13.779690411932423,
        19.925845365400953,
        17.087381934593058,
        16.674547250924665,
        17.796773652075707,
        0
    ],
    "scores_var": [
        0,
        232.63228649080358,
        395.73952271022233,
        21.35996902764932,
        365.36546232257706,
        24.371957242690428,
        226.65699179459193,
        373.18275833405164,
        290.9583548550627,
        0
    ],
    "vertex_number": 10,
    "minimum_distances": {
        "cost": 298.73878187447576,
        "path": [
            0,
            1,
            8,
            2,
            4,
            6,
            5,
            7,
            3,
            9
        ]
    }
}