{
    "vertices": [
        [
            24.66803447568562,
            92.84048263538189
        ],
        [
            53.67324721104496,
            65.64093247343618
        ],
        [
            18.36885749768422,
            86.79099227356511
        ],
        [
            89.44422199946895,
            84.22263586095615
        ],
        [
            67.61680232779608,
            38.12449999269083
        ],
        [
            34.48649979966921,
            80.14182152156718
        ],
        [
            1.257832187080965,
            35.1276099303433
        ],
        [
            88.05551372403674,
            16.19764999133384
        ],
        [
            73.83900025514984,
            87.92846557782433
        ],
        [
            66.56135568972292,
            58.61373792252087
        ],
        [
            67.90005444063918,
            52.845296571199626
        ],
        [
            71.55147695350256,
            14.500723183955898
        ],
        [
            62.601969339223494,
            6.890430794944324
        ],
        [
            17.179664041127964,
            39.93517940924244
        ],
        [
            58.92745590487646,
            53.50218587239286
        ],
        [
            47.54266322554221,
            47.65120690380616
        ],
        [
            74.89558742572949,
            80.62319671040176
        ],
        [
            24.66803447568562,
            92.84048263538189
        ]
    ],
    "distances": [
        [
            0.0,
            39.76327319066745,
            8.733611179683749,
            65.3469337700234,
            69.5588629620248,
            16.051736834429413,
            62.28011919594711,
            99.45901829981885,
            49.41570385271243,
            54.097323556548226,
            58.8950121704606,
            91.2971800740749,
            93.94889475456877,
            53.43263797731606,
            52.16521397325898,
            50.64898105182517,
            51.69206080939489,
            0.0
        ],
        [
            39.76327319066745,
            0.0,
            41.1548898987943,
            40.309333138813344,
            30.84763825256796,
            24.05009479012795,
            60.6501326029318,
            60.22274016661285,
            30.05647563695755,
            14.67940064902462,
            19.134532711582988,
            54.1751982451005,
            59.42510855115622,
            44.638182682283954,
            13.227088796960402,
            19.005638270626505,
            25.977990027214844,
            39.76327319066745
        ],
        [
            8.733611179683749,
            41.1548898987943,
            0.0,
            71.1217540118616,
            69.23718322486941,
            17.43530513251663,
            54.4232694931316,
            99.19501010930993,
            55.481804071709114,
            55.82539336854774,
            60.04706260358941,
            89.7456072308305,
            91.32725720060239,
            46.87090121017029,
            52.47041582044708,
            48.816326566401905,
            56.86222734352873,
            8.733611179683749
        ],
        [
            65.3469337700234,
            40.309333138813344,
            71.1217540118616,
            0.0,
            51.00465057278974,
            55.10902172115673,
            100.93146644763462,
            68.03915941012622,
            16.03920570289543,
            34.34299381490939,
            38.061641802573774,
            71.98121583176547,
            81.85827061603585,
            84.75579706354523,
            43.301490278879406,
            55.6166345948108,
            14.98728561677367,
            65.3469337700234
        ],
        [
            69.5588629620248,
            30.84763825256796,
            69.23718322486941,
            51.00465057278974,
            0.0,
            53.50768406561982,
            66.42660813395577,
            29.975451197952417,
            50.191141997889694,
            20.516404133059133,
            14.72352144241541,
            23.949206565544102,
            31.63408965898802,
            50.46962926848192,
            17.662897957931285,
            22.220018120310574,
            43.11751309161825,
            69.5588629620248
        ],
        [
            16.051736834429413,
            24.05009479012795,
            17.43530513251663,
            55.10902172115673,
            53.50768406561982,
            0.0,
            55.950188529506725,
            83.41760201250685,
            40.11547229882066,
            38.62971348347331,
            43.14586779879534,
            75.38279858417398,
            78.46174781901034,
            43.7732867616962,
            36.152877103453704,
            35.0157599038343,
            40.41195472682611,
            16.051736834429413
        ],
        [
            62.28011919594711,
            60.6501326029318,
            54.4232694931316,
            100.93146644763462,
            66.42660813395577,
            55.950188529506725,
            0.0,
            88.83794742948137,
            89.75497933391433,
            69.39847541499061,
            68.95724912433955,
            73.2575248789922,
            67.5310406292209,
            16.631820522209473,
            60.52611453581229,
            47.94920296952426,
            86.55846239998108,
            62.28011919594711
        ],
        [
            99.45901829981885,
            60.22274016661285,
            99.19501010930993,
            68.03915941012622,
            29.975451197952417,
            83.41760201250685,
            88.83794742948137,
            0.0,
            73.12604980384315,
            47.551270697955566,
            41.82454469288871,
            16.59104548582585,
            27.101794238007557,
            74.74527658080045,
            47.32940047811258,
            51.28954374879449,
            65.75587221098722,
            99.45901829981885
        ],
        [
            49.41570385271243,
            30.05647563695755,
            55.481804071709114,
            16.03920570289543,
            50.191141997889694,
            40.11547229882066,
            89.75497933391433,
            73.12604980384315,
            0.0,
            30.204591835105163,
            35.58229651013388,
            73.4633658085163,
            81.81340932436903,
            74.25386116204977,
            37.51696801804182,
            48.10150629105584,
            7.381282386846268,
            49.41570385271243
        ],
        [
            54.097323556548226,
            14.67940064902462,
            55.82539336854774,
            34.34299381490939,
            20.516404133059133,
            38.62971348347331,
            69.39847541499061,
            47.551270697955566,
            30.204591835105163,
            0.0,
            5.92174213972017,
            44.39436202438409,
            51.87463002746268,
            52.79621215779479,
            9.187186200695328,
            21.951941813501737,
            23.53456383205107,
            54.097323556548226
        ],
        [
            58.8950121704606,
            19.134532711582988,
            60.04706260358941,
            38.061641802573774,
            14.72352144241541,
            43.14586779879534,
            68.95724912433955,
            41.82454469288871,
            35.58229651013388,
            5.92174213972017,
            0.0,
            38.518037263302574,
            46.25926279412031,
            52.337645413357016,
            8.99661203109223,
            21.009567928861145,
            28.64523028165374,
            58.8950121704606
        ],
        [
            91.2971800740749,
            54.1751982451005,
            89.7456072308305,
            71.98121583176547,
            23.949206565544102,
            75.38279858417398,
            73.2575248789922,
            16.59104548582585,
