{
    "vertices": [
        [
            3.5321095646015377,
            29.628716968845858
        ],
        [
            16.225352781338962,
            12.430675373186018
        ],
        [
            71.21178150383334,
            0.8251117181144796
        ],
        [
            86.741222803562,
            19.378986407443044
        ],
        [
            63.27548417055257,
            71.61358777603436
        ],
        [
            78.48198916418487,
            4.220289729053217
        ],
        [
            18.81939227049495,
            66.07353047817233
        ],
        [
            40.18041083732703,
            80.78677014283474
        ],
        [
            35.90427778729973,
            6.285603351211111
        ],
        [
            53.424685207392486,
            68.89990448935546
        ],
        [
            69.49049313590122,
            83.43729158614664
        ],
        [
            87.12092937967712,
            96.78343799968154
        ],
        [
            31.97912924352525,
            1.0442637462082405
        ],
        [
            47.96179497455726,
            22.623903451933145
        ],
        [
            19.00076239187146,
            45.285632571424216
        ],
        [
            53.74145440455651,
            35.84832755368921
        ],
        [
            13.465264973258783,
            19.788760540471117
        ],
        [
            3.5321095646015377,
            29.628716968845858
        ]
    ],
    "distances": [
        [
            0.0,
            21.375010130647812,
            73.55396433396368,
            83.83801943387915,
            73.0205463277515,
            79.13957686765752,
            39.52120246474661,
            62.93047267206188,
            39.91062801816673,
            63.49405699388444,
            85.12268243943163,
            107.22335265606338,
            40.32745832122614,
            44.97848772507091,
            22.009503094728593,
            50.59310096331917,
            13.981856775294549,
            0.0
        ],
        [
            21.375010130647812,
            0.0,
            56.19783315578877,
            70.8573704791522,
            75.60642819380826,
            62.79569416871888,
            53.70553923652435,
            72.43204055266534,
            20.616061688535154,
            67.62073772089799,
            88.76437755657334,
            110.18879863186062,
            19.43789707143006,
            33.33322159271206,
            32.97197463004453,
            44.22492865625237,
            7.85872139965108,
            21.375010130647812
        ],
        [
            73.55396433396368,
            56.19783315578877,
            0.0,
            24.195243604250514,
            71.23196724761247,
            8.023911337408707,
            83.67985779305256,
            85.77186475455541,
            35.72725552807202,
            70.3602032793131,
            82.63011010638722,
            97.26819299696663,
            39.233264342770084,
            31.870820426620966,
            68.5764422470081,
            39.13870177229923,
            60.78059022478795,
            73.55396433396368
        ],
        [
            83.83801943387915,
            70.8573704791522,
            24.195243604250514,
            0.0,
            57.26337808519816,
            17.262706198543885,
            82.42424102735771,
            77.06377303407695,
            52.49601564351045,
            59.685115439885486,
            66.34044118359958,
            77.40538290958283,
            57.74988265046618,
            38.91495225964706,
            72.52533551975843,
            36.881213539950636,
            73.27710359169824,
            83.83801943387915
        ],
        [
            73.0205463277515,
            75.60642819380826,
            71.23196724761247,
            57.26337808519816,
            0.0,
            69.08758510594068,
            44.799959172860454,
            24.85014460725818,
            70.83027945649071,
            10.217745210808316,
            13.357631085960849,
            34.671697643787105,
            77.19774171402335,
            51.327363530251894,
            51.511282393623034,
            37.01420757426753,
            71.88094778505938,
            73.0205463277515
        ],
        [
            79.13957686765752,
            62.79569416871888,
            8.023911337408707,
            17.262706198543885,
            69.08758510594068,
            0.0,
            85.93863426461597,
            85.61213012933632,
            42.62777294735446,
            69.36368680458234,
            79.72565699982273,
            92.96541134108519,
            46.61119095071694,
            35.63951811449691,
            72.27986387024289,
            40.1550350121748,
            66.85470595197413,
            79.13957686765752
        ],
        [
            39.52120246474661,
            53.70553923652435,
            83.67985779305256,
            82.42424102735771,
            44.799959172860454,
            85.93863426461597,
            0.0,
            25.937859118330103,
            62.18110278260712,
            34.72052259542736,
            53.563613234424146,
            74.88790550854414,
            66.34745065860686,
            52.317776367932844,
            20.788689100140747,
            46.18563971107728,
            46.59341806844546,
            39.52120246474661
        ],
        [
            62.93047267206188,
            72.43204055266534,
            85.77186475455541,
            77.06377303407695,
            24.85014460725818,
            85.61213012933632,
            25.937859118330103,
            0.0,
            74.62378419227251,
            17.796302387109463,
            29.429682095983438,
            49.59138698954677,
            80.16313583061013,
            58.68107872896278,
            41.33894383190389,
            46.94002050457823,
            66.59171265246516,
            62.93047267206188
        ],
        [
            39.91062801816673,
            20.616061688535154,
            35.72725552807202,
            52.49601564351045,
            70.83027945649071,
            42.62777294735446,
            62.18110278260712,
            74.62378419227251,
            0.0,
            65.01934622236882,
            84.14521292945501,
            103.9855926385808,
            6.5481624861992085,
            20.305757087640547,
            42.50565976315339,
            34.52708403481238,
            26.188633987792457,
            39.91062801816673
        ],
        [
            63.49405699388444,
            67.62073772089799,
            70.3602032793131,
            59.685115439885486,
            10.217745210808316,
            69.36368680458234,
            34.72052259542736,
            17.796302387109463,
            65.01934622236882,
            0.0,
            21.666698133257054,
            43.73703593454526,
            71.16389429522827,
            46.59733298925506,
            41.74494340902794,
            33.0530948726218,
            63.31397733057159,
            63.49405699388444
        ],
        [
            85.12268243943163,
            88.76437755657334,
            82.63011010638722,
            66.34044118359958,
            13.357631085960849,
            79.72565699982273,
            53.563613234424146,
            29.429682095983438,
            84.14521292945501,
            21.666698133257054,
            0.0,
            22.11225692319437,
            90.53017981700418,
            64.51165027252638,
            63.28318889073365,
            50.127255247459175,
            84.79364183090891,
            85.12268243943163
        ],
        [
            107.22335265606338,
            110.18879863186062,
            97.26819299696663,
            77.40538290958283,
            34.671697643787105,
            92.96541134108519,
            74.88790550854414,
