{
    "vertices": [
        [
            17.254250472620726,
            71.27412913480678
        ],
        [
            31.999884497517893,
            85.14338861496341
        ],
        [
            13.617499747650418,
            78.41118331563392
        ],
        [
            78.38177477038764,
            53.19537550061825
        ],
        [
            49.943051344200484,
            29.105007545239094
        ],
        [
            51.65151300182569,
            66.96896045413226
        ],
        [
            41.71858645901825,
            57.555972888845865
        ],
        [
            46.415622454179484,
            73.89186190294697
        ],
        [
            93.13242513238973,
            11.998696686973387
        ],
        [
            97.3253539872913,
            6.25311733673265
        ],
        [
            96.11724948805713,
            43.04102353661767
        ],
        [
            54.765124851745284,
            82.19702179005954
        ],
        [
            22.044679822180235,
            83.26837588432947
        ],
        [
            22.161823661674774,
            3.2016428826530996
        ],
        [
            80.95834712449025,
            11.184787514218296
        ],
        [
            17.254250472620726,
            71.27412913480678
        ]
    ],
    "distances": [
        [
            0.0,
            20.243272495427206,
            8.010212120514296,
            63.74492575679863,
            53.35534198238764,
            34.66563351320885,
            28.048022141390675,
            29.278629419633617,
            96.28641794965722,
            103.14607890415606,
            83.76443675825213,
            39.06885307562327,
            12.915501091384597,
            68.2491586699468,
            87.57248943947249,
            0.0
        ],
        [
            20.243272495427206,
            0.0,
            19.57638008633058,
            56.320114410740494,
            58.840949936277596,
            26.76744929657167,
            29.249250832493274,
            18.286890227328243,
            95.32750642765615,
            102.42603119525893,
            76.70492577742534,
            22.95511371900905,
            10.130240513823159,
            82.53021952393162,
            88.69501530286685,
            20.243272495427206
        ],
        [
            8.010212120514296,
            19.57638008633058,
            0.0,
            69.49998764736976,
            61.2425070346952,
            39.717888013224616,
            34.99444064855763,
            33.10802197510006,
            103.6013597359739,
            110.51602303385891,
            89.76222429297792,
            41.32141847349361,
            9.72675093018957,
            75.6933315642002,
            95.15344459282296,
            8.010212120514296
        ],
        [
            63.74492575679863,
            56.320114410740494,
            69.49998764736976,
            0.0,
            37.27072334066948,
            30.070226748189178,
            36.92159512720368,
            38.081221662451924,
            43.75783394292555,
            50.62049777582188,
            20.436680925969757,
            37.40109143965686,
            63.861205902190974,
            75.2333450256112,
            42.08952634633678,
            63.74492575679863
        ],
        [
            53.35534198238764,
            58.840949936277596,
            61.2425070346952,
            37.27072334066948,
            0.0,
            37.90247711063823,
            29.61586148722858,
            44.92555038986937,
            46.45371760575839,
            52.60505194240457,
            48.23141212882009,
            53.31054651271531,
            60.92609952570942,
            37.983955986590466,
            35.82014598377649,
            53.35534198238764
        ],
        [
            34.66563351320885,
            26.76744929657167,
            39.717888013224616,
            30.070226748189178,
            37.90247711063823,
            0.0,
            13.684566657700378,
            8.679925938447386,
            68.86505623184078,
            75.9770580887565,
            50.49502833340655,
            15.54311522194708,
            33.796974928142696,
            70.25605004297128,
            63.014002228739635,
            34.66563351320885
        ],
        [
            28.048022141390675,
            29.249250832493274,
            34.99444064855763,
            36.92159512720368,
            29.61586148722858,
            13.684566657700378,
            0.0,
            16.997747410197316,
            68.69387324984059,
            75.657752958599,
            56.301849827911255,
            27.881776395791285,
            32.375766711495395,
            57.7655620723426,
            60.745745942671554,
            28.048022141390675
        ],
        [
            29.278629419633617,
            18.286890227328243,
            33.10802197510006,
            38.081221662451924,
            44.92555038986937,
            8.679925938447386,
            16.997747410197316,
            0.0,
            77.54497761252262,
            84.6569579613342,
            58.49808507737713,
            11.776666380494127,
            26.112484738439964,
            74.73522476720345,
            71.5917383923763,
            29.278629419633617
        ],
        [
            96.28641794965722,
            95.32750642765615,
            103.6013597359739,
            43.75783394292555,
            46.45371760575839,
            68.86505623184078,
            68.69387324984059,
            77.54497761252262,
            0.0,
            7.11282886425499,
            31.185497152912788,
            79.99909110798518,
            100.66198242724641,
            71.51373594458028,
            12.201254996266437,
            96.28641794965722
        ],
        [
            103.14607890415606,
            102.42603119525893,
            110.51602303385891,
            50.62049777582188,
            52.60505194240457,
            75.9770580887565,
            75.657752958599,
            84.6569579613342,
            7.11282886425499,
            0.0,
            36.80773776059334,
            87.05658922612477,
            107.69647139951618,
            75.22544640847121,
            17.093866864652888,
            103.14607890415606
        ],
        [
            83.76443675825213,
            76.70492577742534,
            89.76222429297792,
            20.436680925969757,
            48.23141212882009,
            50.49502833340655,
            56.301849827911255,
            58.49808507737713,
            31.185497152912788,
            36.80773776059334,
            0.0,
            56.94901589281953,
            84.29107576613993,
            84.00345981001634,
            35.27906028202805,
            83.76443675825213
        ],
        [
            39.06885307562327,
            22.95511371900905,
            41.32141847349361,
            37.40109143965686,
            53.31054651271531,
            15.54311522194708,
            27.881776395791285,
            11.776666380494127,
            79.99909110798518,
            87.05658922612477,
            56.94901589281953,
            0.0,
            32.7379798174551,
            85.45902607223631,
            75.68898407216459,
            39.06885307562327
        ],
        [
            12.915501091384597,
            10.130240513823159,
            9.72675093018957,
            63.861205902190974,
            60.92609952570942,
            33.796974928142696,
            32.375766711495395,
            26.112484738439964,
            100.66198242724641,
            107.69647139951618,
            84.29107576613993,
            32.7379798174551,
            0.0,
            80.0668186968913,
            93.09599297133524,
            12.915501091384597
        ],
        [
            68.2491586699468,
            82.53021952393162,
