{
    "vertices": [
        [
            5.5161924584651745,
            64.26997092311743
        ],
        [
            21.407386815623674,
            75.19073053300154
        ],
        [
            55.562028902241146,
            5.651098741918547
        ],
        [
            36.16033771277459,
            82.21026794876558
        ],
        [
            73.74129496978797,
            17.41378220583392
        ],
        [
            55.29414380307161,
            52.5626006303451
        ],
        [
            12.659053469962679,
            49.98017659708302
        ],
        [
            73.80902848952817,
            82.89506382581312
        ],
        [
            21.279082075694213,
            43.39508554259398
        ],
        [
            8.10557728983431,
            28.719448312309538
        ],
        [
            56.17187042301013,
            22.977011138479153
        ],
        [
            71.23791313619387,
            73.3280815039323
        ],
        [
            64.80437061414781,
            36.71771953493739
        ],
        [
            96.23500510551506,
            21.627570223013425
        ],
        [
            6.402223366607796,
            0.7107478606407813
        ],
        [
            9.52976015413114,
            76.9694862863362
        ],
        [
            85.17611996344627,
            22.256824150423217
        ],
        [
            50.10158011404613,
            5.844422020169149
        ],
        [
            5.5161924584651745,
            64.26997092311743
        ]
    ],
    "distances": [
        [
            0.0,
            19.281935809297323,
            77.07631232196378,
            35.5094057361665,
            82.76573586811267,
            51.13616097477492,
            15.975565257916108,
            70.78704358002037,
            26.157781418441026,
            35.6446990688165,
            65.3537010262115,
            66.34300216402377,
            65.37747796892621,
            100.241095891649,
            63.5653985048143,
            13.318649184820629,
            90.06002749190559,
            73.49422805233912,
            0.0
        ],
        [
            19.281935809297323,
            0.0,
            77.47451171646287,
            16.337792559126747,
            77.95520316623325,
            40.74732582658458,
            26.685302435660365,
            52.96497712268938,
            31.795903862955644,
            48.33754449592558,
            62.728317477022806,
            49.86532677914115,
            57.995437562506005,
            92.02273958827337,
            75.97646180895002,
            12.010078565097709,
            82.87611098620503,
            75.04843258459275,
            19.281935809297323
        ],
        [
            77.07631232196378,
            77.47451171646287,
            0.0,
            78.97931381478355,
            21.65286209781348,
            46.91226675246257,
            61.69061877167325,
            79.36991329099698,
            50.989498749462186,
            52.766121247846804,
            17.336641746709375,
            69.46875083291907,
            32.41227865820113,
            43.69826809174848,
            49.40742400825437,
            84.88393350943377,
            33.95209133063833,
            5.463869952553225,
            77.07631232196378
        ],
        [
            35.5094057361665,
            16.337792559126747,
            78.97931381478355,
            0.0,
            74.90602721401937,
            35.285786273297425,
            39.888458852144716,
            37.65491817275443,
            41.57006320130521,
            60.40146825838299,
            62.52231724565373,
            36.184658815946406,
            53.759209276545846,
            85.31839734827565,
            86.76241780883123,
            27.141360569068386,
            77.44005638509219,
            77.6279631581374,
            35.5094057361665
        ],
        [
            82.76573586811267,
            77.95520316623325,
            21.65286209781348,
            74.90602721401937,
            0.0,
            39.69555167530667,
            69.22145816355908,
            65.48131665158178,
            58.54324815742596,
            66.6022936652612,
            18.429166966033513,
            55.970311653608775,
            21.272296851642245,
            22.884995196063226,
            69.37969386437885,
            87.57855383543775,
            12.418143094385881,
            26.31893260689777,
            82.76573586811267
        ],
        [
            51.13616097477492,
            40.74732582658458,
            46.91226675246257,
            35.285786273297425,
            39.69555167530667,
            0.0,
            42.71322794638598,
            35.53673139805075,
            35.22879159439675,
            52.87018745980825,
            29.598606548291386,
            26.180316584394568,
            18.479844991928946,
            51.31403541418709,
            71.26734539476409,
            51.86593176828152,
            42.56022306450221,
            47.00586059542882,
            51.13616097477492
        ],
        [
            15.975565257916108,
            26.685302435660365,
            61.69061877167325,
            39.888458852144716,
            69.22145816355908,
            42.71322794638598,
            0.0,
            69.44572878279487,
            10.847502816756561,
            21.74287728250251,
            51.2107038027613,
            63.060347789520506,
            53.80545388148774,
            88.2542349125022,
            49.66512388948213,
            27.170118037265198,
            77.63574694496111,
            57.87838658399587,
            15.975565257916108
        ],
        [
            70.78704358002037,
            52.96497712268938,
            79.36991329099698,
            37.65491817275443,
            65.48131665158178,
            35.53673139805075,
            69.44572878279487,
            0.0,
            65.72399527276968,
            85.15832792990668,
            62.459926212776395,
            9.906451680966889,
            47.04711456838478,
            65.24285554411222,
            106.29176434485716,
            64.551814900205,
            61.69446392916023,
            80.6154111267678,
            70.78704358002037
        ],
        [
            26.157781418441026,
            31.795903862955644,
            50.989498749462186,
            41.57006320130521,
            58.54324815742596,
            35.22879159439675,
            10.847502816756561,
            65.72399527276968,
            0.0,
            19.72094207835885,
            40.42776819245102,
            58.23975487717167,
            44.034508730719914,
            78.05264326363714,
            45.2025840898187,
            35.57087222599301,
            67.30273059477274,
            47.33696995103475,
            26.157781418441026
        ],
        [
            35.6446990688165,
            48.33754449592558,
            52.766121247846804,
            60.40146825838299,
            66.6022936652612,
            52.87018745980825,
            21.74287728250251,
            85.15832792990668,
            19.72094207835885,
            0.0,
            48.40809973816132,
            77.3021473481965,
            57.26015636534653,
            88.41431321880367,
            28.06044752991443,
            48.27105200144256,
            77.34102442470514,
            47.82186823073019,
            35.6446990688165
        ],
        [
            65.3537010262115,
            62.728317477022806,
            17.336641746709375,
            62.52231724565373,
            18.429166966033513,
            29.598606548291386,
            51.2107038027613,
            62.459926212776395,
            40.42776819245102,
            48.40809973816132,
            0.0,
            52.55678766802905,
            16.227357356836944,
