{
    "vertices": [
        [
            91.46274859783813,
            38.96767840365267
        ],
        [
            59.238547903098315,
            2.355131151588963
        ],
        [
            95.03884326641312,
            34.535652560743316
        ],
        [
            50.07384321791973,
            83.2889525141548
        ],
        [
            24.83438998324019,
            53.4342750034891
        ],
        [
            36.645838473603796,
            15.579762148109843
        ],
        [
            49.26197563287317,
            13.289449398834364
        ],
        [
            29.21342714725812,
            31.27939900452821
        ],
        [
            61.446966033253226,
            72.66019878942514
        ],
        [
            61.81491821713362,
            65.56698097414409
        ],
        [
            75.33768740310303,
            59.948351307448696
        ],
        [
            79.93544818476863,
            25.900434753580537
        ],
        [
            27.35206593463343,
            75.7820348989316
        ],
        [
            69.29125863167627,
            22.754245339296375
        ],
        [
            81.20664492286016,
            68.9958832701552
        ],
        [
            32.767569560019474,
            75.60914314525594
        ],
        [
            7.811266477633383,
            12.295509297080498
        ],
        [
            68.58118793198071,
            47.088847540491116
        ],
        [
            91.46274859783813,
            38.96767840365267
        ]
    ],
    "distances": [
        [
            0.0,
            48.773740134415235,
            5.694849089381288,
            60.64170864451384,
            68.18079340149883,
            59.597720278083365,
            49.399156710053354,
            62.722305930001035,
            45.12353191972158,
            39.83110271533512,
            26.461410280444852,
            17.42502543537606,
            73.92886091171445,
            27.467260130052612,
            31.73138430791419,
            69.19335936845198,
            87.80076916380925,
            24.28001661149454,
            0.0
        ],
        [
            48.773740134415235,
            0.0,
            48.13779291020332,
            81.45106047384682,
            61.58510387112815,
            26.178643669214633,
            14.801733337520613,
            41.69078012260457,
            70.33974442801393,
            63.26433151456122,
            59.80101421014479,
            31.348732079294088,
            80.05159540100844,
            22.74161059897896,
            70.16827723122366,
            77.89006976250602,
            52.379159906296096,
            45.69890922847074,
            48.773740134415235
        ],
        [
            5.694849089381288,
            48.13779291020332,
            0.0,
            66.32296348707831,
            72.70366697094904,
            61.39274216117751,
            50.467046269181914,
            65.90590712889305,
            50.81235323413573,
            45.461770079710675,
            32.154949851325206,
            17.397687477632886,
            79.26388762576521,
            28.315007869334938,
            37.1326973375391,
            74.59720609924102,
            90.0181877446481,
            29.28464153776149,
            5.694849089381288
        ],
        [
            60.64170864451384,
            81.45106047384682,
            66.32296348707831,
            0.0,
            39.0938840338412,
            69.02786228356408,
            70.00421105453161,
            56.037046807552485,
            15.566577283192794,
            21.258436381872375,
            34.39542829655869,
            64.69279265847072,
            23.929750834327837,
            63.51188729624356,
            34.25701636764225,
            18.93374183474463,
            82.6207865645477,
            40.656726484916994,
            60.64170864451384
        ],
        [
            68.18079340149883,
            61.58510387112815,
            72.70366697094904,
            39.0938840338412,
            0.0,
            39.6544380739229,
            46.99270117261081,
            22.58350054825831,
            41.35355934427663,
            38.91994376445264,
            50.921667690413805,
            61.59739421303234,
            22.489132142894533,
            54.015529158012,
            58.480721428712556,
            23.55122322305519,
            44.52173376828359,
            44.20460134936291,
            68.18079340149883
        ],
        [
            59.597720278083365,
            26.178643669214633,
            61.39274216117751,
            69.02786228356408,
            39.6544380739229,
            0.0,
            12.822341802923178,
            17.37007010772845,
            62.23561822134663,
            55.966102429041776,
            58.869609116872795,
            44.50288296250356,
            60.91541555608445,
            33.42449201345778,
            69.56254356428543,
            60.154530607981634,
            29.021007201341163,
            44.86300265578564,
            59.597720278083365
        ],
        [
            49.399156710053354,
            14.801733337520613,
            50.467046269181914,
            70.00421105453161,
            46.99270117261081,
            12.822341802923178,
            0.0,
            26.936640161598874,
            60.60824922613826,
            53.76352550876146,
            53.45087344133675,
            33.16472327654049,
            66.2221064711172,
            22.152980378286106,
            64.21579767243011,
            64.465569572788,
            41.4626242102228,
            38.93110939334015,
            49.399156710053354
        ],
        [
            62.722305930001035,
            41.69078012260457,
            65.90590712889305,
            56.037046807552485,
            22.58350054825831,
            17.37007010772845,
            26.936640161598874,
            0.0,
            52.45351866131274,
            47.312741384349096,
            54.30797556801436,
            51.00643757941376,
            44.54154540553914,
            40.97451429253597,
            64.23260760719955,
            44.471992803027995,
            28.608399985895243,
            42.423569536454636,
            62.722305930001035
        ],
        [
            45.12353191972158,
            70.33974442801393,
            50.81235323413573,
            15.566577283192794,
            41.35355934427663,
            62.23561822134663,
            60.60824922613826,
            52.45351866131274,
            0.0,
            7.102754943304945,
            18.829317740689195,
            50.28219868854951,
            34.237524347263815,
            50.51868086298467,
            20.096569807933406,
            28.830609686281676,
            80.75075234527479,
            26.547902493354204,
            45.12353191972158
        ],
        [
            39.83110271533512,
            63.26433151456122,
            45.461770079710675,
            21.258436381872375,
            38.91994376445264,
            55.966102429041776,
            53.76352550876146,
            47.312741384349096,
            7.102754943304945,
            0.0,
            14.643574897833982,
            43.60950005877232,
            35.94489552261552,
            43.46062584148419,
            19.69254771697097,
            30.734239620964445,
            75.8567340177615,
            19.678003482211825,
            39.83110271533512
        ],
        [
            26.461410280444852,
            59.80101421014479,
            32.154949851325206,
            34.39542829655869,
            50.921667690413805,
            58.869609116872795,
            53.45087344133675,
            54.30797556801436,
            18.829317740689195,
            14.643574897833982,
            0.0,
            34.356950182817336,
