{
    "vertices": [
        [
            24.18600166186845,
            71.85289747358323
        ],
        [
            80.9936311629875,
            98.06625352107282
        ],
        [
            12.059732628230524,
            97.17392724915541
        ],
        [
            54.87570799594308,
            96.20446551479297
        ],
        [
            8.850863125472374,
            83.9886075667822
        ],
        [
            73.27193297627633,
            60.359894863752196
        ],
        [
            45.37339650740544,
            52.33734733827398
        ],
        [
            19.623967244972484,
            20.60957041158091
        ],
        [
            48.97976952579277,
            71.22463432449979
        ],
        [
            25.857972207162337,
            51.95543619196431
        ],
        [
            37.31869334872112,
            55.07394874012781
        ],
        [
            45.754220762526046,
            96.13094713483264
        ],
        [
            58.495667463827886,
            8.957781367944895
        ],
        [
            83.62214830609295,
            19.24447822564799
        ],
        [
            46.8257115481276,
            33.35970826537559
        ],
        [
            51.2998691260063,
            29.02961088547619
        ],
        [
            87.7677662674464,
            17.90350783598038
        ],
        [
            90.06013587716085,
            49.34431319667666
        ],
        [
            4.036163238786006,
            15.2076048261092
        ],
        [
            24.18600166186845,
            71.85289747358323
        ]
    ],
    "distances": [
        [
            0.0,
            62.56394173011217,
            28.07491673311925,
            39.17725029832248,
            19.55612265753699,
            50.41346806154434,
            28.805596633717833,
            51.445998157332724,
            24.801726542211988,
            19.967585005649887,
            21.307292449812913,
            32.47478668949288,
            71.64460061570496,
            79.37443734402332,
            44.6573854939231,
            50.68526100426021,
            83.38571479953275,
            69.61348953159124,
            60.12241817819959,
            0.0
        ],
        [
            62.56394173011217,
            0.0,
            68.93967372548063,
            26.18419685879181,
            73.50346315466413,
            38.488882889493645,
            57.96493748460312,
            98.82192776774983,
            41.77750421003254,
            71.87592339060053,
            61.28489588355113,
            35.292512749601336,
            91.90472338282446,
            78.86559048846361,
            73.17365461513538,
            75.15169678925383,
            80.44845991183591,
            49.55833912376552,
            113.08407285228056,
            62.56394173011217
        ],
        [
            28.07491673311925,
            68.93967372548063,
            0.0,
            42.8269494914471,
            13.5701694393294,
            71.42973086833533,
            55.85802627339691,
            76.93710667349377,
            45.127097489279535,
            47.276879644990025,
            49.09606182923303,
            33.71062648707459,
            99.69144616360454,
            105.80254421685054,
            72.66999267076153,
            78.63482793926158,
            109.6152624019909,
            91.49718513377782,
            82.35809418208994,
            28.07491673311925
        ],
        [
            39.17725029832248,
            26.18419685879181,
            42.8269494914471,
            0.0,
            47.61841587828045,
            40.289630659569106,
            44.88449599514155,
            83.41027149961374,
            25.66620456435549,
            52.91507900702821,
            44.72100371719958,
            9.121783504424009,
            87.32174987463891,
            82.15349946320221,
            63.35823511232017,
            67.26996148425829,
            84.92895543190892,
            58.59878702333074,
            95.63028156675594,
            39.17725029832248
        ],
        [
            19.55612265753699,
            73.50346315466413,
            13.5701694393294,
            47.61841587828045,
            0.0,
            68.6177113049138,
            48.329056670776865,
            64.28811805528278,
            42.10995300181867,
            36.267972477724115,
            40.576777258445965,
            38.84963597093454,
            89.9679469470863,
            98.90676100097104,
            63.28802854565476,
            69.44357008859187,
            102.93258963005708,
            88.29027756928086,
            68.94931234618171,
            19.55612265753699
        ],
        [
            50.41346806154434,
            38.488882889493645,
            71.42973086833533,
            40.289630659569106,
            68.6177113049138,
            0.0,
            29.02911651951323,
            66.76969762669319,
            26.61112114614744,
            48.153074682525435,
            36.339739489135944,
            45.130839412303764,
            53.48378534032748,
            42.39816555817559,
            37.79434751618063,
            38.26693460416919,
            44.862835200835725,
            20.07951184927756,
            82.65785568708044,
            50.41346806154434
        ],
        [
            28.805596633717833,
            57.96493748460312,
            55.85802627339691,
            44.88449599514155,
            48.329056670776865,
            29.02911651951323,
            0.0,
            40.861778424966225,
            19.228508419734666,
            19.519160887246013,
            8.506893099548595,
            43.79525556786295,
            45.32086427715055,
            50.577712485471274,
            19.03312911107124,
            24.04940033040543,
            54.61658988092162,
            44.786861118783655,
            55.56423879910453,
            28.805596633717833
        ],
        [
            51.445998157332724,
            98.82192776774983,
            76.93710667349377,
            83.41027149961374,
            64.28811805528278,
            66.76969762669319,
            40.861778424966225,
            0.0,
            58.51194598079504,
            31.959757811823586,
            38.74140815019372,
            79.91413198594432,
            40.58045423380521,
            64.01273823082444,
            30.041652891027812,
            32.7759033675491,
            68.19750816472978,
            76.07193499910257,
            16.497298746216117,
            51.445998157332724
        ],
        [
            24.801726542211988,
            41.77750421003254,
            45.127097489279535,
            25.66620456435549,
            42.10995300181867,
            26.61112114614744,
            19.228508419734666,
            58.51194598079504,
            0.0,
            30.098496771678388,
            19.92047545749621,
            25.11431031564199,
            62.98978719348344,
            62.466239166599365,
            37.92614653816132,
            42.25876080973816,
            65.93672134126187,
            46.54401091675789,
            71.81807112353432,
            24.801726542211988
        ],
        [
            19.967585005649887,
            71.87592339060053,
            47.276879644990025,
            52.91507900702821,
            36.267972477724115,
            48.153074682525435,
            19.519160887246013,
            31.959757811823586,
            30.098496771678388,
            0.0,
            11.877426051027456,
            48.44931860862743,
            53.981640138407144,
            66.38303105058084,
            28.025830767175737,
            34.24738799985618,
            70.65660921207476,
            64.25523934439741,
            42.73867635696775,
            19.967585005649887
        ],
        [
