{
    "vertices": [
        [
            51.190334288531425,
            61.57321458286108
        ],
        [
            84.80786327360083,
            40.964630230365195
        ],
        [
            83.47841688223019,
            12.080028668407927
        ],
        [
            94.17739069447191,
            14.029806068837258
        ],
        [
            9.304320130142807,
            73.52461134963242
        ],
        [
            69.84698424630463,
            72.28051560213683
        ],
        [
            60.663633286582574,
            26.370755262301405
        ],
        [
            35.537111991978485,
            9.859565752314248
        ],
        [
            58.529872229989444,
            99.01167244247702
        ],
        [
            80.04660254527818,
            20.624473352465934
        ],
        [
            17.845895771180132,
            97.34969024612695
        ],
        [
            11.352716121055263,
            69.06906120202676
        ],
        [
            23.056530807834086,
            1.8820328948567888
        ],
        [
            83.61708947518504,
            79.4421439453254
        ],
        [
            61.0311575591648,
            56.492475770276315
        ],
        [
            11.764937329988602,
            19.94845006889674
        ],
        [
            32.531852723383196,
            63.42178912084307
        ],
        [
            39.317261399762515,
            73.84883352466004
        ],
        [
            66.58806201335025,
            92.47991166863105
        ],
        [
            51.190334288531425,
            61.57321458286108
        ]
    ],
    "distances": [
        [
            0.0,
            39.43161173571174,
            59.09395679373769,
            64.09573083738778,
            43.557709613265075,
            21.510854998448167,
            36.45485613909531,
            54.030776818720824,
            38.151106721828405,
            50.0947464916152,
            48.90611199964352,
            40.53669372057475,
            65.98899961054748,
            37.02422299651819,
            11.075003816051014,
            57.33221560503014,
            18.749830989623657,
            17.07807601067148,
            34.52989927351651,
            0.0
        ],
        [
            39.43161173571174,
            0.0,
            28.915180011553666,
            28.517938156586357,
            82.22491956641286,
            34.70608848440475,
            28.212143276424612,
            58.26776096641433,
            63.718065906482224,
            20.889987686464064,
            87.53959152735578,
            78.64806217220493,
            73.0799321003184,
            38.49593490128463,
            28.397987987571106,
            76.0062422369592,
            56.89556454134747,
            56.13168165256207,
            54.64234053942754,
            39.43161173571174
        ],
        [
            59.09395679373769,
            28.915180011553666,
            0.0,
            10.875186092488672,
            96.31839580193315,
            61.72450552872692,
            26.92098098319684,
            47.99269913374137,
            90.44081252137498,
            9.207870796347901,
            107.60363847459419,
            91.92315562146686,
            61.27645089742607,
            67.36225801343625,
            49.76288686052291,
            72.14385077624735,
            72.32930779391398,
            75.93150141355325,
            82.15488588055042,
            59.09395679373769
        ],
        [
            64.09573083738778,
            28.517938156586357,
            10.875186092488672,
            0.0,
            103.64878177005902,
            63.1277580709616,
            35.71373632918461,
            58.78837632222596,
            92.15564651730669,
            15.593870920947001,
            112.99867351673421,
            99.44468977179574,
            72.15084964226858,
            66.25929299585015,
            53.86790407314583,
            82.62471068846521,
            78.99202707586741,
            81.16618650640618,
            83.16002721075648,
            64.09573083738778
        ],
        [
            43.557709613265075,
            82.22491956641286,
            96.31839580193315,
            103.64878177005902,
            0.0,
            60.5554452754773,
            69.72277383901168,
            68.85780565611276,
            55.43234852218612,
            88.33399754014322,
            25.30993676119621,
            4.903861055680011,
            72.95054726437827,
            74.54800386160944,
            54.45878581828683,
            53.63263646869859,
            25.329533895367376,
            30.014692463399015,
            60.33846612506291,
            43.557709613265075
        ],
        [
            21.510854998448167,
            34.70608848440475,
            61.72450552872692,
            63.1277580709616,
            60.5554452754773,
            0.0,
            46.819227132776916,
            71.22880256091804,
            29.028120338952224,
            52.65338464281798,
            57.728474082800794,
            58.58235948536513,
            84.5298343809148,
            15.521105583701228,
            18.082616014009176,
            78.18036362773246,
            38.352262976821855,
            30.569978707758093,
            20.46060056722545,
            21.510854998448167
        ],
        [
            36.45485613909531,
            28.212143276424612,
            26.92098098319684,
            35.71373632918461,
            69.72277383901168,
            46.819227132776916,
            0.0,
            30.06595169627768,
            72.67224907090579,
            20.21680620352387,
            82.89371422114006,
            65.22815252502467,
            44.87751864839313,
            57.82243031684764,
            30.123962562244255,
            49.31864221825913,
            46.52070708451026,
            52.056080415423835,
            66.37408693530259,
            36.45485613909531
        ],
        [
            54.030776818720824,
            58.26776096641433,
            47.99269913374137,
            58.78837632222596,
            68.85780565611276,
            71.22880256091804,
            30.06595169627768,
            0.0,
            92.06934968086189,
            45.792772191188405,
            89.26085936912037,
            63.958184425850106,
            14.812357583647263,
            84.57788968029504,
            53.14672761445543,
            25.824443361155687,
            53.64646638364593,
            64.10082620049559,
            88.26258016034639,
            54.030776818720824
        ],
        [
            38.151106721828405,
            63.718065906482224,
            90.44081252137498,
            92.15564651730669,
            55.43234852218612,
            29.028120338952224,
            72.67224907090579,
            92.06934968086189,
            0.0,
            81.28666966137743,
            40.71790914722826,
            55.877043823232846,
            103.40466541845892,
            31.81721098255579,
            42.59270493813737,
            91.85832715815982,
            44.07421937043692,
            31.659009417822254,
            10.372961071526948,
            38.151106721828405
        ],
        [
            50.0947464916152,
            20.889987686464064,
            9.207870796347901,
            15.593870920947001,
            88.33399754014322,
            52.65338464281798,
            20.21680620352387,
            45.792772191188405,
            81.28666966137743,
            0.0,
            98.77088047889748,
            84.05788555500223,
            59.99289417044362,
            58.92594293591542,
            40.596807084596634,
            68.28501162080018,
            63.947335265947174,
            67.02023385431625,
            73.1049678808339,
            50.0947464916152
        ],
