{
    "vertices": [
        [
            91.97449197229514,
            82.64618301861853
        ],
        [
            83.21112810629718,
            38.0321613026292
        ],
        [
            30.900152356356426,
            45.39892393180527
        ],
        [
            12.016738949054172,
            84.70060799857099
        ],
        [
            30.48400368425298,
            56.67791085766579
        ],
        [
            76.19172821824175,
            58.367278819957136
        ],
        [
            35.11355220739796,
            25.777217866879564
        ],
        [
            39.783194503796395,
            8.738459353309391
        ],
        [
            60.68745789578834,
            94.91444587089451
        ],
        [
            52.01137983442773,
            37.62212618315702
        ],
        [
            90.14579786365303,
            3.448272317657186
        ],
        [
            89.72915159799074,
            71.37649818313642
        ],
        [
            82.92762740864677,
            6.856862351645054
        ],
        [
            22.022059683818274,
            16.3852275077904
        ],
        [
            1.0979231224353736,
            72.08802706610041
        ],
        [
            52.49896893875062,
            27.244500205013832
        ],
        [
            50.58035713480603,
            10.369575908110084
        ],
        [
            29.18971799534057,
            68.1379997140287
        ],
        [
            91.97449197229514,
            82.64618301861853
        ]
    ],
    "distances": [
        [
            0.0,
            45.46655342031817,
            71.53623745349775,
            79.98414174399731,
            66.74901728810067,
            28.957914648745675,
            80.41918719047692,
            90.47808104084115,
            33.60637997043169,
            60.201461989445356,
            79.21902032681564,
            11.49118573897302,
            76.3273665574434,
            96.35277374461974,
            91.48784303414851,
            68.02693126513327,
            83.29094989463759,
            64.43923669734808,
            0.0
        ],
        [
            45.46655342031817,
            0.0,
            52.82714619914192,
            85.12687568849758,
            55.92685961402515,
            21.512530749123176,
            49.63426685228457,
            52.38421891064904,
            61.179326716276286,
            31.202442549057302,
            35.272298223513225,
            33.975423944949135,
            31.17658796803783,
            64.90525276993334,
            88.89533410489707,
            32.551656681184724,
            42.778333825699335,
            61.8439508507458,
            45.46655342031817
        ],
        [
            71.53623745349775,
            52.82714619914192,
            0.0,
            43.60281725295911,
            11.286661410312,
            47.11162353982258,
            20.068983212985632,
            37.7213215688998,
            57.784690742444056,
            22.49805566830728,
            72.59410225650483,
            64.30929571808133,
            64.74834879103526,
            30.34163986483046,
            40.006013215818214,
            28.21510195997517,
            40.179169766022646,
            22.803314520767447,
            71.53623745349775
        ],
        [
            79.98414174399731,
            85.12687568849758,
            43.60281725295911,
            0.0,
            33.560563491258804,
            69.3676687897869,
            63.28845619307138,
            80.87783429888744,
            49.73088946393477,
            61.77341458584152,
            112.72130189314154,
            78.846375833594,
            105.29958612678439,
            69.04417176420921,
            16.682258145519196,
            70.28524217589022,
            83.73920813579252,
            23.858566648300158,
            79.98414174399731
        ],
        [
            66.74901728810067,
            55.92685961402515,
            11.286661410312,
            33.560563491258804,
            0.0,
            45.73893359258625,
            31.2455684352034,
            48.83304168733317,
            48.726597009499635,
            28.749797450979653,
            79.95576341831189,
            61.041264900763245,
            72.33581784693575,
            41.17165077817282,
            33.18152215229274,
            36.75573911383615,
            50.48094004483077,
            11.532944638740645,
            66.74901728810067
        ],
        [
            28.957914648745675,
            21.512530749123176,
            47.11162353982258,
            69.3676687897869,
            45.73893359258625,
            0.0,
            52.43594775822378,
            61.55161288617072,
            39.699846569991074,
            31.859858849134156,
            56.66403916831779,
            18.775026503360607,
            51.94896863886958,
            68.53353647307799,
            76.33700607307702,
            39.114884519715574,
            54.40332539089295,
            48.00683234481893,
            28.957914648745675
        ],
        [
            80.41918719047692,
            49.63426685228457,
            20.068983212985632,
            63.28845619307138,
            31.2455684352034,
            52.43594775822378,
            0.0,
            17.667055523206837,
            73.71554075117291,
            20.635853060482606,
            59.38964447873504,
            71.1488444189664,
            51.421451167519,
            16.1120035811865,
            57.460891663220735,
            17.447224202795066,
            21.831570841149485,
            42.77297804074087,
            80.41918719047692
        ],
        [
            90.47808104084115,
            52.38421891064904,
            37.7213215688998,
            80.87783429888744,
            48.83304168733317,
            61.55161288617072,
            17.667055523206837,
            0.0,
            88.67518751173175,
            31.36550216428724,
            50.63968696639451,
            80.11318579673399,
            43.18544312563908,
            19.33729488066581,
            74.22747436931317,
            22.453607003900043,
            10.91967316799435,
            60.33678098473539,
            90.47808104084115
        ],
        [
            33.60637997043169,
            61.179326716276286,
            57.784690742444056,
            49.73088946393477,
            48.726597009499635,
            39.699846569991074,
            73.71554075117291,
            88.67518751173175,
            0.0,
            57.945528090860776,
            96.09294822271417,
            37.382548795449715,
            90.82270176123518,
            87.53200075178395,
            63.81189583421339,
            68.1635745675267,
            85.14686443326482,
            41.34108957959132,
            33.60637997043169
        ],
        [
            60.201461989445356,
            31.202442549057302,
            22.49805566830728,
            61.77341458584152,
            28.749797450979653,
            31.859858849134156,
            20.635853060482606,
            31.36550216428724,
            57.945528090860776,
            0.0,
            51.20630943983604,
            50.616083767131016,
            43.61554565396314,
            36.74731539097161,
            61.48234216453369,
            10.389074264672805,
            27.290095684346607,
            38.105731674510615,
            60.201461989445356
        ],
        [
            79.21902032681564,
            35.272298223513225,
            72.59410225650483,
            112.72130189314154,
            79.95576341831189,
            56.66403916831779,
            59.38964447873504,
            50.63968696639451,
            96.09294822271417,
            51.20630943983604,
            0.0,
            67.9295036294411,
            7.982510302989072,
