{
    "vertices": [
        [
            10.138782827337977,
            75.7746201378761
        ],
        [
            56.728598712627424,
            57.200233674875314
        ],
        [
            45.22037065321474,
            12.304282815797707
        ],
        [
            96.10591618185606,
            71.70332950598258
        ],
        [
            41.504617451351976,
            73.01621708858518
        ],
        [
            73.2364410117085,
            21.317184411768352
        ],
        [
            0.27542040920077726,
            74.57199355363446
        ],
        [
            52.35832189899001,
            35.40971746916822
        ],
        [
            0.5323610379839638,
            82.94435160265886
        ],
        [
            85.00837316978854,
            76.68259369045721
        ],
        [
            9.866085698831206,
            55.74057114167812
        ],
        [
            59.93069428054428,
            38.30985493375806
        ],
        [
            3.5585768453024635,
            39.22362966522852
        ],
        [
            63.482778147631706,
            7.20887954347088
        ],
        [
            13.312331318575799,
            72.25439139673242
        ],
        [
            98.85875592349984,
            9.324485393553028
        ],
        [
            86.91883731199233,
            82.24674521522405
        ],
        [
            42.71201435265236,
            58.667571216649826
        ],
        [
            43.73803020474391,
            87.06970929193324
        ],
        [
            52.239105737319115,
            93.02191595301721
        ],
        [
            44.2567233128121,
            73.77513840885315
        ],
        [
            10.138782827337977,
            75.7746201378761
        ]
    ],
    "distances": [
        [
            0.0,
            50.155944579900755,
            72.52035248234196,
            86.06348485044536,
            31.4868920194314,
            83.34822598120981,
            9.936409255492954,
            58.41074256399257,
            11.987009171268346,
            74.87509581976208,
            20.035904843703893,
            62.312463263488716,
            37.13857853092374,
            86.87256540468219,
            4.7395590951281426,
            110.84608262686768,
            77.05235343377468,
            36.79220752815688,
            35.4469810185045,
            45.49622404177809,
            34.176480072632565,
            0.0
        ],
        [
            50.155944579900755,
            0.0,
            46.347445631967304,
            41.963232951700704,
            21.952561053016378,
            39.49812757321404,
            59.06555156640584,
            22.22444410866108,
            61.812431894115306,
            34.34105407707583,
            46.88524011540348,
            19.159849295047376,
            56.12672729717513,
            50.4455590486588,
            45.95214836268637,
            63.773328438379,
            39.22726407777383,
            14.093179789593206,
            32.57208074096638,
            36.101917794093545,
            20.74307457752972,
            50.155944579900755
        ],
        [
            72.52035248234196,
            46.347445631967304,
            0.0,
            78.21499531068318,
            60.825535632663524,
            29.430130708352667,
            76.79398643753169,
            24.182875315153073,
            83.58850113253277,
            75.68125299790685,
            56.00568371303724,
            29.87780785806092,
            49.601978771949796,
            18.95992252093283,
            67.91272703291133,
            53.72109052393812,
            81.42917270971354,
            46.43109262844414,
            74.78011988064475,
            81.02221264230936,
            61.4784084336846,
            72.52035248234196
        ],
        [
            86.06348485044536,
            41.963232951700704,
            78.21499531068318,
            0.0,
            54.617080632914636,
            55.333321895700465,
            95.87342256043222,
            56.84257453895847,
            96.23234913799374,
            12.163409584630472,
            87.70472060464041,
            49.23180703178539,
            98.08129750375797,
            72.27588263844987,
            82.79541873630826,
            62.4395573290359,
            13.98449258925673,
            54.96216650319153,
            54.57582898534747,
            48.77272994898506,
            51.89056940621612,
            86.06348485044536
        ],
        [
            31.4868920194314,
            21.952561053016378,
            60.825535632663524,
            54.617080632914636,
            0.0,
            60.66051933658474,
            41.258540075355675,
            39.1414321897128,
            42.15796070177396,
            43.65797841169649,
            36.04781039589161,
            39.294425575866526,
            50.811819121550464,
            69.38043832643395,
            28.20257746691055,
            85.70959039800782,
            46.342788166523306,
            14.39935573681952,
            14.229855081362507,
            22.703683089223716,
            2.854828934111543,
            31.4868920194314
        ],
        [
            83.34822598120981,
            39.49812757321404,
            29.430130708352667,
            55.333321895700465,
            60.66051933658474,
            0.0,
            90.32931541917132,
            25.18919104812159,
            95.30892393055177,
            56.60306468143899,
            72.11637460686194,
            21.582255385913335,
            71.94195949796818,
            17.151623990832377,
            78.64793689565971,
            28.29006629862341,
            62.446932256276824,
            48.236832579869514,
            72.06629425919684,
            74.71583911077815,
            59.93046783955548,
            83.34822598120981
        ],
        [
            9.936409255492954,
            59.06555156640584,
            76.79398643753169,
            95.87342256043222,
            41.258540075355675,
            90.32931541917132,
            0.0,
            65.16373604782837,
            8.376299767067982,
            84.75923499221517,
            21.13299152404253,
            69.81184998230694,
            35.50050627485581,
            92.37401799976159,
            13.241311332970707,
            118.21975876402705,
            86.98266209801824,
            45.319037450000714,
            45.22379184583003,
            55.141855513057834,
            43.988521039254934,
            9.936409255492954
        ],
        [
            58.41074256399257,
            22.22444410866108,
            24.182875315153073,
            56.84257453895847,
            39.1414321897128,
            25.18919104812159,
            65.16373604782837,
            0.0,
            70.32404753262816,
            52.625812673664385,
            47.10555963305283,
            8.108737312211034,
            48.94855507105557,
            30.315685486879442,
            53.68537396008641,
            53.31725515165325,
            58.20770046735376,
            25.178939815206178,
            52.374270248109774,
            57.612321829931616,
            39.211496063409456,
            58.41074256399257
        ],
        [
            11.987009171268346,
            61.812431894115306,
            83.58850113253277,
            96.23234913799374,
            42.15796070177396,
            95.30892393055177,
            8.376299767067982,
            70.32404753262816,
            0.0,
            84.70776964271822,
            28.76046048681671,
            74.29939626188333,
            43.825329534899865,
            98.48155534061529,
            16.661419194567472,
            122.83307629392436,
            86.3892929575859,
            48.667085588271355,
            43.40217073156556,
