{
    "vertices": [
        [
            94.49786752874797,
            80.32992389328824
        ],
        [
            23.05114610494554,
            47.648435612205944
        ],
        [
            92.79318176069754,
            66.72524141444505
        ],
        [
            80.16679418156733,
            77.13703224719747
        ],
        [
            63.77497827356395,
            51.106813375594015
        ],
        [
            95.69629993576226,
            52.64857081076863
        ],
        [
            73.83831088205268,
            40.279669464136944
        ],
        [
            6.534099167897134,
            26.320713486260296
        ],
        [
            58.70591466326606,
            52.73540245164789
        ],
        [
            64.16837201929427,
            5.84100689197914
        ],
        [
            0.9632537229742444,
            27.82947918650345
        ],
        [
            91.45367785022765,
            30.597746226385837
        ],
        [
            50.47560974782601,
            38.36929589509832
        ],
        [
            42.035628985428296,
            7.369688044390843
        ],
        [
            10.063419737985535,
            37.93447341748345
        ],
        [
            9.543088712768666,
            8.853589058476075
        ],
        [
            94.49786752874797,
            80.32992389328824
        ]
    ],
    "distances": [
        [
            0.0,
            78.56661936520463,
            13.711066293980805,
            14.682445993292392,
            42.401487149812006,
            27.707283315281916,
            45.064843954880885,
            103.22121561496957,
            45.19426405549744,
            80.42684286906884,
            107.2614594074004,
            49.82526052406706,
            60.816555987102916,
            89.8636883735745,
            94.480422283018,
            111.02333486745096,
            0.0
        ],
        [
            78.56661936520463,
            0.0,
            72.30405283955061,
            64.27888134304877,
            40.870415746014835,
            72.81702910107586,
            51.31895186616695,
            26.975629197522192,
            36.015826418020495,
            58.638616653946016,
            29.676017651993668,
            70.49561942203249,
            28.951746751953966,
            44.52850879909537,
            16.218572616094363,
            41.07928594362115,
            78.56661936520463
        ],
        [
            13.711066293980805,
            72.30405283955061,
            0.0,
            16.365544648541363,
            32.95438404864306,
            14.372917255129487,
            32.53698519846333,
            95.25311127123892,
            36.84640243465611,
            67.27755752194163,
            99.72770930241006,
            36.15231914123084,
            50.93953815417575,
            78.09872521110441,
            87.59635749384462,
            101.3888856773707,
            13.711066293980805
        ],
        [
            14.682445993292392,
            64.27888134304877,
            16.365544648541363,
            0.0,
            30.76140314201309,
            28.997418721207506,
            37.396723014114094,
            89.46547952919799,
            32.496290347947344,
            73.06895882065274,
            93.2975648664484,
            47.88840033115309,
            48.83138145643959,
            79.5076604883337,
            80.32013276367404,
            98.23612567610229,
            14.682445993292392
        ],
        [
            42.401487149812006,
            40.870415746014835,
            32.95438404864306,
            30.76140314201309,
            0.0,
            31.95853239199896,
            14.781667986681153,
            62.376830542386436,
            5.324256592604113,
            45.2675158944165,
            66.9861704232281,
            34.44898032723078,
            18.415144711604153,
            48.8419434472968,
            55.30318309367828,
            68.74905679736256,
            42.401487149812006
        ],
        [
            27.707283315281916,
            72.81702910107586,
            14.372917255129487,
            28.997418721207506,
            31.95853239199896,
            0.0,
            25.114963786451987,
            92.96802739151107,
            36.9904871871345,
            56.435434602008385,
            97.9302678123975,
            22.45526011899855,
            47.42160386564972,
            70.21142949272148,
            86.88782902723408,
            96.64562189109958,
            27.707283315281916
        ],
        [
            45.064843954880885,
            51.31895186616695,
            32.53698519846333,
            37.396723014114094,
            14.781667986681153,
            25.114963786451987,
            0.0,
            68.73652134386909,
            19.59935457045757,
            35.77050736805991,
            73.93092177085464,
            20.10076593080907,
            23.44067685585204,
            45.76546135314178,
            63.81799656002101,
            71.5644752894944,
            45.064843954880885
        ],
        [
            103.22121561496957,
            26.975629197522192,
            95.25311127123892,
            89.46547952919799,
            62.376830542386436,
            92.96802739151107,
            68.73652134386909,
            0.0,
            58.477637821828836,
            61.16475937414563,
            5.771541640623267,
            85.02721830475596,
            45.563413942642214,
            40.24301162541687,
            12.138184519380715,
            17.72440277856612,
            103.22121561496957
        ],
        [
            45.19426405549744,
            36.015826418020495,
            36.84640243465611,
            32.496290347947344,
            5.324256592604113,
            36.9904871871345,
            19.59935457045757,
            58.477637821828836,
            0.0,
            47.21146868371188,
            62.88497361178396,
            39.528367242996524,
            16.556658376473596,
            48.33163010143081,
            50.84446688510278,
            65.89838391123149,
            45.19426405549744
        ],
        [
            80.42684286906884,
            58.638616653946016,
            67.27755752194163,
            73.06895882065274,
            45.2675158944165,
            56.435434602008385,
            35.77050736805991,
            61.16475937414563,
            47.21146868371188,
            0.0,
            66.92069853714074,
            36.84269339718972,
            35.292794223373534,
            22.18547227959958,
            62.90736407596778,
            54.708292128598565,
            80.42684286906884
        ],
        [
            107.2614594074004,
            29.676017651993668,
            99.72770930241006,
            93.2975648664484,
            66.9861704232281,
            97.9302678123975,
            73.93092177085464,
            5.771541640623267,
            62.88497361178396,
            66.92069853714074,
            0.0,
            90.53275739274875,
            50.621745676956365,
            45.88619687094058,
            13.598673829050599,
            20.8254165529304,
            107.2614594074004
        ],
        [
            49.82526052406706,
            70.49561942203249,
            36.15231914123084,
            47.88840033115309,
            34.44898032723078,
            22.45526011899855,
            20.10076593080907,
            85.02721830475596,
            39.528367242996524,
            36.84269339718972,
            90.53275739274875,
            0.0,
            41.70850092796829,
            54.60481883963943,
            81.72026481512394,
            84.74758394071407,
            49.82526052406706
        ],
        [
            60.816555987102916,
            28.951746751953966,
            50.93953815417575,
