{
    "vertices": [
        [
            61.783501849747054,
            90.87519120780917
        ],
        [
            92.46456507103181,
            16.08166843306289
        ],
        [
            4.502146567805165,
            91.94790007046753
        ],
        [
            9.126415652156329,
            9.04177909363959
        ],
        [
            30.794715660943584,
            50.21767256966645
        ],
        [
            90.15856744429036,
            1.602185190012484
        ],
        [
            19.336985484932644,
            46.15834158067194
        ],
        [
            99.24050347762577,
            1.0355966051146859
        ],
        [
            64.1683379868176,
            11.4997568769171
        ],
        [
            51.50738184381062,
            48.27150308312862
        ],
        [
            40.60074487315642,
            97.23707738139687
        ],
        [
            32.657285594623076,
            59.3234671270394
        ],
        [
            75.3983806913621,
            68.5429350270871
        ],
        [
            26.19269959858228,
            12.30948967813308
        ],
        [
            61.783501849747054,
            90.87519120780917
        ]
    ],
    "distances": [
        [
            0.0,
            80.84181275457004,
            57.29139871952925,
            97.31123298503628,
            51.12082443844484,
            93.67397691433945,
            61.65471102912137,
            97.33539813103658,
            79.4112524685163,
            43.825482133131786,
            22.117476999309517,
            42.94004850729998,
            26.155202006355374,
            86.25122991431289,
            0.0
        ],
        [
            80.84181275457004,
            0.0,
            116.15968393464716,
            83.63496392343421,
            70.48714141371585,
            14.661959624835788,
            79.0711651852265,
            16.501442929081435,
            28.66479340078627,
            52.092958379292895,
            96.31228502682758,
            73.80219395559762,
            55.167373890100684,
            66.37913441554953,
            80.84181275457004
        ],
        [
            57.29139871952925,
            116.15968393464716,
            0.0,
            83.03498515679348,
            49.32252098976767,
            124.49646836207863,
            48.13269276061263,
            131.30271585671395,
            100.15966324693902,
            64.16478627057253,
            36.484026590243005,
            43.093682582249606,
            74.65968391028761,
            82.53942391729444,
            57.29139871952925
        ],
        [
            97.31123298503628,
            83.63496392343421,
            83.03498515679348,
            0.0,
            46.52923198184041,
            81.37295116630793,
            38.49538864804171,
            90.46904322836615,
            55.09677730210697,
            57.75047653162384,
            93.64317401700127,
            55.51531312833808,
            89.06380245405059,
            17.37630513670979,
            97.31123298503628
        ],
        [
            51.12082443844484,
            70.48714141371585,
            49.32252098976767,
            46.52923198184041,
            0.0,
            76.73025812361416,
            12.15556452265722,
            84.2834649621693,
            51.11629547160986,
            20.803896655992467,
            48.03105909471651,
            9.294334902451585,
            48.22138714594522,
            38.18650130577787,
            51.12082443844484
        ],
        [
            93.67397691433945,
            14.661959624835788,
            124.49646836207863,
            81.37295116630793,
            76.73025812361416,
            0.0,
            83.67166511749916,
            9.099592558907931,
            27.811040119878655,
            60.59652944626006,
            107.71262870457534,
            81.4748047116937,
            68.54872064255557,
            64.85582948861203,
            93.67397691433945
        ],
        [
            61.65471102912137,
            79.0711651852265,
            48.13269276061263,
            38.49538864804171,
            12.15556452265722,
            83.67166511749916,
            0.0,
            91.7640141980385,
            56.666283280409495,
            32.23972477275162,
            55.32797406665578,
            18.728345513254396,
            60.36513941218694,
            34.53614904890386,
            61.65471102912137
        ],
        [
            97.33539813103658,
            16.501442929081435,
            131.30271585671395,
            90.46904322836615,
            84.2834649621693,
            9.099592558907931,
            91.7640141980385,
            0.0,
            36.59993773776948,
            67.15416414272663,
            112.66475133217055,
            88.49181178863991,
            71.5939072810947,
            73.91266682087078,
            97.33539813103658
        ],
        [
            79.4112524685163,
            28.66479340078627,
            100.15966324693902,
            55.09677730210697,
            51.11629547160986,
            27.811040119878655,
            56.666283280409495,
            36.59993773776948,
            0.0,
            38.89037322409207,
            88.91748743896768,
            57.271752941142644,
            58.13809450453226,
            37.9842701417755,
            79.4112524685163
        ],
        [
            43.825482133131786,
            52.092958379292895,
            64.16478627057253,
            57.75047653162384,
            20.803896655992467,
            60.59652944626006,
            32.23972477275162,
            67.15416414272663,
            38.89037322409207,
            0.0,
            50.16554790260812,
            21.851133559418173,
            31.332264185536392,
            43.97839862157282,
            43.825482133131786
        ],
        [
            22.117476999309517,
            96.31228502682758,
            36.484026590243005,
            93.64317401700127,
            48.03105909471651,
            107.71262870457534,
            55.32797406665578,
            112.66475133217055,
            88.91748743896768,
            50.16554790260812,
            0.0,
            38.736809210736986,
            45.10243079908072,
            86.14108730292266,
            22.117476999309517
        ],
        [
            42.94004850729998,
            73.80219395559762,
            43.093682582249606,
            55.51531312833808,
            9.294334902451585,
            81.4748047116937,
            18.728345513254396,
            88.49181178863991,
            57.271752941142644,
            21.851133559418173,
            38.736809210736986,
            0.0,
            43.72413290653686,
            47.456347812136556,
            42.94004850729998
        ],
        [
            26.155202006355374,
            55.167373890100684,
            74.65968391028761,
            89.06380245405059,
            48.22138714594522,
            68.54872064255557,
            60.36513941218694,
            71.5939072810947,
            58.13809450453226,
            31.332264185536392,
            45.10243079908072,
            43.72413290653686,
            0.0,
            74.7221481732033,
            26.155202006355374
        ],
        [
            86.25122991431289,
            66.37913441554953,
            82.53942391729444,
            17.37630513670979,
            38.18650130577787,
            64.85582948861203,
            34.53614904890386,
            73.91266682087078,
            37.9842701417755,
            43.97839862157282,
            86.14108730292266,
            47.456347812136556,
            74.7221481732033,
            0.0,
            86.25122991431289
        ],
        [
            0.0,
            80.84181275457004,
            57.29139871952925,
