{
    "vertices": [
        [
            66.43145571555519,
            46.246107689102644
        ],
        [
            7.465313096913196,
            82.02069660391103
        ],
        [
            78.60642413937882,
            17.165943992739187
        ],
        [
            86.66857923830304,
            69.39453481493129
        ],
        [
            84.16503757199835,
            77.74342685613946
        ],
        [
            50.48162545384282,
            47.02053931540816
        ],
        [
            82.40610200535438,
            9.013304516482368
        ],
        [
            91.60215095579112,
            86.58869941606191
        ],
        [
            79.13611050101832,
            17.967636733843374
        ],
        [
            23.921299928467942,
            66.91051685132018
        ],
        [
            89.36971730570322,
            93.6242183799648
        ],
        [
            59.033886297988644,
            36.02872904257691
        ],
        [
            19.25293275712211,
            44.79830541974119
        ],
        [
            29.13960532646702,
            70.21419947497475
        ],
        [
            4.4059344504083775,
            8.849895182990819
        ],
        [
            47.29930238426148,
            5.246333473736109
        ],
        [
            98.09831202040516,
            43.82141683365612
        ],
        [
            38.78266345857197,
            1.8141158749052644
        ],
        [
            66.43145571555519,
            46.246107689102644
        ]
    ],
    "distances": [
        [
            0.0,
            68.96975559870833,
            31.525954017735888,
            30.747208765589665,
            36.14638350055722,
            15.968620157084892,
            40.51507072899266,
            47.55090541856126,
            31.0012930824705,
            47.26659656740653,
            52.63885653596255,
            12.614232425882909,
            47.200732620909235,
            44.33002965595811,
            72.42680441670372,
            45.24401371234837,
            31.75954839062581,
            52.332185219487236,
            0.0
        ],
        [
            68.96975559870833,
            0.0,
            96.2662797484806,
            80.20334986137003,
            76.81889592443503,
            55.45641657201515,
            104.6240944602489,
            84.26075085461162,
            96.12230583615208,
            22.340927347715667,
            82.72226511891593,
            69.09832720230995,
            39.04426184116058,
            24.681335419860854,
            73.23473204895632,
            86.49306062678404,
            98.35408211575107,
            86.10384443167104,
            68.96975559870833
        ],
        [
            31.525954017735888,
            96.2662797484806,
            0.0,
            52.847176311616494,
            60.83197854220141,
            41.015864771844754,
            8.994614072599543,
            70.62866193021996,
            0.9608740254820307,
            73.92553915153695,
            77.2121506115231,
            27.182510873519977,
            65.47048447427352,
            72.53332732736021,
            74.66504763200199,
            33.499447570287934,
            33.02193097835683,
            42.68032967681592,
            31.525954017735888
        ],
        [
            30.747208765589665,
            80.20334986137003,
            52.847176311616494,
            0.0,
            8.716175720502244,
            42.54516774924435,
            60.531493327983675,
            17.887968756188382,
            51.97560900577092,
            62.796428290389265,
            24.379780813633527,
            43.3238184921867,
            71.76241280040949,
            57.534812848427975,
            102.14105989101968,
            75.265740515328,
            28.01112555315261,
            82.82616708609017,
            30.747208765589665
        ],
        [
            36.14638350055722,
            76.81889592443503,
            60.83197854220141,
            8.716175720502244,
            0.0,
            45.59021902515857,
            68.75262592186452,
            11.556361976967771,
            59.98695851791476,
            61.20996540135468,
            16.711918817228643,
            48.7000079880281,
            72.79397212651958,
            55.53816218389694,
            105.39370587069969,
            81.33210300877047,
            36.67204522275907,
            88.45801346546261,
            36.14638350055722
        ],
        [
            15.968620157084892,
            55.45641657201515,
            41.015864771844754,
            42.54516774924435,
            45.59021902515857,
            0.0,
            49.635895279008395,
            57.066074959710946,
            40.80625762959277,
            33.18225577613681,
            60.697500691798886,
            13.926990292960944,
            31.307659941830025,
            31.518688023374008,
            59.83282857201066,
            41.89524380907189,
            47.72403193603292,
            46.69567894408262,
            15.968620157084892
        ],
        [
            40.51507072899266,
            104.6240944602489,
            8.994614072599543,
            60.531493327983675,
            68.75262592186452,
            49.635895279008395,
            0.0,
            78.11855867925715,
            9.532728355371262,
            82.29556045205523,
            84.89698865604655,
            35.72245273489412,
            72.58711370306789,
            81.1348828319998,
            78.00033872496915,
            35.30831984777041,
            38.18180375835383,
            44.213490110394076,
            40.51507072899266
        ],
        [
            47.55090541856126,
            84.26075085461162,
            70.62866193021996,
            17.887968756188382,
            11.556361976967771,
            57.066074959710946,
            78.11855867925715,
            0.0,
            69.74419264897256,
            70.48353328852077,
            7.3812117632189596,
            60.14152032488327,
            83.55145961816788,
            64.57316667793255,
            116.81824282380443,
            92.62463435094969,
            43.25783822685499,
            99.88307301062297,
            47.55090541856126
        ],
        [
            31.0012930824705,
            96.12230583615208,
            0.9608740254820307,
            51.97560900577092,
            59.98695851791476,
            40.80625762959277,
            9.532728355371262,
            69.74419264897256,
            0.0,
            73.7840146695497,
            76.34556342453129,
            27.024109111929405,
            65.61920266842233,
            72.3142713987489,
            75.28434381425728,
            34.284309934703515,
            32.06217447259793,
            43.466503475063085,
            31.0012930824705
        ],
        [
            47.26659656740653,
            22.340927347715667,
            73.92553915153695,
            62.796428290389265,
            61.20996540135468,
            33.18225577613681,
            82.29556045205523,
            70.48353328852077,
            73.7840146695497,
            0.0,
            70.6902906101418,
            46.76086547339875,
            22.59963598028411,
            6.176166295091433,
            61.25263486785786,
            65.94696740902802,
            77.68742280776918,
            66.77126287600151,
            47.26659656740653
        ],
        [
            52.63885653596255,
            82.72226511891593,
            77.2121506115231,
            24.379780813633527,
            16.711918817228643,
            60.697500691798886,
            84.89698865604655,
            7.3812117632189596,
            76.34556342453129,
            70.6902906101418,
            0.0,
            65.09610614270088,
            85.44198763975166,
