{
    "vertices": [
        [
            54.62645495712077,
            48.45617005375343
        ],
        [
            3.0070027551958423,
            64.6086321481194
        ],
        [
            74.37133358533843,
            62.71205679174526
        ],
        [
            70.80580970691506,
            49.67974054230946
        ],
        [
            77.27482572057188,
            56.6658453381929
        ],
        [
            91.69069661625245,
            53.73575775218694
        ],
        [
            1.3243430827045821,
            78.4968743919898
        ],
        [
            14.28921996469823,
            3.580979621467062
        ],
        [
            59.595983027183266,
            14.648085595592164
        ],
        [
            46.217003667155886,
            28.000808361981832
        ],
        [
            67.98535502766346,
            59.549753853388076
        ],
        [
            67.68866913047482,
            14.213555245488585
        ],
        [
            37.02533588302339,
            79.17185867431634
        ],
        [
            86.15312554388474,
            44.79278152068501
        ],
        [
            54.46648736125501,
            6.561465642812325
        ],
        [
            24.147002127853433,
            39.777223997061654
        ],
        [
            54.62645495712077,
            48.45617005375343
        ]
    ],
    "distances": [
        [
            0.0,
            54.087612975031,
            24.35345024281976,
            16.22555530205842,
            24.090401958346053,
            37.438376781478695,
            61.1846308104422,
            60.33966558713997,
            34.17137375010412,
            22.116525336035252,
            17.364556217026152,
            36.64939437450188,
            35.40131240640568,
            31.738799186965874,
            41.895009813960606,
            31.691026323337944,
            0.0
        ],
        [
            54.087612975031,
            0.0,
            71.38952803399421,
            69.42297911105884,
            74.6913474930288,
            89.34773055020106,
            13.989804008557623,
            62.06176599224523,
            75.48754135650877,
            56.63247249739753,
            65.1749838024207,
            81.99623004202675,
            37.00452074610851,
            85.4748247782967,
            77.57288247329787,
            32.61132325190716,
            54.087612975031
        ],
        [
            24.35345024281976,
            71.38952803399421,
            0.0,
            13.511262981413534,
            6.707230391184593,
            19.507287875154937,
            74.73301337538096,
            84.29913798160047,
            50.28375792699877,
            44.69381456862485,
            7.126070587148786,
            48.95674270668504,
            40.81235869678217,
            21.4455367849466,
            59.574254418994066,
            55.21313272828677,
            24.35345024281976
        ],
        [
            16.22555530205842,
            69.42297911105884,
            13.511262981413534,
            0.0,
            9.521230403892876,
            21.2750975749263,
            75.22035234935865,
            72.932987560685,
            36.78147716576224,
            32.78087068612031,
            10.265092661957869,
            35.60290528709312,
            44.84312036064038,
            16.106597153922273,
            46.11029261481639,
            47.69805193746182,
            16.22555530205842
        ],
        [
            24.090401958346053,
            74.6913474930288,
            6.707230391184593,
            9.521230403892876,
            0.0,
            14.710633804924802,
            79.02575303325307,
            82.3722617183549,
            45.585453960276624,
            42.26431894103111,
            9.726828572480331,
            43.52115959260487,
            46.11444533406735,
            14.825446103482086,
            55.05151372461933,
            55.74756649848606,
            24.090401958346053
        ],
        [
            37.438376781478695,
            89.34773055020106,
            19.507287875154937,
            21.2750975749263,
            14.710633804924802,
            0.0,
            93.69733586500782,
            92.23063676015052,
            50.57585150035358,
            52.25078344431912,
            24.407903852983136,
            46.239613043455485,
            60.29342330814211,
            10.518627156560507,
            60.0920592980507,
            68.97094554763734,
            37.438376781478695
        ],
        [
            61.1846308104422,
            13.989804008557623,
            74.73301337538096,
            75.22035234935865,
            79.02575303325307,
            93.69733586500782,
            0.0,
            76.02946351141306,
            86.44218792109531,
            67.56629084726846,
            69.3013989052909,
            92.39355438701168,
            35.707373058092685,
            91.27917730853935,
            89.43595770401025,
            44.94535674123162,
            61.1846308104422
        ],
        [
            60.33966558713997,
            62.06176599224523,
            84.29913798160047,
            72.932987560685,
            82.3722617183549,
            92.23063676015052,
            76.02946351141306,
            0.0,
            46.63886377092257,
            40.195912825397954,
            77.56145053906579,
            54.44770734942743,
            78.93612584256974,
            82.84222076257142,
            40.28766700093044,
            37.51458351193551,
            60.33966558713997
        ],
        [
            34.17137375010412,
            75.48754135650877,
            50.28375792699877,
            36.78147716576224,
            45.585453960276624,
            50.57585150035358,
            86.44218792109531,
            46.63886377092257,
            0.0,
            18.902176964363115,
            45.67867527518282,
            8.104343587951426,
            68.35752632169236,
            40.174426082630006,
            9.576280491269756,
            43.45231689566461,
            34.17137375010412
        ],
        [
            22.116525336035252,
            56.63247249739753,
            44.69381456862485,
            32.78087068612031,
            42.26431894103111,
            52.25078344431912,
            67.56629084726846,
            40.195912825397954,
            18.902176964363115,
            0.0,
            38.33010673836213,
            25.51706813618947,
            51.990029301023945,
            43.32279068937675,
            22.97170863147132,
            25.015373935941177,
            22.116525336035252
        ],
        [
            17.364556217026152,
            65.1749838024207,
            7.126070587148786,
            10.265092661957869,
            9.726828572480331,
            24.407903852983136,
            69.3013989052909,
            77.56145053906579,
            45.67867527518282,
            38.33010673836213,
            0.0,
            45.33716937278394,
            36.65446470813584,
            23.40589921276777,
            54.68563312670801,
            48.091102315164306,
            17.364556217026152
        ],
        [
            36.64939437450188,
            81.99623004202675,
            48.95674270668504,
            35.60290528709312,
            43.52115959260487,
            46.239613043455485,
            92.39355438701168,
            54.44770734942743,
            8.104343587951426,
            25.51706813618947,
            45.33716937278394,
            0.0,
            71.83189535433348,
            35.72149535269175,
            15.276798291058071,
            50.49136485981857,
            36.64939437450188
        ],
        [
            35.40131240640568,
            37.00452074610851,
            40.81235869678217,
            44.84312036064038,
