{
    "vertices": [
        [
            76.72850667313693,
            14.673261079450894
        ],
        [
            32.50252689064258,
            68.24879566281314
        ],
        [
            72.09352138319156,
            73.95582193998408
        ],
        [
            99.27844685572526,
            25.699858698541423
        ],
        [
            63.28945996296685,
            38.24551224265499
        ],
        [
            27.42454552781426,
            99.07979588129552
        ],
        [
            2.1221224117813686,
            79.40835531663056
        ],
        [
            0.33732621125659445,
            85.586424299379
        ],
        [
            65.15076402551429,
            52.327574170485946
        ],
        [
            45.275341724159226,
            51.17095556269901
        ],
        [
            69.39194755229379,
            30.27617464665443
        ],
        [
            73.44109011610944,
            20.277616793338627
        ],
        [
            19.193821837387347,
            10.594652930169456
        ],
        [
            94.66219295937204,
            46.724939681649516
        ],
        [
            76.72850667313693,
            14.673261079450894
        ]
    ],
    "distances": [
        [
            0.0,
            69.47139838534017,
            59.46347711680532,
            25.10150707211909,
            27.134092971376617,
            97.75143836217704,
            98.7762370130062,
            104.2319009239289,
            39.39405309399216,
            48.18073565129656,
            17.24169398635908,
            6.497377208320647,
            57.67906902494542,
            36.72774434990167,
            0.0
        ],
        [
            69.47139838534017,
            0.0,
            40.000212422403,
            79.17976713765138,
            42.98874578293848,
            31.24638329780413,
            32.365178015365835,
            36.54029969067908,
            36.32344534625753,
            21.325979960048006,
            52.94099832444679,
            63.06504547760721,
            59.17027804929254,
            65.78069976880627,
            69.47139838534017
        ],
        [
            59.46347711680532,
            40.000212422403,
            0.0,
            55.38644384058862,
            36.77958287107461,
            51.24969727297886,
            70.18352224161814,
            72.6926575163901,
            22.715258777006763,
            35.19040914872789,
            43.763113335701696,
            53.69511755509333,
            82.5409955738762,
            35.36758240650295,
            59.46347711680532
        ],
        [
            25.10150707211909,
            79.17976713765138,
            55.38644384058862,
            0.0,
            38.112997788366975,
            102.70150104543804,
            111.01330545674327,
            115.6535606622067,
            43.2866488263334,
            59.70856001708861,
            30.234839312802105,
            26.400183911645552,
            81.49671407874463,
            21.525887447021784,
            25.10150707211909
        ],
        [
            27.134092971376617,
            42.98874578293848,
            36.77958287107461,
            38.112997788366975,
            0.0,
            70.61941767861998,
            73.72803288460506,
            78.76631956779303,
            14.204538744799907,
            22.171502902180812,
            10.03746464486512,
            20.637365666280118,
            52.048009783477106,
            32.49844712223807,
            27.134092971376617
        ],
        [
            97.75143836217704,
            31.24638329780413,
            51.24969727297886,
            102.70150104543804,
            70.61941767861998,
            0.0,
            32.049620737723274,
            30.261998066072355,
            60.075267764970455,
            51.126391477555146,
            80.59281064514529,
            91.25407281243392,
            88.86712179174799,
            85.21697131332515,
            97.75143836217704
        ],
        [
            98.7762370130062,
            32.365178015365835,
            70.18352224161814,
            111.01330545674327,
            73.72803288460506,
            32.049620737723274,
            0.0,
            6.43071021217766,
            68.60013390043613,
            51.57083557482383,
            83.30186403570028,
            92.64361495926696,
            70.89970773854203,
            98.14209247067225,
            98.7762370130062
        ],
        [
            104.2319009239289,
            36.54029969067908,
            72.6926575163901,
            115.6535606622067,
            78.76631956779303,
            30.261998066072355,
            6.43071021217766,
            0.0,
            72.84869822583529,
            56.60255936442517,
            88.47465425307266,
            98.02755038721259,
            77.32614823195375,
            102.01664312132486,
            104.2319009239289
        ],
        [
            39.39405309399216,
            36.32344534625753,
            22.715258777006763,
            43.2866488263334,
            14.204538744799907,
            60.075267764970455,
            68.60013390043613,
            72.84869822583529,
            0.0,
            19.9090476482699,
            22.45555295839901,
            33.10482252732014,
            62.07799328693946,
            30.038541091964426,
            39.39405309399216
        ],
        [
            48.18073565129656,
            21.325979960048006,
            35.19040914872789,
            59.70856001708861,
            22.171502902180812,
            51.126391477555146,
            51.57083557482383,
            56.60255936442517,
            19.9090476482699,
            0.0,
            31.90928620635558,
            41.80559487433603,
            48.23569233390044,
            49.58657209511044,
            48.18073565129656
        ],
        [
            17.24169398635908,
            52.94099832444679,
            43.763113335701696,
            30.234839312802105,
            10.03746464486512,
            80.59281064514529,
            83.30186403570028,
            88.47465425307266,
            22.45555295839901,
            31.90928620635558,
            0.0,
            10.787340480776837,
            53.91858791146167,
            30.152067493132808,
            17.24169398635908
        ],
        [
            6.497377208320647,
            63.06504547760721,
            53.69511755509333,
            26.400183911645552,
            20.637365666280118,
            91.25407281243392,
            92.64361495926696,
            98.02755038721259,
            33.10482252732014,
            41.80559487433603,
            10.787340480776837,
            0.0,
            55.104681333613456,
            33.90864335007965,
            6.497377208320647
        ],
        [
            57.67906902494542,
            59.17027804929254,
            82.5409955738762,
            81.49671407874463,
            52.048009783477106,
            88.86712179174799,
            70.89970773854203,
            77.32614823195375,
            62.07799328693946,
            48.23569233390044,
            53.91858791146167,
            55.104681333613456,
            0.0,
            83.67121763515688,
            57.67906902494542
        ],
        [
            36.72774434990167,
            65.78069976880627,
            35.36758240650295,
            21.525887447021784,
            32.49844712223807,
            85.21697131332515,
            98.14209247067225,
            102.01664312132486,
            30.038541091964426,
            49.58657209511044,
            30.152067493132808,
            33.90864335007965,
            83.67121763515688,
            0.0,
            36.72774434990167
        ],
        [
            0.0,
            69.47139838534017,
            59.46347711680532,
