{
    "vertices": [
        [
            27.497032875899162,
            69.94732122085252
        ],
        [
            60.15008379186456,
            83.92272074381475
        ],
        [
            15.767825742113384,
            49.72805519540843
        ],
        [
            63.274671521220114,
            86.70556759942174
        ],
        [
            62.35064983251478,
            29.771948786548595
        ],
        [
            61.438445995015115,
            70.19336773025216
        ],
        [
            73.25460757627485,
            79.56840596927066
        ],
        [
            84.87715805429545,
            98.23329330147624
        ],
        [
            4.486776770431233,
            97.76493617244789
        ],
        [
            27.497032875899162,
            69.94732122085252
        ]
    ],
    "distances": [
        [
            0.0,
            35.51807322965368,
            23.37505119983545,
            39.50795171506606,
            53.186795026524315,
            33.942304921841775,
            46.75811067822036,
            63.97323645114613,
            36.10113000495201,
            0.0
        ],
        [
            35.51807322965368,
            0.0,
            56.02731460245145,
            4.184170778087458,
            54.195466549030705,
            13.789670457901705,
            13.809004336735795,
            28.569576274559378,
            57.35861466715386,
            35.51807322965368
        ],
        [
            23.37505119983545,
            56.02731460245145,
            0.0,
            60.201634691001445,
            50.677467214127994,
            50.04632425496991,
            64.7701831088628,
            84.43256443080445,
            49.343733137083845,
            23.37505119983545
        ],
        [
            39.50795171506606,
            4.184170778087458,
            60.201634691001445,
            0.0,
            56.94111666634877,
            16.613984130920876,
            12.2694009551356,
            24.485830275355358,
            59.81911235101929,
            39.50795171506606
        ],
        [
            53.186795026524315,
            54.195466549030705,
            50.677467214127994,
            56.94111666634877,
            0.0,
            40.431710639837476,
            50.97630275361658,
            72.07218094006568,
            89.28199224593938,
            53.186795026524315
        ],
        [
            33.942304921841775,
            13.789670457901705,
            50.04632425496991,
            16.613984130920876,
            40.431710639837476,
            0.0,
            15.083534615516932,
            36.54600729269395,
            63.27467118704844,
            33.942304921841775
        ],
        [
            46.75811067822036,
            13.809004336735795,
            64.7701831088628,
            12.2694009551356,
            50.97630275361658,
            15.083534615516932,
            0.0,
            21.987762476843006,
            71.13457854782213,
            46.75811067822036
        ],
        [
            63.97323645114613,
            28.569576274559378,
            84.43256443080445,
            24.485830275355358,
            72.07218094006568,
            36.54600729269395,
            21.987762476843006,
            0.0,
            80.39174560466627,
            63.97323645114613
        ],
        [
            36.10113000495201,
            57.35861466715386,
            49.343733137083845,
            59.81911235101929,
            89.28199224593938,
            63.27467118704844,
            71.13457854782213,
            80.39174560466627,
            0.0,
            36.10113000495201
        ],
        [
            0.0,
            35.51807322965368,
            23.37505119983545,
            39.50795171506606,
            53.186795026524315,
            33.942304921841775,
            46.75811067822036,
            63.97323645114613,
            36.10113000495201,
            0.0
        ]
    ],
    "scores_ave": [
        0,
        11.380984078770393,
        10.751539506223363,
        10.89678663292491,
        14.54316414235944,
        17.561253952547293,
        10.82447166554727,
        14.613822336055087,
        13.5238242394778,
        0
    ],
    "scores_var": [
        0,
        22.307222483419096,
        21.250980211763007,
        236.33219070319686,
        17.982462234588457,
        22.097554027664586,
        21.88937763325056,
        17.60719392123811,
        21.29272435500932,
        0
    ],
    "vertex_number": 10,
    "minimum_distances": {
        "cost": 273.6852718717096,
        "path": [
            0,
            2,
            4,
            5,
            6,
            7,
            3,
            1,
            8,
            9
        ]
    }
}