{
    "vertices": [
        [
            10.433561374751033,
            12.846741984577514
        ],
        [
            50.23044286513977,
            1.2550863521102795
        ],
        [
            56.377600559752835,
            72.97098373859903
        ],
        [
            72.24041520090513,
            19.88540944738
        ],
        [
            46.05618240356484,
            47.355039119874164
        ],
        [
            74.38492394990386,
            59.21945284985114
        ],
        [
            87.1595635971764,
            97.43187770147999
        ],
        [
            30.257721582256004,
            80.71783878809521
        ],
        [
            33.26413370064317,
            98.85686857663536
        ],
        [
            89.16291318230616,
            19.34289482484468
        ],
        [
            68.29604890769133,
            45.36049713691715
        ],
        [
            86.53440094544315,
            78.19919225114744
        ],
        [
            54.67742212290282,
            46.66059931535676
        ],
        [
            16.934289395537782,
            21.454466471994326
        ],
        [
            67.66982931209417,
            13.567842566330402
        ],
        [
            68.8322033469252,
            78.98203270392777
        ],
        [
            43.88689505799339,
            47.630316911676715
        ],
        [
            10.433561374751033,
            12.846741984577514
        ]
    ],
    "distances": [
        [
            0.0,
            41.45067257188664,
            75.6688785639711,
            62.20635031521696,
            49.5963073236346,
            78.99496875252831,
            114.19949475055672,
            70.707023054611,
            88.98863359502498,
            78.9969039758008,
            66.3717691312049,
            100.31091934185787,
            55.685690814500454,
            10.786676302342489,
            57.24081020953789,
            88.22855582365132,
            48.2599483964859,
            0.0
        ],
        [
            41.45067257188664,
            0.0,
            71.9788683272516,
            28.836224108840895,
            46.28855253290092,
            62.7957541555052,
            103.02298361191804,
            81.93435555459251,
            99.06545078920753,
            42.929081755185074,
            47.66186507241647,
            85.0786271921372,
            45.622760021446744,
            38.94417534239049,
            21.347978012847793,
            79.9218598519831,
            46.80707861247587,
            41.45067257188664
        ],
        [
            75.6688785639711,
            71.9788683272516,
            0.0,
            55.40493738077944,
            27.61717385006052,
            22.65763221216347,
            39.31748442996597,
            27.24448276178106,
            34.70318982594021,
            62.85577653883608,
            30.073050749867942,
            30.60664590825096,
            26.365260006605645,
            64.88240398503645,
            60.46691336034675,
            13.829310910158226,
            28.251851605952567,
            75.6688785639711
        ],
        [
            62.20635031521696,
            28.836224108840895,
            55.40493738077944,
            0.0,
            37.9498959356845,
            39.392459788162704,
            78.96857430366906,
            73.91299630626857,
            88.0661221843639,
            16.93119192632894,
            25.778636857767488,
            60.04011403511838,
            32.02139157382394,
            55.32837871784797,
            7.79755773710799,
            59.19482062113165,
            39.66991296558248,
            62.20635031521696
        ],
        [
            49.5963073236346,
            46.28855253290092,
            27.61717385006052,
            37.9498959356845,
            0.0,
            30.71289486120351,
            64.78562886841144,
            36.914330090417195,
            53.066702812698246,
            51.40885591448653,
            22.329125819054035,
            50.890548815172906,
            8.649163019644671,
            38.97337957964483,
            40.108906537505845,
            38.97452826113688,
            2.186683664894423,
            49.5963073236346
        ],
        [
            78.99496875252831,
            62.7957541555052,
            22.65763221216347,
            39.392459788162704,
            30.71289486120351,
            0.0,
            40.29120041844186,
            49.08554356167443,
            57.11430745637747,
            42.526801498287,
            15.137537868911986,
            22.535312267777822,
            23.369005763235446,
            68.75150621491163,
            46.142843621445756,
            20.527841303544303,
            32.6257235641647,
            78.99496875252831
        ],
        [
            114.19949475055672,
            103.02298361191804,
            39.31748442996597,
            78.96857430366906,
            64.78562886841144,
            40.29120041844186,
            0.0,
            59.30580681087731,
            53.91426492799845,
            78.11467631801135,
            55.382857098022235,
            19.242843292314046,
            60.2728149642602,
            103.46089190524943,
            86.09893223294186,
            26.00555544833047,
            65.97514152771838,
            114.19949475055672
        ],
        [
            70.707023054611,
            81.93435555459251,
            27.24448276178106,
            73.91299630626857,
            36.914330090417195,
            49.08554356167443,
            59.30580681087731,
            0.0,
            18.386487307126732,
            85.06882709859565,
            51.93318740800617,
            56.3330118183384,
            41.907246807662276,
            60.74258097505301,
            76.86863988241268,
            38.6135166253299,
            35.78461224540816,
            70.707023054611
        ],
        [
            88.98863359502498,
            99.06545078920753,
            34.70318982594021,
            88.0661221843639,
            53.066702812698246,
            57.11430745637747,
            53.91426492799845,
            18.386487307126732,
            0.0,
            97.19642776018081,
            63.94604632258441,
            57.13546152347974,
            56.41790004821853,
            79.1062302641045,
            91.96722159712283,
            40.74428400806466,
            52.316370806258064,
            88.98863359502498
        ],
        [
            78.9969039758008,
            42.929081755185074,
            62.85577653883608,
            16.93119192632894,
            51.40885591448653,
            42.526801498287,
            78.11467631801135,
            85.06882709859565,
            97.19642776018081,
            0.0,
            33.35178637980813,
            58.914962643735514,
            43.99438682649335,
            72.25948262305486,
            22.255423672456512,
            63.00924161875574,
            53.38629098852711,
            78.9969039758008
        ],
        [
            66.3717691312049,
            47.66186507241647,
            30.073050749867942,
            25.778636857767488,
            22.329125819054035,
            15.137537868911986,
            55.382857098022235,
            51.93318740800617,
            63.94604632258441,
            33.35178637980813,
            0.0,
            37.56351130895963,
            13.68054316091808,
            56.65270198619414,
            31.798821293037893,
            33.62581025739708,
            24.514462536798824,
            66.3717691312049
        ],
        [
            100.31091934185787,
            85.0786271921372,
            30.60664590825096,
            60.04011403511838,
            50.890548815172906,
            22.535312267777822,
            19.242843292314046,
            56.3330118183384,
