{
    "vertices": [
        [
            87.20536831933124,
            8.843787057859021
        ],
        [
            78.6642971284797,
            49.69567926452383
        ],
        [
            45.288732621936745,
            60.599801572485056
        ],
        [
            24.74124406829078,
            39.8983333907768
        ],
        [
            93.18242362531247,
            50.05357126355799
        ],
        [
            38.40324562673318,
            56.42643297611225
        ],
        [
            54.24495533325885,
            4.094745259055377
        ],
        [
            67.26637793473357,
            15.337160352574042
        ],
        [
            81.83221065278407,
            98.08673373272599
        ],
        [
            91.7277303464621,
            47.78633783533843
        ],
        [
            6.004142255076783,
            16.220748949877862
        ],
        [
            58.281406799387234,
            68.74289522750732
        ],
        [
            4.197663495198789,
            44.545473688767665
        ],
        [
            44.33279229388787,
            6.889660748731452
        ],
        [
            87.20536831933124,
            8.843787057859021
        ]
    ],
    "distances": [
        [
            0.0,
            41.735200897469696,
            66.60097136398437,
            69.75780720745713,
            41.640983470747116,
            68.15977825583983,
            33.30078410817429,
            20.969674158212296,
            89.40455443948437,
            39.20426021953478,
            81.53562829275589,
            66.51690544159754,
            90.35977804566534,
            42.91708732765361,
            0.0
        ],
        [
            41.735200897469696,
            0.0,
            35.11165318576423,
            54.80587229031008,
            14.522537094495929,
            40.81979070931583,
            51.727646726706105,
            36.19972905658242,
            48.49463711217951,
            13.20222981673511,
            80.00043166006857,
            27.89728757618461,
            74.64451850032816,
            54.87264751569731,
            41.735200897469696
        ],
        [
            66.60097136398437,
            35.11165318576423,
            0.0,
            29.167620244724993,
            49.04109105286876,
            8.051517658324306,
            57.210447596908914,
            50.316235786249834,
            52.35165584179288,
            48.17432264808342,
            59.26870465913798,
            15.333608725797479,
            44.11595409572667,
            53.71864712758722,
            66.60097136398437
        ],
        [
            69.75780720745713,
            54.80587229031008,
            29.167620244724993,
            0.0,
            69.19049006481492,
            21.44360889602421,
            46.39359763493824,
            49.108433403758845,
            81.51851568758279,
            67.4493139921605,
            30.194486074689973,
            44.23744187429244,
            21.06263553576174,
            38.38490890266134,
            69.75780720745713
        ],
        [
            41.640983470747116,
            14.522537094495929,
            49.04109105286876,
            69.19049006481492,
            0.0,
            55.14863288067414,
            60.23570473321306,
            43.32286475726713,
            49.355972600195415,
            2.693785431983897,
            93.51316810148737,
            39.59004680109594,
            89.15507093994867,
            65.18749613344612,
            41.640983470747116
        ],
        [
            68.15977825583983,
            40.81979070931583,
            8.051517658324306,
            21.44360889602421,
            55.14863288067414,
            0.0,
            54.676917485730584,
            50.21363093185537,
            60.18019327291549,
            54.019921461126046,
            51.63524888392305,
            23.384536215115553,
            36.21020633115316,
            49.890393127188034,
            68.15977825583983
        ],
        [
            33.30078410817429,
            51.727646726706105,
            57.210447596908914,
            46.39359763493824,
            60.23570473321306,
            54.676917485730584,
            0.0,
            17.203178302313006,
            97.9568810921382,
            57.56660216255885,
            49.741491854928746,
            64.7740398213811,
            64.35054662408305,
            10.298666356062974,
            33.30078410817429
        ],
        [
            20.969674158212296,
            36.19972905658242,
            50.316235786249834,
            49.108433403758845,
            43.32286475726713,
            50.21363093185537,
            17.203178302313006,
            0.0,
            84.02175538137358,
            40.63627543364082,
            61.26860737179439,
            54.15627594134101,
            69.50387261873146,
            24.439918164816444,
            20.969674158212296
        ],
        [
            89.40455443948437,
            48.49463711217951,
            52.35165584179288,
            81.51851568758279,
            49.355972600195415,
            60.18019327291549,
            97.9568810921382,
            84.02175538137358,
            0.0,
            51.2645212348842,
            111.58824051571428,
            37.62580524535688,
            94.30688967121172,
            98.60584413767546,
            89.40455443948437
        ],
        [
            39.20426021953478,
            13.20222981673511,
            48.17432264808342,
            67.4493139921605,
            2.693785431983897,
            54.019921461126046,
            57.56660216255885,
            40.63627543364082,
            51.2645212348842,
            0.0,
            91.35053342453676,
            39.46940405614053,
            87.59004397420493,
            62.60046605045007,
            39.20426021953478
        ],
        [
            81.53562829275589,
            80.00043166006857,
            59.26870465913798,
            30.194486074689973,
            93.51316810148737,
            51.63524888392305,
            49.741491854928746,
            61.26860737179439,
            111.58824051571428,
            91.35053342453676,
            0.0,
            74.10457636235785,
            28.382272584198862,
            39.448125694578025,
            81.53562829275589
        ],
        [
            66.51690544159754,
            27.89728757618461,
            15.333608725797479,
            44.23744187429244,
            39.59004680109594,
            23.384536215115553,
            64.7740398213811,
            54.15627594134101,
            37.62580524535688,
            39.46940405614053,
            74.10457636235785,
            0.0,
            59.25003374612381,
            63.40651750498095,
            66.51690544159754
        ],
        [
            90.35977804566534,
            74.64451850032816,
            44.11595409572667,
            21.06263553576174,
            89.15507093994867,
            36.21020633115316,
            64.35054662408305,
            69.50387261873146,
            94.30688967121172,
            87.59004397420493,
            28.382272584198862,
            59.25003374612381,
            0.0,
            55.034432965756636,
            90.35977804566534
        ],
        [
            42.91708732765361,
            54.87264751569731,
            53.71864712758722,
            38.38490890266134,
            65.18749613344612,
            49.890393127188034,
            10.298666356062974,
            24.439918164816444,
            98.60584413767546,
            62.60046605045007,
            39.448125694578025,
            63.40651750498095,
            55.034432965756636,
            0.0,
            42.91708732765361
        ],
        [
            0.0,
            41.735200897469696,
            66.60097136398437,
