{
    "vertices": [
        [
            15.31680397644395,
            40.85580032136728
        ],
        [
            68.8868807462435,
            23.261713649386138
        ],
        [
            40.419977736743185,
            77.54804832373851
        ],
        [
            91.25426907038278,
            17.373259512129568
        ],
        [
            20.974876474494998,
            17.44595976689045
        ],
        [
            93.87763732345763,
            23.110923775658478
        ],
        [
            85.47604235275969,
            66.14924756394124
        ],
        [
            15.31680397644395,
            40.85580032136728
        ]
    ],
    "distances": [
        [
            0.0,
            56.38532620233213,
            44.457737192836206,
            79.48539694655045,
            24.08390373629719,
            80.53996014277449,
            74.57933495920682,
            0.0
        ],
        [
            56.38532620233213,
            0.0,
            61.29739553462359,
            23.129503941274137,
            48.263683516261075,
            24.991211492994694,
            45.98413691784619,
            56.38532620233213
        ],
        [
            44.457737192836206,
            61.29739553462359,
            0.0,
            78.77264997392865,
            63.169399332226455,
            76.29627708841514,
            46.475602389255904,
            44.457737192836206
        ],
        [
            79.48539694655045,
            23.129503941274137,
            78.77264997392865,
            0.0,
            70.279430198131,
            6.308950165615336,
            49.117053193679375,
            79.48539694655045
        ],
        [
            24.08390373629719,
            48.263683516261075,
            63.169399332226455,
            70.279430198131,
            0.0,
            73.12252974714207,
            80.82332981199039,
            24.08390373629719
        ],
        [
            80.53996014277449,
            24.991211492994694,
            76.29627708841514,
            6.308950165615336,
            73.12252974714207,
            0.0,
            43.85070253207722,
            80.53996014277449
        ],
        [
            74.57933495920682,
            45.98413691784619,
            46.475602389255904,
            49.117053193679375,
            80.82332981199039,
            43.85070253207722,
            0.0,
            74.57933495920682
        ],
        [
            0.0,
            56.38532620233213,
            44.457737192836206,
            79.48539694655045,
            24.08390373629719,
            80.53996014277449,
            74.57933495920682,
            0.0
        ]
    ],
    "scores_ave": [
        0,
        19.389896646907893,
        10.37928273279206,
        15.539406750724847,
        11.531625150537264,
        14.058468125650014,
        12.294090727887271,
        0
    ],
    "scores_var": [
        0,
        337.5672711863772,
        298.4471341100321,
        18.64999878534342,
        257.19616513365924,
        379.211017331443,
        20.385620110559568,
        0
    ],
    "vertex_number": 8,
    "minimum_distances": {
        "cost": 236.57008347361707,
        "path": [
            0,
            2,
            6,
            5,
            3,
            1,
            4,
            7
        ]
    }
}