{
    "vertices": [
        [
            6.1647933792611465,
            41.15875524108601
        ],
        [
            63.56442850154419,
            2.1442015750589016
        ],
        [
            42.31267790949739,
            39.84666810139256
        ],
        [
            3.2717054545845836,
            95.09053455442064
        ],
        [
            19.725165768558707,
            8.02367614196935
        ],
        [
            60.947160504448114,
            81.881855832128
        ],
        [
            78.27627960760339,
            7.304151671760906
        ],
        [
            83.93788390706337,
            85.38829389986545
        ],
        [
            89.30907522864153,
            44.31206777200776
        ],
        [
            89.77441995232331,
            93.83776846247687
        ],
        [
            53.464081171523745,
            56.668365207883575
        ],
        [
            68.93914432679458,
            2.085965340637219
        ],
        [
            68.0999963437355,
            6.071655200110282
        ],
        [
            79.0293563201413,
            99.30358208284945
        ],
        [
            87.94318523797749,
            46.84920897700609
        ],
        [
            45.13821546530708,
            28.334997301091825
        ],
        [
            63.0116145470358,
            23.280968385721714
        ],
        [
            87.62374977603305,
            31.693524296493024
        ],
        [
            24.59131223923784,
            30.12410569267526
        ],
        [
            3.990126181913334,
            16.277337453395326
        ],
        [
            6.1647933792611465,
            41.15875524108601
        ]
    ],
    "distances": [
        [
            0.0,
            69.40355545597458,
            36.17168960213832,
            54.00932121071453,
            35.8024743033375,
            68.26037408033221,
            79.66304431100127,
            89.47013859503171,
            83.20405629635417,
            98.82129370569066,
            49.777209915557414,
            73.94120669483765,
            71.1833825800381,
            93.22052038593296,
            81.97613456804615,
            41.02897021374844,
            59.591747245124374,
            82.0070251508105,
            21.477897661394106,
            24.976271309881927,
            0.0
        ],
        [
            69.40355545597458,
            0.0,
            43.27947418113894,
            110.78913875794758,
            44.2317666180617,
            79.78059662717817,
            15.590498643959728,
            85.70097194397269,
            49.40562492982784,
            95.36599949870661,
            55.451793803682236,
            5.375031317229373,
            5.9996889609419854,
            98.382463951113,
            50.920147945801816,
            32.023165171787426,
            21.143994761554314,
            38.10529377244762,
            47.976857187880206,
            61.2277961927938,
            69.40355545597458
        ],
        [
            36.17168960213832,
            43.27947418113894,
            0.0,
            67.64674649164779,
            39.024332434605036,
            45.980440941118566,
            48.501505365017884,
            61.69843964565015,
            47.20806239613303,
            71.88640953574208,
            20.18225181328536,
            46.204322166411785,
            42.493967672018826,
            69.88017668630359,
            46.16469189509569,
            11.8533635350388,
            26.511665073974644,
            46.03875527854474,
            20.213238756084003,
            44.99034694362756,
            36.17168960213832
        ],
        [
            54.00932121071453,
            110.78913875794758,
            67.64674649164779,
            0.0,
            88.6078675407402,
            59.1686345017153,
            115.46486549377967,
            81.2475588546884,
            99.90436269958595,
            86.51178554600769,
            63.21026560143816,
            113.85105367398612,
            110.12296845393168,
            75.87470879116695,
            97.44991011886889,
            78.79788331204396,
            93.4102271258939,
            105.5198952371134,
            68.37516005466061,
            78.81647141065451,
            54.00932121071453
        ],
        [
            35.8024743033375,
            44.2317666180617,
            39.024332434605036,
            88.6078675407402,
            0.0,
            84.58299803831416,
            58.55553472777785,
            100.54132111505407,
            78.47781739347779,
            110.77434925330977,
            59.19983265928972,
            49.570879506931846,
            48.41419852620216,
            108.85314991103535,
            78.49280336600621,
            32.53264302386787,
            45.896640557485114,
            71.90604579503909,
            22.62981148396553,
            17.768353773972052,
            35.8024743033375
        ],
        [
            68.26037408033221,
            79.78059662717817,
            45.980440941118566,
            59.1686345017153,
            84.58299803831416,
            0.0,
            76.56456312630914,
            23.25657907987413,
            47.07321087099086,
            31.20824785372684,
            26.300505427875358,
            80.19511172600632,
            76.1468947522522,
            25.109407620892796,
            44.22749933117418,
            55.83179024349285,
            58.63724055581345,
            56.83756713209717,
            63.25039448557623,
            86.87955220029555,
            68.26037408033221
        ],
        [
            79.66304431100127,
            15.590498643959728,
            48.501505365017884,
            115.46486549377967,
            58.55553472777785,
            76.56456312630914,
            0.0,
            78.28912460069101,
            38.61746280244869,
            87.29418117073644,
            55.24916985142229,
            10.696334130834297,
            10.250648204826312,
            92.00251257710134,
            40.709465996764,
            39.24828356735733,
            22.096802296323563,
            26.119278236155665,
            58.33374686113621,
            74.82613616816577,
            79.66304431100127
        ],
        [
            89.47013859503171,
            85.70097194397269,
            61.69843964565015,
            81.2475588546884,
            100.54132111505407,
            23.25657907987413,
            78.28912460069101,
            0.0,
            41.42591035957925,
            10.269312216104652,
            41.874657696954436,
            84.64183441056988,
            80.88243231441618,
            14.755639202930826,
            38.746657990629174,
            68.99632543822788,
            65.53799380396258,
            53.8211286574639,
            81.0934403446055,
            105.67860836624021,
            89.47013859503171
        ],
        [
            83.20405629635417,
            49.40562492982784,
            47.20806239613303,
            99.90436269958595,
            78.47781739347779,
            47.07321087099086,
            38.61746280244869,
            41.42591035957925,
            0.0,
            49.52788683755639,
            37.91492694544776,
            46.882596040435054,
            43.72818519919506,
            55.94407267117119,
            2.8814477195841377,
            46.97160454002793,
            33.67289087227945,
            12.730591554388408,
            66.25471390261382,
            89.80684367282667,
            83.20405629635417
        ],
        [
            98.82129370569066,
            95.36599949870661,
            71.88640953574208,
            86.51178554600769,
            110.77434925330977,
            31.20824785372684,
            87.29418117073644,
            10.269312216104652,
            49.52788683755639,
