{
    "vertices": [
        [
            25.15505214213949,
            5.212537099728998
        ],
        [
            80.66886894455992,
            52.32697243908806
        ],
        [
            21.989203652553215,
            27.644758370061982
        ],
        [
            30.52907239280389,
            1.14582964345189
        ],
        [
            78.61976783414782,
            72.42286753817415
        ],
        [
            26.673110621099827,
            21.426553853579556
        ],
        [
            0.045277588943182234,
            37.042583753937265
        ],
        [
            57.66730014060438,
            85.87324292016028
        ],
        [
            93.10181864703793,
            81.62691194966811
        ],
        [
            27.108052500423007,
            75.30080893283161
        ],
        [
            29.438900477096674,
            86.0296706715189
        ],
        [
            13.574176047107954,
            30.48093111291015
        ],
        [
            16.775057425291507,
            60.053634505816525
        ],
        [
            82.17519348107018,
            64.51377941014974
        ],
        [
            85.4457519977694,
            22.145633100144536
        ],
        [
            62.6387453384822,
            15.567673722931785
        ],
        [
            55.34378934567257,
            52.34900714041801
        ],
        [
            4.09784775780574,
            52.04280667632967
        ],
        [
            59.66755285588452,
            82.75085521836706
        ],
        [
            63.34392852421803,
            4.680320814504924
        ],
        [
            25.15505214213949,
            5.212537099728998
        ]
    ],
    "distances": [
        [
            0.0,
            72.81177015647499,
            22.65451716060608,
            6.739302871179696,
            85.88192092444292,
            16.284926798720647,
            40.541986237990606,
            86.96663574822152,
            102.25419190516445,
            70.11547660075016,
            80.93059023210843,
            27.795834708348693,
            55.47765564764232,
            82.2674532112844,
            62.62346388727585,
            38.88773727182831,
            55.97505392441132,
            51.34666498518375,
            84.87227746551503,
            38.19258479731287,
            0.0
        ],
        [
            72.81177015647499,
            0.0,
            63.65936545498364,
            71.64850714508144,
            20.200094435278373,
            62.212360393133686,
            82.0595882304819,
            40.67461653946301,
            31.828677220833388,
            58.27999846777443,
            61.321949881943375,
            70.56165627753124,
            64.35930746328162,
            12.279547131682438,
            30.557026295052008,
            40.943026260329724,
            25.325089184799385,
            76.57154847437188,
            36.96847198389143,
            50.69868806589365,
            72.81177015647499
        ],
        [
            22.65451716060608,
            63.65936545498364,
            0.0,
            27.841023360477827,
            72.19487419614413,
            7.784924655948955,
            23.87163616158294,
            68.28969894509513,
            89.28088774449992,
            47.930175972643724,
            58.85827016848549,
            8.880121926397221,
            32.825638961975244,
            70.58100370562026,
            63.69437892485494,
            42.40567430014557,
            41.50696681362395,
            30.255005815690843,
            66.75582303097579,
            47.303051291160614,
            22.65451716060608
        ],
        [
            6.739302871179696,
            71.64850714508144,
            27.841023360477827,
            0.0,
            85.98331884195777,
            20.64403583779348,
            47.09393486758708,
            88.96751073202863,
            101.94387270933309,
            74.23384895391321,
            84.89084133452765,
            33.8823949613469,
            60.49216809992005,
            81.74850996255898,
            58.79484198511087,
            35.19972561443136,
            56.899345894630514,
            57.350779478495504,
            86.65120450853462,
            33.0046574101847,
            6.739302871179696
        ],
        [
            85.88192092444292,
            20.200094435278373,
            72.19487419614413,
            85.98331884195777,
            0.0,
            72.79477457226913,
            86.17258843708302,
            24.898162590145485,
            17.159377298605108,
            51.59204748111654,
            51.02845094162138,
            77.39544587394737,
            63.069534098200435,
            8.671489292367829,
            50.73848995130425,
            59.058497642386264,
            30.736477447237913,
            77.25841994628937,
            21.58364617261237,
            69.44353031947111,
            85.88192092444292
        ],
        [
            16.284926798720647,
            62.212360393133686,
            7.784924655948955,
            20.64403583779348,
            72.79477457226913,
            0.0,
            30.86910886043325,
            71.51234519728395,
            89.64851568705768,
            53.87601075416317,
            64.6622942379858,
            15.923687843210272,
            39.87509017897603,
            70.2637190017563,
            58.77704015475307,
            36.439722241113195,
            42.16877915952007,
            38.03941942581904,
            69.63693815974266,
            40.31358588221407,
            16.284926798720647
        ],
        [
            40.541986237990606,
            82.0595882304819,
            23.87163616158294,
            47.09393486758708,
            86.17258843708302,
            30.86910886043325,
            0.0,
            75.5296680619741,
            103.18566835739117,
            46.86241116020821,
            57.128974707775726,
            15.036169022488117,
            28.44985044034942,
            86.60248076833459,
            86.69002346310744,
            66.17487412721208,
            57.37780057997468,
            15.538018300125058,
            75.12697111073315,
            71.09173842850326,
            40.541986237990606
        ],
        [
            86.96663574822152,
            40.67461653946301,
            68.28969894509513,
            88.96751073202863,
            24.898162590145485,
            71.51234519728395,
            75.5296680619741,
            0.0,
            35.688043214692264,
            32.33641873724351,
            28.228833082579186,
            70.79909462469205,
            48.361427739037126,
            32.509437359374886,
            69.51870712946985,
            70.48112036213519,
            33.60465871021333,
            63.35759342841882,
            3.7081418372677026,
            81.39112181227549,
            86.96663574822152
        ],
        [
            102.25419190516445,
            31.828677220833388,
            89.28088774449992,
            101.94387270933309,
            17.159377298605108,
            89.64851568705768,
            103.18566835739117,
            35.688043214692264,
            0.0,
            66.29628005848988,
            63.814978134255206,
            94.55452021588502,
            79.31696400058999,
            20.303951409336126,
            59.97197587300941,
            72.74490903492246,
            47.77933116675322,
            93.79192992403591,
            33.45315198101286,
            82.50036310152699,
            102.25419190516445
        ],
        [
            70.11547660075016,
            58.27999846777443,
            47.930175972643724,
            74.23384895391321,
            51.59204748111654,
            53.87601075416317,
            46.86241116020821,
            32.33641873724351,
