{
    "vertices": [
        [
            40.05889017897527,
            37.80669604054337
        ],
        [
            39.83424213149007,
            2.6375343160337184
        ],
        [
            6.7129637118371495,
            80.16725105207718
        ],
        [
            24.144342039738653,
            88.37176149147254
        ],
        [
            62.529354006936046,
            47.894333099310735
        ],
        [
            21.645147258590857,
            14.688171061003574
        ],
        [
            99.27578956594203,
            32.98163312431631
        ],
        [
            37.49238161794328,
            75.60266839713904
        ],
        [
            51.99335427521945,
            3.0002264932553535
        ],
        [
            60.44830729849144,
            5.981228476620581
        ],
        [
            32.0200222414823,
            14.62722429112583
        ],
        [
            83.04045865945172,
            48.22322971785857
        ],
        [
            59.4088706987106,
            84.84604244189087
        ],
        [
            40.05889017897527,
            37.80669604054337
        ]
    ],
    "distances": [
        [
            0.0,
            35.169879202947996,
            53.91073578460012,
            53.01036395397441,
            24.630918904359017,
            29.5555768945154,
            59.41315010291656,
            37.883010606001136,
            36.79567577325941,
            37.796675993212965,
            24.53388082424993,
            44.225777583808835,
            50.8637577846948,
            0.0
        ],
        [
            35.169879202947996,
            0.0,
            84.30822060346964,
            87.15807865171703,
            50.62850915392466,
            21.818822568015584,
            66.7387585581948,
            73.00270612887297,
            12.164520283973596,
            20.88348566089775,
            14.3113485803476,
            62.80790373773879,
            84.50683340312645,
            35.169879202947996
        ],
        [
            53.91073578460012,
            84.30822060346964,
            0.0,
            19.265693394232706,
            64.47488393755204,
            67.16010737001065,
            103.89590593147535,
            31.11604058122577,
            89.47102016202929,
            91.60269153219214,
            70.25626177963858,
            82.74241345270961,
            52.903210696881274,
            53.91073578460012
        ],
        [
            53.01036395397441,
            87.15807865171703,
            19.265693394232706,
            0.0,
            55.78379113115631,
            73.72596200307741,
            93.34238441304515,
            18.47213845316975,
            89.79903379460038,
            90.034314702674,
            74.16389354351251,
            71.27872863947373,
            35.44033967608151,
            53.01036395397441
        ],
        [
            24.630918904359017,
            50.62850915392466,
            64.47488393755204,
            55.78379113115631,
            0.0,
            52.670366988998154,
            39.65714496577355,
            37.344368134754454,
            46.11386015399923,
            41.96473632128884,
            45.13889512637786,
            20.513741420134508,
            37.0832339395506,
            24.630918904359017
        ],
        [
            29.5555768945154,
            21.818822568015584,
            67.16010737001065,
            73.72596200307741,
            52.670366988998154,
            0.0,
            79.7569268422108,
            62.94212279987302,
            32.521096496626626,
            39.76802834249996,
            10.375053995974444,
            69.95701838362882,
            79.67575368177557,
            29.5555768945154
        ],
        [
            59.41315010291656,
            66.7387585581948,
            103.89590593147535,
            93.34238441304515,
            39.65714496577355,
            79.7569268422108,
            0.0,
            75.0582583424105,
            55.986725485586256,
            47.29265514187694,
            69.71529647084465,
            22.268637954835018,
            65.4162684186994,
            59.41315010291656
        ],
        [
            37.883010606001136,
            73.00270612887297,
            31.11604058122577,
            18.47213845316975,
            37.344368134754454,
            62.94212279987302,
            75.0582583424105,
            0.0,
            74.03642872541785,
            73.30838574445089,
            61.22051536103467,
            53.14377653659615,
            23.785971860712042,
            37.883010606001136
        ],
        [
            36.79567577325941,
            12.164520283973596,
            89.47102016202929,
            89.79903379460038,
            46.11386015399923,
            32.521096496626626,
            55.986725485586256,
            74.03642872541785,
            0.0,
            8.965076879233306,
            23.111059480724713,
            54.854741921714364,
            82.1810651678657,
            36.79567577325941
        ],
        [
            37.796675993212965,
            20.88348566089775,
            91.60269153219214,
            90.034314702674,
            41.96473632128884,
            39.76802834249996,
            47.29265514187694,
            73.30838574445089,
            8.965076879233306,
            0.0,
            29.71398046218331,
            47.90398701550103,
            78.87166354415035,
            37.796675993212965
        ],
        [
            24.53388082424993,
            14.3113485803476,
            70.25626177963858,
            74.16389354351251,
            45.13889512637786,
            10.375053995974444,
            69.71529647084465,
            61.22051536103467,
            23.111059480724713,
            29.71398046218331,
            0.0,
            61.08826821013275,
            75.37129057076856,
            24.53388082424993
        ],
        [
            44.225777583808835,
            62.80790373773879,
            82.74241345270961,
            71.27872863947373,
            20.513741420134508,
            69.95701838362882,
            22.268637954835018,
            53.14377653659615,
            54.854741921714364,
            47.90398701550103,
            61.08826821013275,
            0.0,
            43.58534571809413,
            44.225777583808835
        ],
        [
            50.8637577846948,
            84.50683340312645,
            52.903210696881274,
            35.44033967608151,
            37.0832339395506,
            79.67575368177557,
            65.4162684186994,
            23.785971860712042,
            82.1810651678657,
            78.87166354415035,
            75.37129057076856,
            43.58534571809413,
            0.0,
            50.8637577846948
        ],
        [
            0.0,
            35.169879202947996,
            53.91073578460012,
            53.01036395397441,
            24.630918904359017,
            29.5555768945154,
            59.41315010291656,
            37.883010606001136,
            36.79567577325941,
            37.796675993212965,
            24.53388082424993,
            44.225777583808835,
            50.8637577846948,
            0.0
        ]
    ],
    "scores_ave": [
        0,
        16.49192622296844,
        15.904160395059677,
        12.34742562109738,
        11.65870301833208,
        12.188417329132527,
        15.265518483679898,
        16.49826868154528,
        15.247208493768433,
        19.977386899386246,
        18.045271677666946,
        17.525988752903366,
        14.805325260981334,
        0
    ],