{
    "vertices": [
        [
            61.11959015874593,
            37.85099103150574
        ],
        [
            27.670768428689108,
            74.0684594240621
        ],
        [
            2.2563757070456436,
            33.20040735119088
        ],
        [
            83.41219481329342,
            68.31430627138556
        ],
        [
            28.611566838213786,
            88.23461444462906
        ],
        [
            23.054044583342993,
            55.0929335899888
        ],
        [
            48.76216712386523,
            6.59150670005797
        ],
        [
            82.25181222242738,
            2.056151083953872
        ],
        [
            16.138270222491226,
            84.83788530796595
        ],
        [
            61.11959015874593,
            37.85099103150574
        ]
    ],
    "distances": [
        [
            0.0,
            49.30039241116586,
            59.04664210735839,
            37.74882511666087,
            59.96066284193071,
            41.788399624095526,
            33.61340900193,
            41.56731139031727,
            65.04680912200809,
            0.0
        ],
        [
            49.30039241116586,
            0.0,
            48.12576272269186,
            56.0376381898338,
            14.197360660140275,
            19.52907370419218,
            70.69643730653168,
            90.35963088727618,
            15.779069958171032,
            49.30039241116586
        ],
        [
            59.04664210735839,
            48.12576272269186,
            0.0,
            88.42653941087856,
            61.019341605460184,
            30.19645237117372,
            53.580054396823755,
            85.84424594418546,
            53.47089044587147,
            59.04664210735839
        ],
        [
            37.74882511666087,
            56.0376381898338,
            88.42653941087856,
            0.0,
            58.30889729861192,
            61.789246594869965,
            70.7836732997124,
            66.2683153294164,
            69.2734407549319,
            37.74882511666087
        ],
        [
            59.96066284193071,
            14.197360660140275,
            61.019341605460184,
            58.30889729861192,
            0.0,
            33.604420296803404,
            84.09306590952515,
            101.50863742601356,
            12.927524793697051,
            59.96066284193071
        ],
        [
            41.788399624095526,
            19.52907370419218,
            30.19645237117372,
            61.789246594869965,
            33.604420296803404,
            0.0,
            54.89349665413758,
            79.48129334656979,
            30.538337998571667,
            41.788399624095526
        ],
        [
            33.61340900193,
            70.69643730653168,
            53.580054396823755,
            70.7836732997124,
            84.09306590952515,
            54.89349665413758,
            0.0,
            33.79535144649593,
            84.7750813286756,
            33.61340900193
        ],
        [
            41.56731139031727,
            90.35963088727618,
            85.84424594418546,
            66.2683153294164,
            101.50863742601356,
            79.48129334656979,
            33.79535144649593,
            0.0,
            105.9425125099093,
            41.56731139031727
        ],
        [
            65.04680912200809,
            15.779069958171032,
            53.47089044587147,
            69.2734407549319,
            12.927524793697051,
            30.538337998571667,
            84.7750813286756,
            105.9425125099093,
            0.0,
            65.04680912200809
        ],
        [
            0.0,
            49.30039241116586,
            59.04664210735839,
            37.74882511666087,
            59.96066284193071,
            41.788399624095526,
            33.61340900193,
            41.56731139031727,
            65.04680912200809,
            0.0
        ]
    ],
    "scores_ave": [
        0,
        18.16065963356902,
        12.057915037212709,
        16.149024535792332,
        13.056976985481521,
        11.973790436469093,
        18.353936953182448,
        10.594326348459894,
        11.880825588488154,
        0
    ],
    "scores_var": [
        0,
        17.27250839256216,
        338.327360022699,
        22.46797150950455,
        355.10900748490997,
        318.3757371905046,
        21.317766825932583,
        290.0881529781876,
        23.315632302473386,
        0
    ],
    "vertex_number": 10,
    "minimum_distances": {
        "cost": 303.43256047614364,
        "path": [
            0,
            7,
            6,
            2,
            5,
            1,
            8,
            4,
            3,
            9
        ]
    }
}