{
    "vertices": [
        [
            30.25307790498991,
            43.753588532633145
        ],
        [
            99.58598833879859,
            79.86587357608057
        ],
        [
            69.8029220705101,
            60.89011639701106
        ],
        [
            73.14910607385312,
            80.77419042643706
        ],
        [
            29.775529236958242,
            21.31797277253917
        ],
        [
            79.90273206759679,
            37.88893759197565
        ],
        [
            84.88975424498646,
            51.326635361417026
        ],
        [
            38.650865521294705,
            3.500487623179005
        ],
        [
            11.562652168646936,
            61.680632832267115
        ],
        [
            88.69629580220688,
            43.881233505857395
        ],
        [
            35.8326085525536,
            43.37466656940586
        ],
        [
            88.93306737510778,
            53.44068663318644
        ],
        [
            79.16478524929217,
            45.57757783322444
        ],
        [
            94.16785438599732,
            42.867799690759554
        ],
        [
            26.28590325347675,
            81.13881858836963
        ],
        [
            98.30198007360296,
            88.78514429979056
        ],
        [
            30.25307790498991,
            43.753588532633145
        ]
    ],
    "distances": [
        [
            0.0,
            78.17384217423199,
            43.10279295780649,
            56.662105478383204,
            22.44069756636179,
            49.99482262316991,
            55.15901956844858,
            41.11976373564493,
            25.898087410594446,
            58.44335729080569,
            5.592382685521307,
            59.47420477671717,
            48.94570514665554,
            63.92091421819251,
            37.59513134750232,
            81.59959620711415,
            0.0
        ],
        [
            78.17384217423199,
            0.0,
            35.31445025567113,
            26.45248161120672,
            91.1117823802775,
            46.362632928377224,
            32.10089429304794,
            97.69729456090326,
            89.88220453145317,
            37.59627274777398,
            73.45816239855974,
            28.49166948470282,
            39.90880555181316,
            37.39269509883142,
            73.31113737025045,
            9.011218977914183,
            78.17384217423199
        ],
        [
            43.10279295780649,
            35.31445025567113,
            0.0,
            20.163664036873904,
            56.28629254167759,
            25.120915357495683,
            17.862605481255578,
            65.29946491391615,
            58.24563463879743,
            25.421677131348936,
            38.220062574145715,
            20.52940484235178,
            17.947654984584695,
            30.30600313797095,
            47.99730062364304,
            39.8789278787745,
            43.10279295780649
        ],
        [
            56.662105478383204,
            26.45248161120672,
            20.163664036873904,
            0.0,
            73.59557721312947,
            43.413780931163444,
            31.70175576818615,
            84.62478210399387,
            64.47833160232956,
            40.03505187698869,
            52.83223799906453,
            31.563489413801367,
            35.707001189941785,
            43.343768170466234,
            46.86462132867614,
            26.397773625976285,
            56.662105478383204
        ],
        [
            22.44069756636179,
            91.1117823802775,
            56.28629254167759,
            73.59557721312947,
            0.0,
            52.79520185273448,
            62.75426382811514,
            19.905636669238426,
            44.28152231125955,
            63.09324423071158,
            22.87325842734591,
            67.31629122537602,
            55.025694426806545,
            67.90262570994457,
            59.92254236617427,
            96.1649296685369,
            22.44069756636179
        ],
        [
            49.99482262316991,
            46.362632928377224,
            25.120915357495683,
            43.413780931163444,
            52.79520185273448,
            0.0,
            14.333251952736555,
            53.70551167999749,
            72.3630519187918,
            10.641164103338207,
            44.41023540857422,
            17.983432764822194,
            7.723972699718467,
            15.109029835089869,
            68.88625797853223,
            54.119831711038664,
            49.99482262316991
        ],
        [
            55.15901956844858,
            32.10089429304794,
            17.862605481255578,
            31.70175576818615,
            62.75426382811514,
            14.333251952736555,
            0.0,
            66.52349387909297,
            74.0545012983025,
            8.362043256143608,
            49.69745819614624,
            4.56263014585681,
            8.1133798422192,
            12.555279492301748,
            65.75087542985621,
            39.78728054999509,
            55.15901956844858
        ],
        [
            41.11976373564493,
            97.69729456090326,
            65.29946491391615,
            84.62478210399387,
            19.905636669238426,
            53.70551167999749,
            66.52349387909297,
            0.0,
            64.17710338733858,
            64.30512988901499,
            39.97365030839164,
            70.86835189579867,
            58.411122333601185,
            68.05822001808295,
            78.61680944266969,
            104.07558854880477,
            41.11976373564493
        ],
        [
            25.898087410594446,
            89.88220453145317,
            58.24563463879743,
            64.47833160232956,
            44.28152231125955,
            72.3630519187918,
            74.0545012983025,
            64.17710338733858,
            0.0,
            79.16070740316825,
            30.399657624613905,
            77.8079550083659,
            69.49357364070049,
            84.72037608615506,
            24.400719567790066,
            90.87554977713529,
            25.898087410594446
        ],
        [
            58.44335729080569,
            37.59627274777398,
            25.421677131348936,
            40.03505187698869,
            63.09324423071158,
            10.641164103338207,
            8.362043256143608,
            64.30512988901499,
            79.16070740316825,
            0.0,
            52.86611428590397,
            9.56238489454043,
            9.68128490941749,
            5.564620511179052,
            72.6855194950633,
            45.91982551046175,
            58.44335729080569
        ],
        [
            5.592382685521307,
            73.45816239855974,
            38.220062574145715,
            52.83223799906453,
            22.87325842734591,
            44.41023540857422,
            49.69745819614624,
            39.97365030839164,
            30.399657624613905,
            52.86611428590397,
            0.0,
            54.04612370087429,
            43.38813611246318,
            58.33744783996795,
            38.95215988592709,
            77.23039470271182,
            5.592382685521307
        ],
        [
            59.47420477671717,
            28.49166948470282,
            20.52940484235178,
            31.563489413801367,
            67.31629122537602,
            17.983432764822194,
            4.56263014585681,
            70.86835189579867,
            77.8079550083659,
            9.56238489454043,
            54.04612370087429,
            0.0,
            12.539849109521562,
            11.797835960324193,
            68.49710713810704,
            36.56510922858559,
            59.47420477671717
        ],
        [
            48.94570514665554,
            39.90880555181316,
            17.947654984584695,
            35.707001189941785,
