{
    "vertices": [
        [
            95.30293641824288,
            65.50413323780987
        ],
        [
            61.250655984275035,
            14.727462571482764
        ],
        [
            4.178710207922142,
            20.18576600476427
        ],
        [
            28.60854861744332,
            12.430453854977952
        ],
        [
            79.22981799139973,
            21.16201101257812
        ],
        [
            82.12265291523939,
            54.991752240911026
        ],
        [
            53.465100450445235,
            38.819754171357864
        ],
        [
            96.8663267505889,
            59.39412415647123
        ],
        [
            83.65239195941889,
            77.20793908188541
        ],
        [
            21.016550806851686,
            94.13011362701411
        ],
        [
            9.473415085896242,
            5.575920045232019
        ],
        [
            47.62522637559018,
            53.19015625068304
        ],
        [
            12.497097836492067,
            20.568170092593185
        ],
        [
            66.578184505436,
            95.5632627167463
        ],
        [
            22.86728591693601,
            87.91212635544422
        ],
        [
            21.280433523714027,
            55.02508343299524
        ],
        [
            73.8562474382768,
            66.5510287504626
        ],
        [
            95.30293641824288,
            65.50413323780987
        ]
    ],
    "distances": [
        [
            0.0,
            61.13777953696252,
            101.77120914629484,
            85.23471597509479,
            47.16533620574241,
            16.859122973734603,
            49.62318615960128,
            6.306853439339908,
            16.514062414283508,
            79.61101582348648,
            104.68093173350536,
            49.242238618393,
            94.2127787883111,
            41.57718890790679,
            75.82243480070676,
            74.76056058900521,
            21.47222527866665,
            0.0
        ],
        [
            61.13777953696252,
            0.0,
            57.33236495269262,
            32.722827237136286,
            19.095907418063135,
            45.35254434394847,
            25.31903215969679,
            57.127809876472135,
            66.37505344379794,
            89.0144045313703,
            52.579781339014005,
            40.80479306504591,
            49.10217201322576,
            81.01116679365119,
            82.63944645807943,
            56.75840845764564,
            53.334631782851055,
            61.13777953696252
        ],
        [
            101.77120914629484,
            57.33236495269262,
            0.0,
            25.63126745317015,
            75.05745688365981,
            85.36225678033817,
            52.6913064758412,
            100.63940386008335,
            97.81408034416798,
            75.83719022560821,
            15.539674987145117,
            54.56087923239817,
            8.32717272701446,
            97.85428658557045,
            70.25754584656153,
            38.81039782371392,
            83.69406659952126,
            101.77120914629484
        ],
        [
            85.23471597509479,
            32.722827237136286,
            25.63126745317015,
            0.0,
            51.368794062417855,
            68.37560587732898,
            36.25249426197872,
            82.85354913255732,
            85.00557206547205,
            82.05164737908979,
            20.325795655252648,
            44.97763191124723,
            18.049965978664925,
            91.39341966856284,
            75.69970264712987,
            43.22040883327515,
            70.54353886500604,
            85.23471597509479
        ],
        [
            47.16533620574241,
            19.095907418063135,
            75.05745688365981,
            51.368794062417855,
            0.0,
            33.95320140240907,
            31.23486134796505,
            42.103929943182266,
            56.22014953424233,
            93.34414001666327,
            71.47644351782846,
            44.996136485205504,
            66.73536233745546,
            75.4692658306025,
            87.36310960657752,
            67.11809617334261,
            45.705997327477526,
            47.16533620574241
        ],
        [
            16.859122973734603,
            45.35254434394847,
            85.36225678033817,
            68.37560587732898,
            33.95320140240907,
            0.0,
            32.90575686462873,
            15.386903413165463,
            22.26879115031552,
            72.56560512301891,
            87.86259857741501,
            34.5444378441812,
            77.67046367793655,
            43.44741603863441,
            67.78605719426707,
            60.84222852143789,
            14.210923014844182,
            16.859122973734603
        ],
        [
            49.62318615960128,
            25.31903215969679,
            52.6913064758412,
            36.25249426197872,
            31.23486134796505,
            32.90575686462873,
            0.0,
            48.030939451988814,
            48.835697080850686,
            64.12600281544654,
            55.14001168497195,
            15.511691884885977,
            44.849721956340936,
            58.23897951950929,
            57.84710244159066,
            36.03422653065702,
            34.421250198983955,
            49.62318615960128
        ],
        [
            6.306853439339908,
            57.127809876472135,
            100.63940386008335,
            82.85354913255732,
            42.103929943182266,
            15.386903413165463,
            48.030939451988814,
            0.0,
            22.179722154756632,
            83.42528079193262,
            102.63488735801184,
            49.63038569179922,
            92.87422406959661,
            47.17603358544455,
            79.30406353851771,
            75.71205829818604,
            24.097407190948744,
            6.306853439339908
        ],
        [
            16.514062414283508,
            66.37505344379794,
            97.81408034416798,
            85.00557206547205,
            56.22014953424233,
            22.26879115031552,
            48.835697080850686,
            22.179722154756632,
            0.0,
            64.88149650112452,
            103.11967203822014,
            43.29908257840357,
            90.94580426210224,
            25.068834554524617,
            61.72040782256147,
            66.19924685254958,
            14.47529568924547,
            16.514062414283508
        ],
        [
            79.61101582348648,
            89.0144045313703,
            75.83719022560821,
            82.05164737908979,
            93.34414001666327,
            72.56560512301891,
            64.12600281544654,
            83.42528079193262,
            64.88149650112452,
            0.0,
            89.30335482607657,
            48.82726416151314,
            74.05363337119591,
            45.58416810250434,
            6.487571668745099,
            39.105920530827376,
            59.6040222026087,
            79.61101582348648
        ],
        [
            104.68093173350536,
            52.579781339014005,
            15.539674987145117,
            20.325795655252648,
            71.47644351782846,
            87.86259857741501,
            55.14001168497195,
            102.63488735801184,
            103.11967203822014,
            89.30335482607657,
            0.0,
            61.013737749075005,
            15.294123670836836,
            106.57709196417088,
            83.41850301579622,
            50.839211678985265,
            88.67419570162126,
            104.68093173350536
        ],
        [
            49.242238618393,
            40.80479306504591,
            54.56087923239817,
            44.97763191124723,
            44.996136485205504,
            34.5444378441812,
            15.511691884885977,
