{
    "vertices": [
        [
            61.361630937955766,
            44.754916210198346
        ],
        [
            29.837828299265613,
            17.802034938822487
        ],
        [
            68.08952672905394,
            96.4283781878849
        ],
        [
            83.62971769147292,
            36.830138699480116
        ],
        [
            83.30298068452791,
            47.201402006455304
        ],
        [
            56.42245114256635,
            71.25693425691053
        ],
        [
            12.23501844127034,
            46.07520915142857
        ],
        [
            5.885179324644185,
            30.117973313669488
        ],
        [
            98.08627381749874,
            84.73561050597867
        ],
        [
            92.31320676224622,
            84.55799703870738
        ],
        [
            38.44066088356677,
            93.66036066343962
        ],
        [
            81.12813990196585,
            23.344509318639016
        ],
        [
            69.66506834994624,
            54.94805437931327
        ],
        [
            83.16471818489642,
            81.48790104301045
        ],
        [
            35.02210396252663,
            77.23962260338257
        ],
        [
            71.14205656209809,
            30.295572206500598
        ],
        [
            72.55921176719679,
            52.91944024606207
        ],
        [
            3.137103586520129,
            6.902250801422949
        ],
        [
            70.28790157084444,
            54.34160666395718
        ],
        [
            61.361630937955766,
            44.754916210198346
        ]
    ],
    "distances": [
        [
            0.0,
            41.475389589875725,
            52.10960808272593,
            23.63619652686429,
            22.07732142839544,
            26.958346714875546,
            49.14435093528198,
            57.374879354647426,
            54.28770865493042,
            50.421079812392215,
            54.010307955086354,
            29.13967055212571,
            13.147134234863147,
            42.716352702745,
            41.82136811177682,
            17.45649891606704,
            13.858039874368323,
            69.44724518544115,
            13.098967183246224,
            0.0
        ],
        [
            41.475389589875725,
            0.0,
            87.43737350517142,
            57.05818168422315,
            61.01512356421752,
            59.70065688773848,
            33.305124154596825,
            26.933468602362787,
            95.59264539628268,
            91.43047298343113,
            76.34457616763369,
            51.58890468456381,
            54.461323986181775,
            83.0641121442633,
            59.66325118140098,
            43.152378217741735,
            55.30233956106163,
            28.839798793121354,
            54.51007915544022,
            41.475389589875725
        ],
        [
            52.10960808272593,
            87.43737350517142,
            0.0,
            61.59097080957322,
            51.52421144687577,
            27.743868553448014,
            75.20084925108247,
            90.92002326545494,
            32.195118449093364,
            26.975778449884025,
            29.77779654271504,
            74.2378429264345,
            41.510234818212226,
            21.224496572282266,
            38.23169874988579,
            66.20321718280044,
            43.73792136310994,
            110.6062600258402,
            42.14414774618548,
            52.10960808272593
        ],
        [
            23.63619652686429,
            57.05818168422315,
            61.59097080957322,
            0.0,
            10.376408803353753,
            43.879831419643814,
            71.99079391622492,
            78.03375173626974,
            50.0392470369825,
            48.51135376477949,
            72.60664558882385,
            13.715687778393026,
            22.87510218148425,
            44.66018318449167,
            63.210968208074455,
            14.094049798878592,
            19.530021138654135,
            85.87630289834048,
            22.014894223401765,
            23.63619652686429
        ],
        [
            22.07732142839544,
            61.01512356421752,
            51.52421144687577,
            10.376408803353753,
            0.0,
            36.07258654863772,
            71.07688490469877,
            79.28025922825879,
            40.340582092243466,
            38.427846236489444,
            64.58376403876665,
            23.955818941281834,
            15.684491570708973,
            34.28677781160693,
            56.86244589951043,
            20.825348898314573,
            12.170642212250577,
            89.72507697817232,
            14.845026334986784,
            22.07732142839544
        ],
        [
            26.958346714875546,
            59.70065688773848,
            27.743868553448014,
            43.879831419643814,
            36.07258654863772,
            0.0,
            50.859104278581476,
            65.16463726813848,
            43.789825682633214,
            38.276162426200514,
            28.72730923131189,
            53.90706373511565,
            21.00824774613748,
            28.632525699657943,
            22.220878004193413,
            43.52585398049614,
            24.42659882289236,
            83.55150236126606,
            21.871877449271835,
            26.958346714875546
        ],
        [
            49.14435093528198,
            33.305124154596825,
            75.20084925108247,
            71.99079391622492,
            71.07688490469877,
            50.859104278581476,
            0.0,
            17.174219993609558,
            94.15447245122924,
            88.84504042627799,
            54.32386529173468,
            72.54617081201822,
            58.11142757626077,
            79.27850309339259,
            38.60663067864612,
            60.983900189167876,
            60.711216424154244,
            40.215578083568055,
            58.63847344100227,
            49.14435093528198
        ],
        [
            57.374879354647426,
            26.933468602362787,
            90.92002326545494,
            78.03375173626974,
            79.28025922825879,
            65.16463726813848,
            17.174219993609558,
            0.0,
            107.1640243652272,
            102.1446039198233,
            71.39673920874522,
            75.54722318478923,
            68.44272912301413,
            92.7954557150885,
            55.40225815917938,
            65.25711890783154,
            70.46512255307265,
            23.377803404684897,
            68.8076670539729,
            57.374879354647426
        ],
        [
            54.28770865493042,
            95.59264539628268,
            32.195118449093364,
            50.0392470369825,
            40.340582092243466,
            43.789825682633214,
            94.15447245122924,
            107.1640243652272,
            0.0,
            5.775798626008185,
            60.309620357265814,
            63.690231675597815,
            41.1711479100119,
            15.270901717079425,
            63.50810463344533,
            60.74297172146642,
            40.79092530119864,
            122.77368126129521,
            41.189136542447415,
            54.28770865493042
        ],
        [
            50.421079812392215,
            91.43047298343113,
            26.975778449884025,
            48.51135376477949,
            38.427846236489444,
            38.276162426200514,
            88.84504042627799,
            102.1446039198233,
            5.775798626008185,
            0.0,
            54.63610731931102,
            62.2269780683901,
            37.27850423280561,
            9.649887702595002,
            57.75663653974021,
            58.24627326677755,
            37.29904280522332,
            118.24885750516688,
            37.391768025244374,
            50.421079812392215
