{
    "vertices": [
        [
            30.26702257298487,
            84.68186256853987
        ],
        [
            65.97893049096767,
            82.94765189028328
        ],
        [
            15.764175782001999,
            16.27455421654618
        ],
        [
            52.667041548695025,
            62.54317305522665
        ],
        [
            5.519789451655921,
            53.56181763853146
        ],
        [
            68.95202346094139,
            28.581403367690072
        ],
        [
            89.20085719525225,
            18.832427226478753
        ],
        [
            2.2862128989879382,
            55.571410032557964
        ],
        [
            98.05378989367746,
            24.65060665096829
        ],
        [
            26.04160041254684,
            96.36755732996937
        ],
        [
            27.153482567040253,
            28.8112273723494
        ],
        [
            43.47980824155447,
            80.14587793108188
        ],
        [
            82.04444725617516,
            83.8186453734521
        ],
        [
            30.153988798487518,
            16.331131931596133
        ],
        [
            30.26702257298487,
            84.68186256853987
        ]
    ],
    "distances": [
        [
            0.0,
            35.75399073976305,
            69.92776559427212,
            31.494164911600045,
            39.76031619098549,
            68.14536533211492,
            88.37049846047633,
            40.37752043974587,
            90.54721150223617,
            12.426168133870624,
            55.95732310068464,
            13.969712300359413,
            51.78461982818198,
            68.35082410065161,
            0.0
        ],
        [
            35.75399073976305,
            0.0,
            83.46749992597884,
            24.36286402994678,
            67.22228045732174,
            54.44748167021571,
            68.19105449800064,
            69.32691319036465,
            66.53827537093474,
            42.13174807437799,
            66.61957569723447,
            22.67290099022397,
            16.089109937497646,
            75.63852972312303,
            35.75399073976305
        ],
        [
            69.92776559427212,
            83.46749992597884,
            0.0,
            59.18282344594301,
            38.66894703487416,
            54.59309184088285,
            73.48121454716272,
            41.543932896396846,
            82.71480426763183,
            80.74970343452257,
            16.93766462234849,
            69.62544273238059,
            94.63233399268195,
            14.38992424188732,
            69.92776559427212
        ],
        [
            31.494164911600045,
            24.36286402994678,
            59.18282344594301,
            0.0,
            47.99508438811998,
            37.66433905156799,
            56.96796456432362,
            50.86092188581914,
            59.12532041377784,
            43.04652235965124,
            42.29404037761063,
            19.85599342229671,
            36.27227161986775,
            51.40418551971954,
            31.494164911600045
        ],
        [
            39.76031619098549,
            67.22228045732174,
            38.66894703487416,
            47.99508438811998,
            0.0,
            68.17381761755468,
            90.60160957235327,
            3.80716152955103,
            96.94534211900763,
            47.47079181608082,
            32.87260860252884,
            46.34301768516383,
            82.28911760785523,
            44.64266721050655,
            39.76031619098549
        ],
        [
            68.14536533211492,
            54.44748167021571,
            54.59309184088285,
            37.66433905156799,
            68.17381761755468,
            0.0,
            22.473491126250796,
            71.92211591473013,
            29.36603433107226,
            80.22634900822811,
            41.79917271827569,
            57.51285756403908,
            56.76763571998683,
            40.68607432435515,
            68.14536533211492
        ],
        [
            88.37049846047633,
            68.19105449800064,
            73.48121454716272,
            56.96796456432362,
            90.60160957235327,
            22.473491126250796,
            0.0,
            94.3605227347302,
            10.593659857594051,
            100.0039405099066,
            62.84467479910222,
            76.48368162380932,
            65.37906968030464,
            59.099823566716815,
            88.37049846047633
        ],
        [
            40.37752043974587,
            69.32691319036465,
            41.543932896396846,
            50.86092188581914,
            3.80716152955103,
            71.92211591473013,
            94.3605227347302,
            0.0,
            100.63560446083044,
            47.20851692471856,
            36.53065119528205,
            47.96682989048475,
            84.61254193191373,
            48.129121735447804,
            40.37752043974587
        ],
        [
            90.54721150223617,
            66.53827537093474,
            82.71480426763183,
            59.12532041377784,
            96.94534211900763,
            29.36603433107226,
            10.593659857594051,
            100.63560446083044,
            0.0,
            101.63206407704477,
            71.02228061530262,
            77.83344144915897,
            61.29564305846129,
            68.40757741926424,
            90.54721150223617
        ],
        [
            12.426168133870624,
            42.13174807437799,
            80.74970343452257,
            43.04652235965124,
            47.47079181608082,
            80.22634900822811,
            100.0039405099066,
            47.20851692471856,
            101.63206407704477,
            0.0,
            67.56547934610028,
            23.81667430200854,
            57.39158514872465,
            80.1420060192293,
            12.426168133870624
        ],
        [
            55.95732310068464,
            66.61957569723447,
            16.93766462234849,
            42.29404037761063,
            32.87260860252884,
            41.79917271827569,
            62.84467479910222,
            36.53065119528205,
            71.02228061530262,
            67.56547934610028,
            0.0,
            53.8683140446912,
            77.709935269899,
            12.835724360364878,
            55.95732310068464
        ],
        [
            13.969712300359413,
            22.67290099022397,
            69.62544273238059,
            19.85599342229671,
            46.34301768516383,
            57.51285756403908,
            76.48368162380932,
            47.96682989048475,
            77.83344144915897,
            23.81667430200854,
            53.8683140446912,
            0.0,
            38.739135289958895,
            65.19125148981345,
            13.969712300359413
        ],
        [
            51.78461982818198,
            16.089109937497646,
            94.63233399268195,
            36.27227161986775,
            82.28911760785523,
            56.76763571998683,
            65.37906968030464,
            84.61254193191373,
            61.29564305846129,
            57.39158514872465,
            77.709935269899,
            38.739135289958895,
            0.0,
            85.13039498036936,
            51.78461982818198
        ],
        [
            68.35082410065161,
            75.63852972312303,
            14.38992424188732,
            51.40418551971954,
            44.64266721050655,
            40.68607432435515,
            59.099823566716815,
            48.129121735447804,
            68.40757741926424,
            80.1420060192293,
            12.835724360364878,
            65.19125148981345,
            85.13039498036936,
            0.0,
            68.35082410065161
        ],
        [
            0.0,
            35.75399073976305,
            69.92776559427212,
            31.494164911600045,
