{
    "vertices": [
        [
            51.018433164541186,
            98.77973888831768
        ],
        [
            77.74974150717975,
            69.24309244768669
        ],
        [
            40.14628663283478,
            91.28970627435201
        ],
        [
            78.26971560641434,
            74.708969733572
        ],
        [
            93.78273252895676,
            34.31596430520716
        ],
        [
            55.22144806266315,
            57.639113016625856
        ],
        [
            6.89724378990999,
            93.03397132953425
        ],
        [
            11.404065037326362,
            26.463480847920728
        ],
        [
            27.82973786910481,
            53.13530063326917
        ],
        [
            56.829978272262615,
            59.02744588123999
        ],
        [
            30.419874870427076,
            84.74678757362248
        ],
        [
            76.89235574658288,
            87.26136690593675
        ],
        [
            66.85277714980836,
            94.66341987421991
        ],
        [
            37.58263621196048,
            46.44581507125479
        ],
        [
            79.30929014874462,
            21.829982827259997
        ],
        [
            59.46158154644934,
            79.26837066887578
        ],
        [
            96.65973619554337,
            73.69400463580476
        ],
        [
            52.37963371437419,
            71.83301794659724
        ],
        [
            43.732918499592586,
            2.864930827659995
        ],
        [
            10.600658322053679,
            36.93368305501754
        ],
        [
            51.018433164541186,
            98.77973888831768
        ]
    ],
    "distances": [
        [
            0.0,
            39.83687147189218,
            13.202430032579798,
            36.35978991176654,
            77.35866812214026,
            41.354763103521144,
            44.49374334298741,
            82.45568106009294,
            51.196975820096334,
            40.17485352629974,
            24.924372136457578,
            28.3219484306074,
            16.360639708446293,
            54.031104207124244,
            81.98559353177201,
            21.259827007611463,
            52.08092362233479,
            26.981079230598258,
            96.19110732934718,
            73.8818729144957,
            0.0
        ],
        [
            39.83687147189218,
            0.0,
            43.58982679145455,
            5.490554395344045,
            38.43125136377383,
            25.34119855410814,
            74.74009868033663,
            78.94202907747741,
            52.454434706343285,
            23.28080601215398,
            49.80442589178956,
            18.03866194581241,
            27.657492270232662,
            46.18562767328388,
            47.43875162611265,
            20.855766544567743,
            19.4267474997818,
            25.50196234622898,
            74.58689286720488,
            74.51776504905445,
            39.83687147189218
        ],
        [
            13.202430032579798,
            43.58982679145455,
            0.0,
            41.57302804629851,
            78.24880575660129,
            36.87306494898831,
            33.29476401107805,
            70.91230362415112,
            40.09309221391676,
            36.32077934726179,
            11.722323613356659,
            36.96621583797125,
            26.91874029718206,
            44.91711123520378,
            79.73953866015071,
            22.75067311838037,
            59.18934614970487,
            22.9829828677828,
            88.4974849413561,
            61.8669654379432,
            13.202430032579798
        ],
        [
            36.35978991176654,
            5.490554395344045,
            41.57302804629851,
            0.0,
            43.26948788205147,
            28.681050278980475,
            73.68741694950181,
            82.45388058692494,
            54.85995399733436,
            26.562615219301676,
            48.891359619562444,
            12.627739107071601,
            22.989705612241575,
            49.54033045021657,
            52.88920467795841,
            19.352882051685853,
            18.418007802644553,
            26.049327036557944,
            79.71421630243862,
            77.49886191036008,
            36.35978991176654
        ],
        [
            77.35866812214026,
            38.43125136377383,
            78.24880575660129,
            43.26948788205147,
            0.0,
            45.065973034046074,
            104.86606935673687,
            82.75207764245899,
            68.58545709136285,
            44.454059081688335,
            80.9822182098344,
            55.57427898231248,
            66.0835674761653,
            57.494209322733056,
            19.114922647004363,
            56.5566993613353,
            39.48299900432747,
            55.87258634948832,
            59.111347397768995,
            83.22325348612515,
            77.35866812214026
        ],
        [
            41.354763103521144,
            25.34119855410814,
            36.87306494898831,
            28.681050278980475,
            45.065973034046074,
            0.0,
            59.90012281778423,
            53.776231704234114,
            27.759504918358413,
            2.124814716195694,
            36.74158478751135,
            36.702944913559264,
            38.808338209961484,
            20.890610388361974,
            43.15689911570282,
            22.040950944724152,
            44.43974874239483,
            14.475594839287501,
            55.96603743335391,
            49.19074818470183,
            41.354763103521144
        ],
        [
            44.49374334298741,
            74.74009868033663,
            33.29476401107805,
            73.68741694950181,
            104.86606935673687,
            59.90012281778423,
            0.0,
            66.72287194597337,
            45.056333979858245,
            60.41292697718438,
            24.93975917193982,
            70.23274634854107,
            59.97767153724513,
            55.78574738803001,
            101.55546482836864,
            54.33692451116707,
            91.82232492474778,
            50.180954729722615,
            97.40288905543918,
            56.2223943254,
            44.49374334298741
        ],
        [
            82.45568106009294,
            78.94202907747741,
            70.91230362415112,
            82.45388058692494,
            82.75207764245899,
            53.776231704234114,
            66.72287194597337,
            0.0,
            31.32393172382307,
            55.89208720310234,
            61.30697241334693,
            89.35938209915953,
            87.89648092002224,
            32.93343695635808,
            68.06312438714414,
            71.3994487515683,
            97.46410540253224,
            61.134214029098686,
            40.02557094212936,
            10.500980745037111,
            82.45568106009294
        ],
        [
            51.196975820096334,
            52.454434706343285,
            40.09309221391676,
            54.85995399733436,
            68.58545709136285,
            27.759504918358413,
            45.056333979858245,
            31.32393172382307,
            0.0,
            29.59275788202464,
            31.717422913372815,
            59.76394291073783,
            56.985807727836544,
            11.82659051335065,
            60.25086908790116,
            41.030609109710774,
            71.83473379836113,
            30.859391094814278,
            52.72590667365166,
            23.650234548319553,
            51.196975820096334
        ],
        [
            40.17485352629974,
            23.28080601215398,
            36.32077934726179,
            26.562615219301676,
            44.454059081688335,
            2.124814716195694,
            60.41292697718438,
            55.89208720310234,
