{
    "vertices": [
        [
            87.57236682020216,
            57.093965782428725
        ],
        [
            74.98809590739398,
            47.347032723711244
        ],
        [
            31.12233537372191,
            29.98540937265526
        ],
        [
            74.78923646433945,
            26.82946832198877
        ],
        [
            71.20251584574173,
            63.93912703192682
        ],
        [
            10.19888866433265,
            71.15479867175073
        ],
        [
            40.47958087674931,
            86.59786373781084
        ],
        [
            30.145617600361575,
            23.42862852873563
        ],
        [
            97.49009774251897,
            4.86133280560368
        ],
        [
            97.69999791839355,
            92.91958158229055
        ],
        [
            74.19052961113769,
            89.82158537733244
        ],
        [
            76.45014090942583,
            80.53900731065134
        ],
        [
            85.64847380959434,
            71.90533363576544
        ],
        [
            85.49780390448734,
            98.04449946341698
        ],
        [
            12.840959733110047,
            2.1969106696806517
        ],
        [
            47.925897672671894,
            72.90648719500977
        ],
        [
            29.790552358435363,
            97.29253434050655
        ],
        [
            14.12249236224563,
            48.60729032469412
        ],
        [
            89.03222335325684,
            84.25437731757107
        ],
        [
            2.48604745994796,
            28.580070067517948
        ],
        [
            87.57236682020216,
            57.093965782428725
        ]
    ],
    "distances": [
        [
            0.0,
            15.917492844605576,
            62.62172052036322,
            32.853435562022355,
            17.743400278911412,
            78.64071555802539,
            55.57166978306007,
            66.56715750550985,
            53.165866252128254,
            37.22960729178274,
            35.357752352753245,
            25.949448577386526,
            14.935795325429511,
            41.00304891162379,
            92.72793465438978,
            42.68346693146427,
            70.38936707069134,
            73.93854014121789,
            27.199616465226043,
            89.73697114966595,
            0.0
        ],
        [
            15.917492844605576,
            0.0,
            47.176592846255815,
            20.518528067503315,
            17.018466732814062,
            69.02500340181794,
            52.263422629192895,
            50.82261228971706,
            48.07675929302487,
            50.91844167317814,
            42.48204014783381,
            33.22415917021895,
            26.772258042696432,
            51.77535220554021,
            76.81666522414814,
            37.224296986857624,
            67.36001094576301,
            60.878649329103965,
            39.48910736754571,
            74.89156104939171,
            15.917492844605576
        ],
        [
            62.62172052036322,
            47.176592846255815,
            0.0,
            43.78079732911517,
            52.52880932931193,
            46.18126500499016,
            57.38055448190398,
            6.629129101472484,
            70.96406911380002,
            91.61492881416328,
            73.72406197256414,
            67.89901486147758,
            68.77775674557013,
            87.11332459459163,
            33.262732231107805,
            46.09315163196487,
            67.32029944554434,
            25.21446236997225,
            79.36419852558573,
            28.67075101986552,
            62.62172052036322
        ],
        [
            32.853435562022355,
            20.518528067503315,
            43.78079732911517,
            0.0,
            37.28258754920258,
            78.33675982284035,
            68.91598912531921,
            44.77296524211341,
            31.58999969669848,
            69.9485958484092,
            62.99496218754473,
            53.73521361221497,
            46.365468503039125,
            72.01565161195715,
            66.66597247819357,
            53.33601634224893,
            83.6057727910755,
            64.45717470639288,
            59.164878506329934,
            72.32437864701092,
            32.853435562022355
        ],
        [
            17.743400278911412,
            17.018466732814062,
            52.52880932931193,
            37.28258754920258,
            0.0,
            61.428889347782544,
            38.174822621926,
            57.67815342491952,
            64.66237493803912,
            39.2680952190987,
            26.054363862198834,
            17.40958339757137,
            16.496852704332383,
            36.98015264129076,
            84.95982882050949,
            24.944227826680304,
            53.17330626325596,
            59.10325116009875,
            27.029758858930084,
            77.28011346283148,
            17.743400278911412
        ],
        [
            78.64071555802539,
            69.02500340181794,
            46.18126500499016,
            78.33675982284035,
            61.428889347782544,
            0.0,
            33.99130152697418,
            51.72677557868303,
            109.61103411097643,
            90.1673438437333,
            66.65867563173228,
            66.91256829491289,
            75.4533180272697,
            79.95612950242987,
            69.00848395116726,
            37.76765310947753,
            32.66518807832848,
            22.886345244246925,
            79.91428920333317,
            43.267718164563874,
            78.64071555802539
        ],
        [
            55.57166978306007,
            52.263422629192895,
            57.38055448190398,
            68.91598912531921,
            38.174822621926,
            33.99130152697418,
            0.0,
            64.0089296418648,
            99.65470145524426,
            57.5685699225272,
            33.864737497604814,
            36.47726593742076,
            47.498413969082456,
            46.45068216947826,
            88.81111561921931,
            15.58529516762522,
            15.120559181640495,
            46.23829347217296,
            48.60916600861828,
            69.35108480667249,
            55.57166978306007
        ],
        [
            66.56715750550985,
            50.82261228971706,
            6.629129101472484,
            44.77296524211341,
            57.67815342491952,
            51.72677557868303,
            64.0089296418648,
            0.0,
            69.85716481569851,
            96.9153592391045,
            79.67420531851353,
            73.52349450001383,
            73.69231971797807,
            92.90528899899981,
            27.39045503727794,
            52.57562988352679,
            73.8647592096271,
            29.84469051995024,
            84.66052239869202,
            28.13519451292193,
            66.56715750550985
        ],
        [
            53.165866252128254,
            48.07675929302487,
            70.96406911380002,
            31.58999969669848,
            64.66237493803912,
            109.61103411097643,
            99.65470145524426,
            69.85716481569851,
            0.0,
            88.05849894076498,
            88.09718719778073,
            78.54801208197675,
            68.08173106409343,
            93.95167725951198,
            84.69106039632727,
            84.18285433769718,
            114.57205358374888,
            94.14810898846055,
            79.84228927118617,
            97.9201106381779,
            53.165866252128254
        ],
        [
            37.22960729178274,
            50.91844167317814,
            91.61492881416328,
            69.9485958484092,
            39.2680952190987,
            90.1673438437333,
            57.5685699225272,
            96.9153592391045,
            88.05849894076498,
