{
    "vertices": [
        [
            96.85415382473005,
            17.305279191280064
        ],
        [
            78.49522208331133,
            39.87429432912407
        ],
        [
            24.914496637951466,
            81.25643068972849
        ],
        [
            21.32695312655898,
            93.49106744837097
        ],
        [
            18.635923142372057,
            87.0980505558186
        ],
        [
            36.7794917166682,
            95.59459609727166
        ],
        [
            7.946618625408197,
            63.90467747494017
        ],
        [
            10.337472914766543,
            46.27362370277224
        ],
        [
            64.05579576463639,
            97.57949417072493
        ],
        [
            43.25000018899442,
            70.82342041757593
        ],
        [
            64.39014120572966,
            47.043546737809905
        ],
        [
            60.07510117332872,
            49.99979519236262
        ],
        [
            73.64100178695051,
            16.84454538855007
        ],
        [
            84.53373954085065,
            25.55942563318393
        ],
        [
            60.48415778484808,
            40.144414825997984
        ],
        [
            45.67785278320283,
            90.78077845386844
        ],
        [
            34.83778289711845,
            17.662268525206347
        ],
        [
            59.031012941180464,
            19.15599350594753
        ],
        [
            75.1856318140358,
            60.59271232127582
        ],
        [
            62.267429863216286,
            32.231369467216055
        ],
        [
            42.34474450262571,
            88.40438423103126
        ],
        [
            96.85415382473005,
            17.305279191280064
        ]
    ],
    "distances": [
        [
            0.0,
            29.09314041107119,
            96.2552027379753,
            107.27829406574334,
            104.82901576291422,
            98.68222823287172,
            100.37954839317538,
            91.23760770325437,
            86.7160993241984,
            75.74692553048803,
            44.02586367120588,
            49.210060866448785,
            23.21772390149487,
            14.829819338441512,
            42.946510085012406,
            89.54140260337473,
            62.01739840089752,
            37.86839222585711,
            48.407919942007375,
            37.67000989268972,
            89.58994609942731,
            0.0
        ],
        [
            29.09314041107119,
            0.0,
            67.70063034432319,
            78.37709700692143,
            76.24446748360832,
            69.60570514804016,
            74.5289525217897,
            68.45750644125673,
            59.484343496180024,
            46.90494720195864,
            15.822499381025988,
            21.019672263615895,
            23.535776829148226,
            15.536381781708828,
            18.013089747353423,
            60.56772947471743,
            48.983120425408146,
            28.427160015172962,
            20.981092246305973,
            17.937545561847333,
            60.51468131948518,
            29.09314041107119
        ],
        [
            96.2552027379753,
            67.70063034432319,
            0.0,
            12.749776667144413,
            8.575838606182542,
            18.610779013035426,
            24.269161993679674,
            37.89836942815523,
            42.40853332442971,
            21.095933110653096,
            52.238376145789644,
            47.04514187361309,
            80.76610224647216,
            81.58805363889768,
            54.36357827152914,
            22.84360214035486,
            64.36372481133229,
            70.85478800395364,
            54.3523347125298,
            61.633580525572135,
            18.838969729064374,
            96.2552027379753
        ],
        [
            107.27829406574334,
            78.37709700692143,
            12.749776667144413,
            0.0,
            6.936303580744791,
            15.595056321012775,
            32.471338485233595,
            48.47943552883179,
            42.92399359628179,
            31.53477785579709,
            63.3388533816332,
            58.248688736319444,
            92.79789346266662,
            92.7890392693488,
            66.1751616746289,
            24.50126487595404,
            77.02304374158923,
            83.35046097371097,
            63.11148104766151,
            73.68088783508986,
            21.624567058820634,
            107.27829406574334
        ],
        [
            104.82901576291422,
            76.24446748360832,
            8.575838606182542,
            6.936303580744791,
            0.0,
            20.03447944789613,
            25.53808500896651,
            41.659309932592244,
            46.613576233487784,
            29.507903602147994,
            60.809635311323426,
            55.619115660836535,
            89.22507307356877,
            90.16387615589909,
            62.89609408334048,
            27.291545274511602,
            71.30096833644805,
            79.04357276857955,
            62.45320252619202,
            70.10036428157483,
            23.744782963072424,
            104.82901576291422
        ],
        [
            98.68222823287172,
            69.60570514804016,
            18.610779013035426,
            15.595056321012775,
            20.03447944789613,
            0.0,
            42.84373364900283,
            55.961939532677874,
            27.348429257988553,
            25.60231677885411,
            55.85295300261842,
            51.201282108122506,
            86.95022375639839,
            84.76669916416033,
            60.30450892280799,
            10.11699905971922,
            77.95651296677917,
            79.61149516821867,
            51.963097146407165,
            68.29738999357185,
            9.092369617048801,
            98.68222823287172
        ],
        [
            100.37954839317538,
            74.5289525217897,
            24.269161993679674,
            32.471338485233595,
            25.53808500896651,
            42.84373364900283,
            0.0,
            17.792420896269856,
            65.43877320622683,
            35.97496009352105,
            58.90814010822153,
            53.951130146097896,
            80.81093992130037,
            85.65013385234323,
            57.66058534281798,
            46.324624498206965,
            53.492944407300385,
            67.91214957256238,
            67.32053184400375,
            62.88043394956604,
            42.23111051108361,
            100.37954839317538
        ],
        [
            91.23760770325437,
            68.45750644125673,
            37.89836942815523,
            48.47943552883179,
            41.659309932592244,
            55.961939532677874,
            17.792420896269856,
            0.0,
            74.28290889751953,
            41.060041041321185,
            54.05815138212526,
            49.87700891950878,
            69.80979457136405,
            77.0335250583478,
            50.51986940713913,
            56.83158693265042,
            37.66795500592193,
            55.735327287060166,
            66.41024026074167,
            53.79503074340454,
            52.90998409741288,
            91.23760770325437
        ],
        [
            86.7160993241984,
            59.484343496180024,
            42.40853332442971,
            42.92399359628179,
            46.613576233487784,
            27.348429257988553,
            65.43877320622683,
            74.28290889751953,
            0.0,
            33.89348923051965,
            50.53705343425089,
            47.74592845783646,
            81.3019564915298,
            74.87480519810315,
            57.5460245125043,
            19.595186236100293,
            85.0908645555043,
            78.58431076837944,
            38.625060285587246,
