{
    "vertices": [
        [
            0.125590394230779,
            53.03352711134911
        ],
        [
            45.348432079144864,
            48.635477877924686
        ],
        [
            47.41803683667144,
            45.34263636632343
        ],
        [
            24.32175873664868,
            5.22219661493788
        ],
        [
            31.830676777374244,
            69.89641641502818
        ],
        [
            95.59457676237385,
            5.886240611289861
        ],
        [
            71.3631815316164,
            8.702985728565293
        ],
        [
            22.56554666094176,
            77.97000031482196
        ],
        [
            19.953641131600776,
            51.691411482492015
        ],
        [
            62.742665943235046,
            72.95142377975831
        ],
        [
            90.0515002973793,
            71.23472352134563
        ],
        [
            1.3758601830874073,
            92.8082038998446
        ],
        [
            50.504984334758,
            87.45979274027836
        ],
        [
            49.18439142563411,
            71.42928989097557
        ],
        [
            29.143278823279772,
            52.39262564019522
        ],
        [
            14.28964895624688,
            34.91766502930529
        ],
        [
            0.125590394230779,
            53.03352711134911
        ]
    ],
    "distances": [
        [
            0.0,
            45.43619974335913,
            47.913727583679396,
            53.585239444194784,
            35.91057696878071,
            106.47626018263111,
            83.90465595155034,
            33.54667394957987,
            19.873421205342105,
            65.70860490075204,
            91.7494023014017,
            39.79432231077958,
            61.01844884105484,
            52.3943703739544,
            29.024765226631736,
            22.995760781584387,
            0.0
        ],
        [
            45.43619974335913,
            0.0,
            3.889224739315159,
            48.237267562241136,
            25.194388579146754,
            65.97099622111993,
            47.65890387255583,
            37.14261803615627,
            25.578001045136247,
            29.896899451608043,
            50.09081963569575,
            62.32829857585993,
            39.16525827434367,
            23.114334301342552,
            16.6349977864023,
            33.95329731299981,
            45.43619974335913
        ],
        [
            47.913727583679396,
            3.889224739315159,
            0.0,
            46.29349574095857,
            29.08356766798642,
            62.27187298604908,
            43.770240498754646,
            41.014523600336034,
            28.188649788884625,
            31.57672243431824,
            49.879979790480846,
            66.12762004094127,
            42.23013267661037,
            26.14638599594971,
            19.587473783255724,
            34.72995984641374,
            47.913727583679396
        ],
        [
            53.585239444194784,
            48.237267562241136,
            46.29349574095857,
            0.0,
            65.10866729470605,
            71.2759113849639,
            47.17002598503054,
            72.76899905874565,
            46.6740654091589,
            77.8679287185743,
            93.15606600865907,
            90.54182973930921,
            86.30517666511147,
            70.72149393423021,
            47.41620430161642,
            31.34428290764882,
            53.585239444194784
        ],
        [
            35.91057696878071,
            25.194388579146754,
            29.08356766798642,
            65.10866729470605,
            0.0,
            90.35008327457435,
            72.85228130486455,
            12.289238913026042,
            21.736747234226186,
            31.062584312784583,
            58.23620314940179,
            38.1109677066988,
            25.63595035667916,
            17.421283339251794,
            17.708890401512985,
            39.13055973948975,
            35.91057696878071
        ],
        [
            106.47626018263111,
            65.97099622111993,
            62.27187298604908,
            71.2759113849639,
            90.35008327457435,
            0.0,
            24.394560210933697,
            102.61241469993985,
            88.42886871174358,
            74.67922628073266,
            65.58315267919518,
            128.18968076949395,
            93.20577102427359,
            80.31062577187305,
            81.10868539340926,
            86.33258301069452,
            106.47626018263111
        ],
        [
            83.90465595155034,
            47.65890387255583,
            43.770240498754646,
            47.17002598503054,
            72.85228130486455,
            24.394560210933697,
            0.0,
            84.72973786495729,
            67.01451777743169,
            64.82418592645428,
            65.26462663400288,
            109.41623678952203,
            81.47207522202469,
            66.53185676381223,
            60.75610932498309,
            62.80603101193716,
            83.90465595155034
        ],
        [
            33.54667394957987,
            37.14261803615627,
            41.014523600336034,
            72.76899905874565,
            12.289238913026042,
            102.61241469993985,
            84.72973786495729,
            0.0,
            26.4080722793781,
            40.48934457683793,
            67.82122006941587,
            25.868418943962197,
            29.507089619400148,
            27.41065102210092,
            26.40963187258946,
            43.840552646552226,
            33.54667394957987
        ],
        [
            19.873421205342105,
            25.578001045136247,
            28.188649788884625,
            46.6740654091589,
            21.736747234226186,
            88.42886871174358,
            67.01451777743169,
            26.4080722793781,
            0.0,
            47.77958525574042,
            72.77122305604958,
            45.11900446222865,
            47.04000073681401,
            35.27067630227993,
            9.216351892114943,
            17.704219198774748,
            19.873421205342105
        ],
        [
            65.70860490075204,
            29.896899451608043,
            31.57672243431824,
            77.8679287185743,
            31.062584312784583,
            74.67922628073266,
            64.82418592645428,
            40.48934457683793,
            47.77958525574042,
            0.0,
            27.362739145767623,
            64.49943074121774,
            18.980348285662167,
            13.643448958016728,
            39.39013830617911,
            61.59757836010297,
            65.70860490075204
        ],
        [
            91.7494023014017,
            50.09081963569575,
            49.879979790480846,
            93.15606600865907,
            58.23620314940179,
            65.58315267919518,
            65.26462663400288,
            67.82122006941587,
            72.77122305604958,
            27.362739145767623,
            0.0,
            91.26217291584116,
            42.74552369478025,
            40.86757202975565,
            63.756067128555,
            84.0165867918361,
            91.7494023014017
        ],
        [
            39.79432231077958,
            62.32829857585993,
            66.12762004094127,
            90.54182973930921,
            38.1109677066988,
            128.18968076949395,
            109.41623678952203,
            25.868418943962197,
            45.11900446222865,
            64.49943074121774,
            91.26217291584116,
            0.0,
            49.419392366175806,
            52.37092345727905,
            49.03517619017542,
            59.31340852791384,
            39.79432231077958
        ],
        [
            61.01844884105484,
            39.16525827434367,
            42.23013267661037,
            86.30517666511147,
