{
    "vertices": [
        [
            47.943791162360085,
            6.148894337756561
        ],
        [
            46.49630186505724,
            11.634153533186797
        ],
        [
            91.90814922293683,
            18.00089268640782
        ],
        [
            79.34564973751598,
            78.62601044758384
        ],
        [
            83.69412890175703,
            92.72243191840394
        ],
        [
            52.321487896429154,
            9.929372594104112
        ],
        [
            53.75657695179788,
            57.25724347207149
        ],
        [
            18.65199670319392,
            88.31870889543913
        ],
        [
            41.258573646372945,
            74.73255405903352
        ],
        [
            85.80860958898006,
            41.165534082932666
        ],
        [
            75.67090368563156,
            60.52100803587881
        ],
        [
            98.90037109934165,
            55.48802957605896
        ],
        [
            87.37292166416105,
            57.922424211905025
        ],
        [
            39.30473201923014,
            64.68054805456912
        ],
        [
            59.432027490523865,
            76.4715553534313
        ],
        [
            35.39895217357347,
            43.51690309153947
        ],
        [
            0.7862219265647563,
            96.98154860455583
        ],
        [
            47.943791162360085,
            6.148894337756561
        ]
    ],
    "distances": [
        [
            0.0,
            5.673032144000089,
            45.533884575500814,
            78.98739824536239,
            93.66463611048043,
            5.7841373204822535,
            51.43784433536187,
            87.23466998322388,
            68.90871145218121,
            51.57431079058979,
            61.03375719124369,
            70.92900186057526,
            65.07806641071473,
            59.16576569016372,
            71.25486808813305,
            39.41752228993315,
            102.34455245581329,
            0.0
        ],
        [
            5.673032144000089,
            0.0,
            45.85598377420893,
            74.61225468034628,
            89.21315613591253,
            6.069519779220602,
            46.19716365651368,
            81.58324804182112,
            63.315416336094444,
            49.16868897737981,
            56.93050091608571,
            68.33263434330095,
            61.75355899563013,
            53.53166024480793,
            66.11521513431836,
            33.75886386677894,
            96.81729831725175,
            5.673032144000089
        ],
        [
            45.533884575500814,
            45.85598377420893,
            0.0,
            61.9130139540764,
            75.17166058452806,
            40.40115334467669,
            54.741241708304486,
            101.54338559651703,
            76.05169891714667,
            23.954227075316,
            45.51492449703787,
            38.13366752559105,
            40.178314652946135,
            70.32858399539646,
            66.8843544896664,
            62.00287201540395,
            120.5866893295699,
            45.533884575500814
        ],
        [
            78.98739824536239,
            74.61225468034628,
            61.9130139540764,
            0.0,
            14.75189375384857,
            73.82095485419704,
            33.338039055807194,
            61.46273604267653,
            38.28556343874363,
            38.01390718550549,
            18.474167663894498,
            30.294443159591037,
            22.205305167965903,
            42.39989402200818,
            20.029828450304294,
            56.249103513877266,
            80.67533377071403,
            78.98739824536239
        ],
        [
            93.66463611048043,
            89.21315613591253,
            75.17166058452806,
            14.75189375384857,
            0.0,
            88.5377505696085,
            46.41159993245628,
            65.19104031535585,
            46.091344688865625,
            51.60023975713545,
            33.18589825408876,
            40.219777716482085,
            34.99391450754117,
            52.504912210452154,
            29.201721764631262,
            68.94641515218811,
            83.01723383703768,
            93.66463611048043
        ],
        [
            5.7841373204822535,
            6.069519779220602,
            40.40115334467669,
            73.82095485419704,
            88.5377505696085,
            0.0,
            47.3496234667013,
            85.3142583802681,
            65.74070580455208,
            45.79394178063174,
            55.71991380440648,
            65.1550733744502,
            59.430093494479706,
            56.27723472123715,
            66.92101209407168,
            37.60976495815251,
            101.16306137488786,
            5.7841373204822535
        ],
        [
            51.43784433536187,
            46.19716365651368,
            54.741241708304486,
            33.338039055807194,
            46.41159993245628,
            47.3496234667013,
            0.0,
            46.873725995249615,
            21.484565779489234,
            35.864688862995735,
            22.1560347383096,
            45.17844915272824,
            33.62292517371255,
            16.24688502081289,
            20.034982403079116,
            22.93031489689921,
            66.21086715757438,
            51.43784433536187
        ],
        [
            87.23466998322388,
            81.58324804182112,
            101.54338559651703,
            61.46273604267653,
            65.19104031535585,
            85.3142583802681,
            46.873725995249615,
            0.0,
            26.375005674438462,
            82.05749538701588,
            63.433965086138805,
            86.70441221642804,
            75.14319430296617,
            31.389458803443716,
            42.46605654005899,
            47.82951307317704,
            19.855243644818056,
            87.23466998322388
        ],
        [
            68.90871145218121,
            63.315416336094444,
            76.05169891714667,
            38.28556343874363,
            46.091344688865625,
            65.74070580455208,
            21.484565779489234,
            26.375005674438462,
            0.0,
            55.78037766601746,
            37.231391312964725,
            60.76947042870192,
            49.08272158899706,
            10.240132900394626,
            18.256465981328397,
            31.760856870193297,
            46.1847270428065,
            68.90871145218121
        ],
        [
            51.57431079058979,
            49.16868897737981,
            23.954227075316,
            38.01390718550549,
            51.60023975713545,
            45.79394178063174,
            35.864688862995735,
            82.05749538701588,
            55.78037766601746,
            0.0,
            21.849655670649906,
            19.404331902820264,
            16.8297486333875,
            52.111097773013256,
            44.07084320896869,
            50.464467667392405,
            101.70660686944619,
            51.57431079058979
        ],
        [
            61.03375719124369,
            56.93050091608571,
            45.51492449703787,
            18.474167663894498,
            33.18589825408876,
            55.71991380440648,
            22.1560347383096,
            63.433965086138805,
            37.231391312964725,
            21.849655670649906,
            0.0,
            23.76844606829882,
            11.987070645493242,
            36.60328147635487,
            22.76227272944238,
            43.71463900740418,
            83.28917445092642,
            61.03375719124369
        ],
        [
            70.92900186057526,
            68.33263434330095,
            38.13366752559105,
            30.294443159591037,
            40.219777716482085,
            65.1550733744502,
            45.17844915272824,
