{
    "vertices": [
        [
            98.65036409204819,
            83.02322721095486
        ],
        [
            81.1823879283219,
            89.25305829325497
        ],
        [
            12.78857797927644,
            48.34653569913182
        ],
        [
            43.00651251384689,
            42.12231412824903
        ],
        [
            55.094163935695825,
            40.938673250715716
        ],
        [
            2.202202328355274,
            7.637799273384305
        ],
        [
            18.7953743768565,
            24.74671170935192
        ],
        [
            15.934390552171596,
            81.976920562136
        ],
        [
            76.1053318813409,
            73.96330337001996
        ],
        [
            59.762111710205225,
            68.79244968692151
        ],
        [
            6.083276026664109,
            17.070792057189788
        ],
        [
            42.16759378722583,
            6.156684892842801
        ],
        [
            1.745478801230893,
            24.885794937115303
        ],
        [
            55.698930052777996,
            50.06458532488537
        ],
        [
            98.65036409204819,
            83.02322721095486
        ]
    ],
    "distances": [
        [
            0.0,
            18.545646027316018,
            92.59977996022185,
            69.05883657763104,
            60.56609822410975,
            122.41409499288112,
            98.85834128399048,
            82.72259084586827,
            24.297339306709485,
            41.41027894439311,
            113.65909332568229,
            95.38746599658381,
            113.00671583858076,
            54.13961360227788,
            0.0
        ],
        [
            18.545646027316018,
            0.0,
            79.69351811841197,
            60.652324845868506,
            54.90787951768099,
            113.57341336019516,
            89.73966909607672,
            65.65244353320242,
            16.1106518712551,
            29.62203129094933,
            104.16408290477055,
            91.79957208055401,
            102.24170931486012,
            46.74551356961708,
            18.545646027316018
        ],
        [
            92.59977996022185,
            79.69351811841197,
            0.0,
            30.852301400366038,
            42.94926110156777,
            42.062721866320054,
            24.352274951440815,
            33.77719530656099,
            68.30248978330772,
            51.2303452063989,
            31.9864536113678,
            51.41118634014067,
            25.929836030308667,
            42.9447320353546,
            92.59977996022185
        ],
        [
            69.05883657763104,
            60.652324845868506,
            30.852301400366038,
            0.0,
            12.145465105260248,
            53.42446531776617,
            29.80085182185257,
            48.17976174191656,
            45.92799189401349,
            31.496765471187203,
            44.61954897536723,
            35.975412032784035,
            44.71655730107088,
            14.972546034108063,
            69.05883657763104
        ],
        [
            60.56609822410975,
            54.90787951768099,
            42.94926110156777,
            12.145465105260248,
            0.0,
            62.50206244858241,
            39.74646829586129,
            56.72411827293807,
            39.141989895213044,
            28.242213053931888,
            54.5136944840463,
            37.10637317133706,
            55.71155273125621,
            9.145928779618073,
            60.56609822410975
        ],
        [
            122.41409499288112,
            113.57341336019516,
            42.062721866320054,
            53.42446531776617,
            62.50206244858241,
            0.0,
            23.833762677612818,
            75.59681175418746,
            99.30128423841361,
            83.98234597371477,
            10.200200287789986,
            39.99282703521984,
            17.254041578607378,
            68.27834248047373,
            122.41409499288112
        ],
        [
            98.85834128399048,
            89.73966909607672,
            24.352274951440815,
            29.80085182185257,
            39.74646829586129,
            23.833762677612818,
            0.0,
            57.301675662919266,
            75.54273045011509,
            60.152311690643316,
            14.849821109071078,
            29.863853354933507,
            17.050462846620405,
            44.753403735782626,
            98.85834128399048
        ],
        [
            82.72259084586827,
            65.65244353320242,
            33.77719530656099,
            48.17976174191656,
            56.72411827293807,
            75.59681175418746,
            57.301675662919266,
            0.0,
            60.70222599658198,
            45.76788627592198,
            65.64944763587319,
            80.23022553202017,
            58.827900198867184,
            50.98642703690812,
            82.72259084586827
        ],
        [
            24.297339306709485,
            16.1106518712551,
            68.30248978330772,
            45.92799189401349,
            39.141989895213044,
            99.30128423841361,
            75.54273045011509,
            60.70222599658198,
            0.0,
            17.141720257145394,
            90.22109592327054,
            75.8255074249702,
            89.09539597575944,
            31.425625845631412,
            24.297339306709485
        ],
        [
            41.41027894439311,
            29.62203129094933,
            51.2303452063989,
            31.496765471187203,
            28.242213053931888,
            83.98234597371477,
            60.152311690643316,
            45.76788627592198,
            17.141720257145394,
            0.0,
            74.54225156451737,
            65.06001915371063,
            72.75798255458547,
            19.163568267524617,
            41.41027894439311
        ],
        [
            113.65909332568229,
            104.16408290477055,
            31.9864536113678,
            44.61954897536723,
            54.5136944840463,
            10.200200287789986,
            14.849821109071078,
            65.64944763587319,
            90.22109592327054,
            74.54225156451737,
            0.0,
            37.69874962701071,
            8.938162830370691,
            59.58442345639055,
            113.65909332568229
        ],
        [
            95.38746599658381,
            91.79957208055401,
            51.41118634014067,
            35.975412032784035,
            37.10637317133706,
            39.99282703521984,
            29.863853354933507,
            80.23022553202017,
            75.8255074249702,
            65.06001915371063,
            37.69874962701071,
            0.0,
            44.55027433127057,
            45.945628535058816,
            95.38746599658381
        ],
        [
            113.00671583858076,
            102.24170931486012,
            25.929836030308667,
            44.71655730107088,
            55.71155273125621,
            17.254041578607378,
            17.050462846620405,
            58.827900198867184,
            89.09539597575944,
            72.75798255458547,
            8.938162830370691,
            44.55027433127057,
            0.0,
            59.53945236013119,
            113.00671583858076
        ],
        [
            54.13961360227788,
            46.74551356961708,
            42.9447320353546,
            14.972546034108063,
            9.145928779618073,
            68.27834248047373,
            44.753403735782626,
            50.98642703690812,
            31.425625845631412,
            19.163568267524617,
            59.58442345639055,
            45.945628535058816,
            59.53945236013119,
            0.0,
            54.13961360227788
        ],
        [
            0.0,
            18.545646027316018,
