{
    "vertices": [
        [
            84.21687711087542,
            19.25078698040266
        ],
        [
            25.179121519162905,
            60.284735270298874
        ],
        [
            21.241838969670656,
            38.14044909653411
        ],
        [
            67.59471715526844,
            19.50575259782237
        ],
        [
            19.058125428685514,
            2.032016912126
        ],
        [
            32.43526687616052,
            11.332677935628777
        ],
        [
            42.49956501356548,
            28.17599373846673
        ],
        [
            39.205779866471566,
            21.694335479831352
        ],
        [
            68.41874516091067,
            1.7259029425147232
        ],
        [
            85.97878776991438,
            61.00656222392169
        ],
        [
            51.030514183729814,
            90.02348095847117
        ],
        [
            84.21687711087542,
            19.25078698040266
        ]
    ],
    "distances": [
        [
            0.0,
            71.8974373504693,
            65.74705136922725,
            16.62411528640999,
            67.39546693543613,
            52.38350512656499,
            42.661381181327855,
            45.07737574897456,
            23.594544573903438,
            41.792931164943575,
            78.16718555279803,
            0.0
        ],
        [
            71.8974373504693,
            0.0,
            22.491589628572843,
            58.83883225360403,
            58.57342220885041,
            49.486923148835054,
            36.48244845950988,
            41.060517536682845,
            72.79286981754142,
            60.80395094361668,
            39.40415584431939,
            71.8974373504693
        ],
        [
            65.74705136922725,
            22.491589628572843,
            0.0,
            49.95839498710869,
            36.174403652929534,
            29.05080761206569,
            23.47725041695049,
            24.355242261928996,
            59.595970076677744,
            68.65662145430595,
            59.82653396441648,
            65.74705136922725
        ],
        [
            16.62411528640999,
            58.83883225360403,
            49.95839498710869,
            0.0,
            51.58616263346768,
            36.09689866682252,
            26.55070135518346,
            28.473174312300767,
            17.79893468495871,
            45.390431282220995,
            72.43702667302531,
            16.62411528640999
        ],
        [
            67.39546693543613,
            58.57342220885041,
            36.174403652929534,
            51.58616263346768,
            0.0,
            16.292642780711095,
            35.114222390760965,
            28.15199372695246,
            49.36156891866107,
            89.19849798579463,
            93.62014413427774,
            67.39546693543613
        ],
        [
            52.38350512656499,
            49.486923148835054,
            29.05080761206569,
            36.09689866682252,
            16.292642780711095,
            0.0,
            19.62109538819644,
            12.377551987986186,
            37.243802642015595,
            73.0370002805877,
            80.85805898492397,
            52.38350512656499
        ],
        [
            42.661381181327855,
            36.48244845950988,
            23.47725041695049,
            26.55070135518346,
            35.114222390760965,
            19.62109538819644,
            0.0,
            7.270551174220058,
            37.03256948450429,
            54.482006557893556,
            62.43307432100825,
            42.661381181327855
        ],
        [
            45.07737574897456,
            41.060517536682845,
            24.355242261928996,
            28.473174312300767,
            28.15199372695246,
            12.377551987986186,
            7.270551174220058,
            0.0,
            35.38552867050977,
            61.09963535009268,
            69.34476522070624,
            45.07737574897456
        ],
        [
            23.594544573903438,
            72.79286981754142,
            59.595970076677744,
            17.79893468495871,
            49.36156891866107,
            37.243802642015595,
            37.03256948450429,
            35.38552867050977,
            0.0,
            61.826787570342745,
            89.99340453610868,
            23.594544573903438
        ],
        [
            41.792931164943575,
            60.80395094361668,
            68.65662145430595,
            45.390431282220995,
            89.19849798579463,
            73.0370002805877,
            54.482006557893556,
            61.09963535009268,
            61.826787570342745,
            0.0,
            45.42426003252286,
            41.792931164943575
        ],
        [
            78.16718555279803,
            39.40415584431939,
            59.82653396441648,
            72.43702667302531,
            93.62014413427774,
            80.85805898492397,
            62.43307432100825,
            69.34476522070624,
            89.99340453610868,
            45.42426003252286,
            0.0,
            78.16718555279803
        ],
        [
            0.0,
            71.8974373504693,
            65.74705136922725,
            16.62411528640999,
            67.39546693543613,
            52.38350512656499,
            42.661381181327855,
            45.07737574897456,
            23.594544573903438,
            41.792931164943575,
            78.16718555279803,
            0.0
        ]
    ],
    "scores_ave": [
        0,
        16.012937937827616,
        19.254945173094992,
        10.996388551111064,
        10.378578851841015,
        11.41775313765448,
        19.093937340412946,
        19.997953719424522,
        11.829533418424056,
        19.697758865233602,
        17.44972123740537,
        0
    ],
    "scores_var": [
        0,
        16.39540726220115,
        17.01968805429105,
        296.09731550701383,
        394.835815155486,
        19.80801877726202,
        368.601108168532,
        20.895817991917482,
        21.822777925099125,
        289.6834060502555,
        16.75367288328676,
        0
    ],
    "vertex_number": 12,
    "minimum_distances": {
        "cost": 292.3155519202562,
        "path": [
            0,
            9,
            10,
            1,
            2,
            6,
            7,
            5,
            4,
            8,
            3,
            11
        ]
    }
}