{
    "vertices": [
        [
            51.50614624310255,
            74.7783439967356
        ],
        [
            16.624365580490018,
            8.358811773717633
        ],
        [
            41.498461269365436,
            47.38055861003582
        ],
        [
            54.547919170647816,
            74.32364501427566
        ],
        [
            93.51409712631963,
            11.629569878827251
        ],
        [
            38.85325396974969,
            32.31866724987984
        ],
        [
            33.89680771232866,
            56.05015279210526
        ],
        [
            17.06709021659185,
            39.57718947689226
        ],
        [
            39.434441598352464,
            33.64945563759056
        ],
        [
            32.366790626091955,
            67.88819042726604
        ],
        [
            8.106835830209624,
            49.441405895269206
        ],
        [
            75.23615743795015,
            6.016022143093458
        ],
        [
            24.053845101435467,
            40.28339930660842
        ],
        [
            80.78686029805297,
            35.70837365486012
        ],
        [
            66.20808535425768,
            89.81594577712973
        ],
        [
            93.44140064307219,
            19.558251598883015
        ],
        [
            41.40667502665198,
            24.14769291307064
        ],
        [
            43.531871105023846,
            53.60221775072721
        ],
        [
            13.78851555546029,
            68.57593312074391
        ],
        [
            51.50614624310255,
            74.7783439967356
        ]
    ],
    "distances": [
        [
            0.0,
            75.02194934097042,
            29.168345901494376,
            3.075570468611866,
            75.84481267694838,
            44.30485111507042,
            25.706690749464258,
            49.24601364097434,
            42.86387185835056,
            20.341807924697086,
            50.253960805812866,
            72.74180598535798,
            44.08548567439979,
            48.824407810876735,
            21.03037044214451,
            69.33847536553965,
            51.628113930374575,
            22.62780119155782,
            38.22420130446145,
            0.0
        ],
        [
            75.02194934097042,
            0.0,
            46.27545097021788,
            76.08912630172723,
            76.95926634117482,
            32.68330083484138,
            50.72278842226497,
            31.221516803664137,
            34.05754299696203,
            61.57573279461593,
            41.95626118713458,
            58.65859534625416,
            32.77768227159074,
            69.7482921903593,
            95.36146992707984,
            77.62914612568837,
            29.384547454707306,
            52.64009534521499,
            60.28385976931926,
            75.02194934097042
        ],
        [
            29.168345901494376,
            46.27545097021788,
            0.0,
            29.936904591217754,
            63.11703073546997,
            15.29240638366251,
            11.530264527884091,
            25.64730904688445,
            13.885365174968335,
            22.448838978626398,
            33.45516015507819,
            53.378432160271814,
            18.83306410079437,
            40.985585269277365,
            49.10527065843182,
            58.92494987866699,
            23.233047006528714,
            6.545517399159606,
            34.886745221025485,
            29.168345901494376
        ],
        [
            3.075570468611866,
            76.08912630172723,
            29.936904591217754,
            0.0,
            73.81673307294446,
            44.84128313012095,
            27.57515045213068,
            51.10898855871207,
            43.391322701419426,
            23.09583380723835,
            52.68681092464167,
            71.37180497168559,
            45.701497581337165,
            46.68641358734607,
            19.389967982338902,
            67.17105937074797,
            51.86827996872968,
            23.46765567377079,
            41.162667249302594,
            3.075570468611866
        ],
        [
            75.84481267694838,
            76.95926634117482,
            63.11703073546997,
            73.81673307294446,
            0.0,
            58.44524381518169,
            74.34654923684734,
            81.39541944516358,
            58.39079131894495,
            83.09046562780837,
            93.40307931238834,
            19.120538628214266,
            75.13832944800411,
            27.235479591288303,
            82.81743569446375,
            7.929014982746783,
            53.58998826435202,
            65.26810926802159,
            97.97477554601522,
            75.84481267694838
        ],
        [
            44.30485111507042,
            32.68330083484138,
            15.29240638366251,
            44.84128313012095,
            58.44524381518169,
            0.0,
            24.24355100936241,
            22.96351619415985,
            1.4521627982105287,
            36.156122383010455,
            35.19276072049121,
            44.89481934911808,
            16.806530266150045,
            42.070386844062675,
            63.67278726516544,
            56.05973568270167,
            8.560653053746925,
            21.791718156689747,
            44.077550297257666,
            44.30485111507042
        ],
        [
            25.706690749464258,
            50.72278842226497,
            11.530264527884091,
            27.57515045213068,
            74.34654923684734,
            24.24355100936241,
            0.0,
            23.54990257667031,
            23.07502160484193,
            11.936502307445815,
            26.6232639852241,
            64.90266608961163,
            18.586942417510954,
            51.1122784657508,
            46.73486320469281,
            69.83707754469575,
            32.7744573320773,
            9.941168570548506,
            23.690474590165664,
            25.706690749464258
        ],
        [
            49.24601364097434,
            31.221516803664137,
            25.64730904688445,
            51.10898855871207,
            81.39541944516358,
            22.96351619415985,
            23.54990257667031,
            0.0,
            23.139499482589308,
            32.180640258275204,
            13.326249443007558,
            67.15647648745536,
            7.02235545557713,
            63.837111738385175,
            70.27638321452483,
            78.95437395663382,
            28.81813236382769,
            29.95139471801915,
            29.18349164734132,
            49.24601364097434
        ],
        [
            42.86387185835056,
            34.05754299696203,
            13.885365174968335,
            43.391322701419426,
            58.39079131894495,
            1.4521627982105287,
            23.07502160484193,
            23.139499482589308,
            0.0,
            34.96058709838021,
            35.08282451720746,
            45.22576150551912,
            16.7502823022383,
            41.40364326622933,
            62.2213999727029,
            55.81499490744867,
            9.704287689922344,
            20.36913460374698,
            43.3309629708216,
            42.86387185835056
        ],
        [
            20.341807924697086,
            61.57573279461593,
            22.448838978626398,
            23.09583380723835,
            83.09046562780837,
            36.156122383010455,
            11.936502307445815,
            32.180640258275204,
            34.96058709838021,
            0.0,
            30.476700383541715,
            75.27249045325006,
            28.829317649071125,
            58.13814371428775,
            40.32443035632435,
            77.8838300026486,
            44.66487023114276,
            18.131410243437767,
            18.591000366104193,
            20.341807924697086
        ],
        [
