{
    "vertices": [
        [
            69.64164357576695,
            61.62641366461027
        ],
        [
            88.18648360400346,
            74.15870877137338
        ],
        [
            63.8852058514472,
            76.52395831300838
        ],
        [
            74.98649763084724,
            97.73256804100376
        ],
        [
            76.45791990533844,
            28.489498509511723
        ],
        [
            85.18714214932747,
            54.08801046231495
        ],
        [
            6.3594152452354225,
            18.68138810282758
        ],
        [
            61.966298490012186,
            54.06257594505478
        ],
        [
            39.025303793169684,
            24.722022156051015
        ],
        [
            1.3427521205798154,
            82.1415310844815
        ],
        [
            11.94915440596711,
            18.040576151201048
        ],
        [
            83.3482972054755,
            18.52612922668143
        ],
        [
            65.61152683897643,
            61.41090489981153
        ],
        [
            64.89563591552378,
            64.21974696304808
        ],
        [
            30.608306621122637,
            0.21649465324059536
        ],
        [
            30.80323048414113,
            5.234758155154918
        ],
        [
            95.96637022235726,
            43.179221063539764
        ],
        [
            18.247868978894243,
            39.35547849771399
        ],
        [
            69.64164357576695,
            61.62641366461027
        ]
    ],
    "distances": [
        [
            0.0,
            22.382348230600865,
            15.971017870661427,
            36.49961436401852,
            33.83070748591103,
            17.276864551791466,
            76.47820371177461,
            10.776017967375061,
            47.950958012332435,
            71.31345326625642,
            72.30593708923757,
            45.22728017861756,
            4.03587474283632,
            5.408323798356858,
            72.76523583963555,
            68.47219247674823,
            32.14483081116919,
            56.01173645337426,
            0.0
        ],
        [
            22.382348230600865,
            0.0,
            24.416111602814443,
            27.017891674885718,
            47.151203297220036,
            20.29356991204305,
            98.8605190394586,
            33.03562716197484,
            69.71949213738382,
            87.20985695463352,
            94.66454020394868,
            55.84256400294831,
            25.925569935695666,
            25.322846362036554,
            93.71604714969439,
            89.68471835917818,
            31.94143538468888,
            78.11961759481994,
            22.382348230600865
        ],
        [
            15.971017870661427,
            24.416111602814443,
            0.0,
            23.938333395744056,
            49.65261792992038,
            30.93774791412562,
            81.5780577936826,
            22.54320082289084,
            57.458292003475336,
            62.79423255777941,
            78.21546796402588,
            61.176466911566926,
            15.211330238415208,
            12.34563023336118,
            83.24770887280896,
            78.59113915289394,
            46.27172581209229,
            58.85798508782669,
            15.971017870661427
        ],
        [
            36.49961436401852,
            27.017891674885718,
            23.938333395744056,
            0.0,
            69.2587017034893,
            44.82076031072971,
            104.68412241777384,
            45.56965871418446,
            81.38640717374007,
            75.27603659970865,
            101.60964625573558,
            79.64659215417342,
            37.512041942430606,
            34.99906665556742,
            107.13920107161157,
            102.50856515158056,
            58.448462087548315,
            81.40734957514273,
            36.49961436401852
        ],
        [
            33.83070748591103,
            47.151203297220036,
            49.65261792992038,
            69.2587017034893,
            0.0,
            27.04594489350968,
            70.7813491347275,
            29.39369627606273,
            37.62173078255281,
            92.30833673486951,
            65.34952796082682,
            12.11387744713848,
            34.66212978547768,
            37.55445467068537,
            53.866035545312414,
            51.23605776301038,
            24.42063845369141,
            59.215534701320045,
            33.83070748591103
        ],
        [
            17.276864551791466,
            20.29356991204305,
            30.93774791412562,
            44.82076031072971,
            27.04594489350968,
            0.0,
            86.41434739540344,
            23.220857588922748,
            54.71084526511787,
            88.41313114346241,
            81.6285511883598,
            35.60939128579473,
            20.900466447463998,
            22.680328695959897,
            76.68760984136996,
            73.10437817938012,
            15.33601786635707,
            68.5413290699405,
            17.276864551791466
        ],
        [
            76.47820371177461,
            98.8605190394586,
            81.5780577936826,
            104.68412241777384,
            70.7813491347275,
            86.41434739540344,
            0.0,
            65.90867861917124,
            33.219716049223315,
            63.65812325350346,
            5.6263508460070994,
            76.98903851072828,
            73.05220280060603,
            74.16354399597499,
            30.478861905658118,
            27.898242962297935,
            92.8953723284583,
            23.848550183046367,
            76.47820371177461
        ],
        [
            10.776017967375061,
            33.03562716197484,
            22.54320082289084,
            45.56965871418446,
            29.39369627606273,
            23.220857588922748,
            65.90867861917124,
            0.0,
            37.24456113751347,
            66.81049390723477,
            61.638455297586134,
            41.47323129966923,
            8.202781732035112,
            10.571146619041189,
            62.31150876470578,
            57.92488754984515,
            35.69947186278261,
            46.1259123947068,
            10.776017967375061
        ],
        [
            47.950958012332435,
            69.71949213738382,
            57.458292003475336,
            81.38640717374007,
            37.62173078255281,
            54.71084526511787,
            33.219716049223315,
            37.24456113751347,
            0.0,
            68.68023519280867,
            27.88834140557369,
            44.753958866445736,
            45.30895466490916,
            47.215933211683726,
            25.91074525337405,
            21.150790711925186,
            59.85777508063389,
            25.41337919216611,
            47.950958012332435
        ],
        [
            71.31345326625642,
            87.20985695463352,
            62.79423255777941,
            75.27603659970865,
            92.30833673486951,
            88.41313114346241,
            63.65812325350346,
            66.81049390723477,
            68.68023519280867,
            0.0,
            64.97251875060655,
            103.78742109812852,
            67.52950663089831,
            66.03150297205808,
            86.99531179600652,
            82.35636895719034,
            102.33127921041053,
            46.004665762843025,
            71.31345326625642
        ],
        [
            72.30593708923757,
            94.66454020394868,
            78.21546796402588,
            101.60964625573558,
            65.34952796082682,
            81.6285511883598,
            5.6263508460070994,
            61.638455297586134,
            27.88834140557369,
            64.97251875060655,
            0.0,
            71.40079379316242,
            68.99735959369421,
