{
    "vertices": [
        [
            99.90233398167106,
            35.02365358865486
        ],
        [
            83.38636499861211,
            12.214441496491279
        ],
        [
            0.9359744664869885,
            99.57826677763617
        ],
        [
            87.58480454530991,
            20.747228557019902
        ],
        [
            19.918144050342523,
            78.20226714413306
        ],
        [
            29.229826225948386,
            65.3639126022243
        ],
        [
            14.110860336201924,
            4.962557900489218
        ],
        [
            27.879707636318752,
            70.4838090040744
        ],
        [
            14.193947255609807,
            76.86978374603241
        ],
        [
            98.01185592847719,
            71.00151957093074
        ],
        [
            73.37014106717132,
            63.19770039544955
        ],
        [
            20.20685284370668,
            12.513334037474122
        ],
        [
            50.658326525703465,
            37.31599025630351
        ],
        [
            74.7930110421886,
            76.75183678116399
        ],
        [
            16.817479315247297,
            37.46361595398948
        ],
        [
            69.15098061974214,
            47.693213427042515
        ],
        [
            63.1936196556899,
            86.11225233285468
        ],
        [
            19.645117992515427,
            98.43456267025955
        ],
        [
            10.972719729229585,
            90.93526365922362
        ],
        [
            0.34136353700191524,
            44.86866582168615
        ],
        [
            99.90233398167106,
            35.02365358865486
        ]
    ],
    "distances": [
        [
            0.0,
            28.16091951117127,
            118.15937711272714,
            18.855711153375168,
            90.894792521597,
            76.90991268681277,
            90.90570072462056,
            80.27877258508593,
            95.37833173384958,
            36.02749988423026,
            38.7005707234879,
            82.81355082417312,
            49.297333373330034,
            48.70030154964979,
            83.12067427111626,
            33.25903606673985,
            62.909257101895186,
            102.28472079878556,
            105.04563023644235,
            100.04654467672944,
            0.0
        ],
        [
            28.16091951117127,
            0.0,
            120.12703636839777,
            9.50975024107367,
            91.55658471154294,
            75.88014872583065,
            69.65404052832527,
            80.47551305377816,
            94.6990177062436,
            60.579084950746875,
            51.95784281321709,
            63.180219158237314,
            41.24575435636278,
            65.10699749144078,
            71.19647008040548,
            38.22812349716168,
            76.60700627808826,
            107.22339234099765,
            106.961225980149,
            89.23435792361028,
            28.16091951117127
        ],
        [
            118.15937711272714,
            120.12703636839777,
            0.0,
            117.14244466020415,
            28.587691799824892,
            44.397793627914666,
            95.52858202655915,
            39.65415779290567,
            26.295418689835632,
            101.1946502663966,
            81.05710395409142,
            89.17213279090355,
            79.68000609889259,
            77.30399574490552,
            64.11280716989977,
            85.7049930032235,
            63.69731493188503,
            18.744068676857808,
            13.245291932383937,
            54.71283212297414,
            118.15937711272714
        ],
        [
            18.855711153375168,
            9.50975024107367,
            117.14244466020415,
            0.0,
            88.76856651759023,
            73.45714389930193,
            75.15035798569593,
            77.70731002600945,
            92.39025454376063,
            51.324625335778634,
            44.76716673078648,
            67.87919706701445,
            40.473307786492136,
            57.44689829195623,
            72.71486730939567,
            32.64800093626442,
            69.76758727041572,
            103.20427748167269,
            103.9027035806791,
            90.5166378887514,
            18.855711153375168
        ],
        [
            90.894792521597,
            91.55658471154294,
            28.587691799824892,
            88.76856651759023,
            0.0,
            15.859721696273398,
            73.46958251024714,
            11.088782205155823,
            5.877239228672094,
            78.42498709287807,
            55.51804218812812,
            65.68956755420511,
            51.153166630881735,
            54.89403224040497,
            40.85647834299537,
            57.919552444589286,
            43.992438606592515,
            20.234137626416665,
            15.561163726986079,
            38.65720259397137,
            90.894792521597
        ],
        [
            76.90991268681277,
            75.88014872583065,
            44.397793627914666,
            73.45714389930193,
            15.859721696273398,
            0.0,
            62.26481172685044,
            5.294918259212421,
            18.933111925634044,
            69.0126816051453,
            44.193436951736004,
            53.615274906368555,
            35.296835170017815,
            46.96475942346709,
            30.536746861627126,
            43.65721220454747,
            39.79991037321325,
            34.43159200273025,
            31.41999256067436,
            35.42031079939604,
            76.90991268681277
        ],
        [
            90.90570072462056,
            69.65404052832527,
            95.52858202655915,
            75.15035798569593,
            73.46958251024714,
            62.26481172685044,
            0.0,
            66.95233754061913,
            71.90727384790868,
            106.77322473300616,
            83.08425948493598,
            9.704398225671431,
            48.810468857356916,
            94.00012753454845,
            32.613564063050866,
            69.68015329027007,
            94.83875879028083,
            93.63569663053953,
            86.02996025773261,
            42.214884715244644,
            90.90570072462056
        ],
        [
            80.27877258508593,
            80.47551305377816,
            39.65415779290567,
            77.70731002600945,
            11.088782205155823,
            5.294918259212421,
            66.95233754061913,
            0.0,
            15.102341229197158,
            70.1340591175524,
            46.07023890087293,
            58.476052094184155,
            40.23642229364853,
            47.330182850540155,
            34.82392919376548,
            47.14582930045964,
            38.61762062831917,
            29.138515698463358,
            26.53503792350944,
            37.60978537543959,
            80.27877258508593
        ],
        [
            95.37833173384958,
            94.6990177062436,
            26.295418689835632,
            92.39025454376063,
            5.877239228672094,
            18.933111925634044,
            71.90727384790868,
            15.102341229197158,
            0.0,
            84.02308217818435,
            60.735062173087265,
            64.63673609257786,
            53.79733761982424,
            60.5991785694853,
            39.49340426606178,
            62.22176284681523,
            49.863725501546384,
            22.243087745492694,
            14.429623417300089,
            34.870698646413096,
            95.37833173384958
        ],
        [
            36.02749988423026,
            60.579084950746875,
            101.1946502663966,
            51.324625335778634,
            78.42498709287807,
            69.0126816051453,
            106.77322473300616,
            70.1340591175524,
