{
    "vertices": [
        [
            58.94549025296564,
            41.56710772883431
        ],
        [
            8.687823388994541,
            35.21906931298619
        ],
        [
            14.624537460442511,
            84.4527146760378
        ],
        [
            89.74134230792832,
            97.72248908338315
        ],
        [
            97.03115358204084,
            56.012868311164574
        ],
        [
            63.85346774878834,
            59.37931626180163
        ],
        [
            76.47745132643267,
            25.711652287931297
        ],
        [
            32.851069998414204,
            98.00269118975933
        ],
        [
            91.60180114806437,
            4.495239991488287
        ],
        [
            36.82648099048216,
            72.29618596012337
        ],
        [
            35.9681104464722,
            21.45021081946271
        ],
        [
            48.05769115544779,
            60.23196775386286
        ],
        [
            4.868743479930249,
            43.25542315241066
        ],
        [
            44.83582317932427,
            79.06397339568085
        ],
        [
            59.815623934026775,
            91.34530686510415
        ],
        [
            16.52288370238115,
            73.81557837350678
        ],
        [
            35.783996968292996,
            1.274968450489966
        ],
        [
            58.94549025296564,
            41.56710772883431
        ]
    ],
    "distances": [
        [
            0.0,
            50.656990340317115,
            61.67270173802257,
            64.04538514886111,
            40.73325115943571,
            18.47601190520876,
            23.638213264120115,
            62.17631260372537,
            49.40402836624379,
            37.86194421445514,
            30.539311125730013,
            21.608358774831082,
            54.10309557247607,
            40.06366982400057,
            49.785803617829174,
            53.28828581842351,
            46.474845441393725,
            0.0
        ],
        [
            50.656990340317115,
            0.0,
            49.59028543677543,
            102.35404443467979,
            90.75751245144531,
            60.224296179025586,
            68.45308345417754,
            67.27291923703964,
            88.42330799064271,
            46.54564029508214,
            30.558068102435026,
            46.643665983299655,
            8.897660051061225,
            56.82476135332531,
            75.92237173804158,
            39.383736259695496,
            43.432759594605415,
            50.656990340317115
        ],
        [
            61.67270173802257,
            49.59028543677543,
            0.0,
            76.27988780351676,
            87.17611623529729,
            55.24638345967847,
            85.30120376757304,
            22.711414572415915,
            110.98962511317912,
            25.312200357375527,
            66.51964822522541,
            41.28462604241308,
            42.33665486399369,
            30.68811361707546,
            45.713697331847364,
            10.805201857110575,
            85.82691998333624,
            61.67270173802257
        ],
        [
            64.04538514886111,
            102.35404443467979,
            76.27988780351676,
            0.0,
            42.341868326450424,
            46.26425133097298,
            73.22220578451733,
            56.89096234615026,
            93.24581106054069,
            58.70672396549181,
            93.32213508270603,
            56.063053457343074,
            100.84651358845879,
            48.62762441120949,
            30.597664506285483,
            77.0226139537099,
            110.51479245934918,
            64.04538514886111
        ],
        [
            40.73325115943571,
            90.75751245144531,
            87.17611623529729,
            42.341868326450424,
            0.0,
            33.34804055794511,
            36.614455736755694,
            76.69568667257019,
            51.802933271549776,
            62.3678525805857,
            70.1660354435464,
            49.15486570174207,
            93.04118573410504,
            57.05879390125733,
            51.31643850804662,
            82.4531261055634,
            82.14287476358615,
            40.73325115943571
        ],
        [
            18.47601190520876,
            60.224296179025586,
            55.24638345967847,
            46.26425133097298,
            33.34804055794511,
            0.0,
            35.956592703231486,
            49.52689932852646,
            61.49985231269218,
            29.95502522177339,
            47.076641676460945,
            15.81877279543642,
            61.14881541024553,
            27.370723984740486,
            32.2200052439914,
            49.4832279659671,
            64.52914399304363,
            18.47601190520876
        ],
        [
            23.638213264120115,
            68.45308345417754,
            85.30120376757304,
            73.22220578451733,
            36.614455736755694,
            35.956592703231486,
            0.0,
            84.43491844778019,
            26.055366208513533,
            61.174489994098224,
            40.73286856971922,
            44.71392342485428,
            73.7264602133528,
            62.02953167148935,
            67.71553075336537,
            76.86701427682408,
            47.46692263639032,
            23.638213264120115
        ],
        [
            62.17631260372537,
            67.27291923703964,
            22.711414572415915,
            56.89096234615026,
            76.69568667257019,
            49.52689932852646,
            84.43491844778019,
            0.0,
            110.4322952773124,
            26.012079956765394,
            76.61591343839399,
            40.716935983501024,
            61.48393249411061,
            22.41225871015858,
            27.774231492387397,
            29.18263343332966,
            96.77217785570195,
            62.17631260372537
        ],
        [
            49.40402836624379,
            88.42330799064271,
            110.98962511317912,
            93.24581106054069,
            51.802933271549776,
            61.49985231269218,
            26.055366208513533,
            110.4322952773124,
            0.0,
            87.16251472168184,
            58.15993962219946,
            70.72957186853422,
            94.99986890060497,
            88.02018346310253,
            92.48402660910558,
            102.1868541360055,
            55.91061985212708,
            49.40402836624379
        ],
        [
            37.86194421445514,
            46.54564029508214,
            25.312200357375527,
            58.70672396549181,
            62.3678525805857,
            29.95502522177339,
            61.174489994098224,
            26.012079956765394,
            87.16251472168184,
            0.0,
            50.85322003566249,
            16.48288332476739,
            43.181742568441656,
            10.485824196068512,
            29.855815187854155,
            20.360368762456876,
            71.02886814167306,
            37.86194421445514
        ],
        [
            30.539311125730013,
            30.558068102435026,
            66.51964822522541,
            93.32213508270603,
            70.1660354435464,
            47.076641676460945,
            40.73286856971922,
            76.61591343839399,
            58.15993962219946,
            50.85322003566249,
            0.0,
            40.62244001334396,
            37.98207354271994,
            58.2922118923379,
            73.85139369550542,
            55.85918511936283,
            20.176082434894052,
            30.539311125730013
        ],
        [
            21.608358774831082,
            46.643665983299655,
            41.28462604241308,
            56.063053457343074,
            49.15486570174207,
            15.81877279543642,
            44.71392342485428,
