{
    "vertices": [
        [
            28.461780133613157,
            43.77791556160506
        ],
        [
            92.64217525817486,
            26.783077018866575
        ],
        [
            74.39004749711154,
            44.59280820179124
        ],
        [
            81.47770686896308,
            8.411959894583987
        ],
        [
            96.56165979691484,
            23.00372650387148
        ],
        [
            53.700132054933945,
            33.56952679909412
        ],
        [
            12.272052052138294,
            27.34267478306778
        ],
        [
            59.52535840640433,
            59.21292515300475
        ],
        [
            65.6891516590573,
            64.22245568909575
        ],
        [
            50.951086603348585,
            91.185543416169
        ],
        [
            63.78728694956056,
            82.20081792689716
        ],
        [
            41.09418610836547,
            12.967429149955612
        ],
        [
            48.95247486464447,
            65.70994870016698
        ],
        [
            1.8439964569783807,
            89.54225970529505
        ],
        [
            12.60943708657325,
            46.88683281826172
        ],
        [
            28.461780133613157,
            43.77791556160506
        ]
    ],
    "distances": [
        [
            0.0,
            66.39237648584822,
            45.93549600285186,
            63.72942262291171,
            71.19803748111761,
            27.224724219558155,
            23.069989917652556,
            34.686963202281405,
            42.471830802521644,
            52.47144065381195,
            52.193973387512045,
            33.29960590807935,
            30.014707197493905,
            52.94224780605955,
            16.154322845287325,
            0.0
        ],
        [
            66.39237648584822,
            0.0,
            25.50150373241189,
            21.497518433712713,
            5.444800213471146,
            39.52895937743153,
            80.37207135448978,
            46.35103675644135,
            46.13212065738361,
            76.71912767543861,
            62.4798414422781,
            53.36728690337003,
            58.515735143368715,
            110.37673797083582,
            82.51908977010018,
            66.39237648584822
        ],
        [
            45.93549600285186,
            25.50150373241189,
            0.0,
            36.86853264778159,
            30.94622498031453,
            23.443236420927615,
            64.46869365099217,
            20.84962353210605,
            21.47157769844847,
            52.156187193241664,
            39.074044156093755,
            45.92144363792231,
            33.0606068344212,
            85.34273672658645,
            61.82318635948558,
            45.93549600285186
        ],
        [
            63.72942262291171,
            21.497518433712713,
            36.86853264778159,
            0.0,
            20.986788432549222,
            37.47661717796698,
            71.74813324968508,
            55.34115714555379,
            58.000775136591564,
            88.22324338770274,
            75.87981633239278,
            40.63964873320455,
            65.88588800418087,
            113.68224743272674,
            78.88697249427929,
            63.72942262291171
        ],
        [
            71.19803748111761,
            5.444800213471146,
            30.94622498031453,
            20.986788432549222,
            0.0,
            44.14461118024628,
            84.40121116392723,
            51.7956917851391,
            51.49849895256112,
            82.03099746137264,
            67.66428266436772,
            56.3681461640006,
            63.95667208504897,
            115.7532381800807,
            87.28332295021347,
            71.19803748111761
        ],
        [
            27.224724219558155,
            39.52895937743153,
            23.443236420927615,
            37.47661717796698,
            44.14461118024628,
            0.0,
            41.89343025758966,
            26.296713505364337,
            32.91411005334264,
            57.6815622336456,
            49.6664189430376,
            24.152770043049816,
            32.48918233467058,
            76.30206830841784,
            43.194859099099055,
            27.224724219558155
        ],
        [
            23.069989917652556,
            80.37207135448978,
            64.46869365099217,
            71.74813324968508,
            84.40121116392723,
            41.89343025758966,
            0.0,
            56.99638427174645,
            64.91151492679964,
            74.64569370778959,
            75.25447027071195,
            32.208121624327006,
            53.08013871057558,
            63.06768354706797,
            19.547069907433613,
            23.069989917652556
        ],
        [
            34.686963202281405,
            46.35103675644135,
            20.84962353210605,
            55.34115714555379,
            51.7956917851391,
            26.296713505364337,
            56.99638427174645,
            0.0,
            7.94277932801098,
            33.10236329259138,
            23.379633211214944,
            49.78306954023655,
            12.409560079229117,
            65.16907280854497,
            48.508104740684225,
            34.686963202281405
        ],
        [
            42.471830802521644,
            46.13212065738361,
            21.47157769844847,
            58.000775136591564,
            51.49849895256112,
            32.91411005334264,
            64.91151492679964,
            7.94277932801098,
            0.0,
            30.728141196046174,
            18.078677997210768,
            56.85059433258088,
            16.802648171601483,
            68.6825765256101,
            55.83887462526586,
            42.471830802521644
        ],
        [
            52.47144065381195,
            76.71912767543861,
            52.156187193241664,
            88.22324338770274,
            82.03099746137264,
            57.6815622336456,
            74.64569370778959,
            33.10236329259138,
            30.728141196046174,
            0.0,
            15.668226812427228,
            78.83674198449866,
            25.553872016116774,
            49.13457727505299,
            58.587181604036736,
            52.47144065381195
        ],
        [
            52.193973387512045,
            62.4798414422781,
            39.074044156093755,
            75.87981633239278,
            67.66428266436772,
            49.6664189430376,
            75.25447027071195,
            23.379633211214944,
            18.078677997210768,
            15.668226812427228,
            0.0,
            72.85766224171473,
            22.181533252863492,
            62.376822654204084,
            62.179175459726025,
            52.193973387512045
        ],
        [
            33.29960590807935,
            53.36728690337003,
            45.92144363792231,
            40.63964873320455,
            56.3681461640006,
            24.152770043049816,
            32.208121624327006,
            49.78306954023655,
            56.85059433258088,
            78.83674198449866,
            72.85766224171473,
            0.0,
            53.324722884244686,
            86.04813805219031,
            44.293417931426234,
            33.29960590807935
        ],
        [
            30.014707197493905,
            58.515735143368715,
            33.0606068344212,
            65.88588800418087,
            63.95667208504897,
            32.48918233467058,
            53.08013871057558,
            12.409560079229117,
            16.802648171601483,
            25.553872016116774,
            22.181533252863492,
            53.324722884244686,
            0.0,
            52.79382336723389,
            40.92830422143026,
            30.014707197493905
        ],
        [
            52.94224780605955,
            110.37673797083582,
