{
    "vertices": [
        [
            58.063673539443464,
            3.2342985892205633
        ],
        [
            82.92039395857044,
            81.41304461414667
        ],
        [
            83.66881902684662,
            0.4786240370745154
        ],
        [
            12.439616173012357,
            42.65282216442006
        ],
        [
            54.55650633935842,
            17.013037198606064
        ],
        [
            89.14108923452494,
            71.6941568520683
        ],
        [
            39.8157046242636,
            83.79449731151725
        ],
        [
            10.934427677453373,
            0.8150348449984413
        ],
        [
            64.18598140579239,
            14.801275799774205
        ],
        [
            62.39223789320699,
            42.665404474158606
        ],
        [
            87.7499466897812,
            35.779992196427976
        ],
        [
            54.60610119733836,
            46.18984003152378
        ],
        [
            66.5766373253298,
            88.37303109337996
        ],
        [
            27.877098634969954,
            60.19199055328095
        ],
        [
            38.01028259159721,
            42.680316942258266
        ],
        [
            58.063673539443464,
            3.2342985892205633
        ]
    ],
    "distances": [
        [
            0.0,
            82.0351929358647,
            25.753004051341804,
            60.294067796292815,
            14.21808212928604,
            75.18349526095537,
            82.60105318762771,
            47.1912984837673,
            13.087307415959375,
            39.6679792864959,
            44.05107247196922,
            43.09447002925455,
            85.56327673035098,
            64.46245402043098,
            44.25072713996177,
            0.0
        ],
        [
            82.0351929358647,
            0.0,
            80.93788095959287,
            80.43565677987287,
            70.36953229912059,
            11.539230002394408,
            43.17042459319713,
            108.06488106768933,
            69.1961412094424,
            43.849570212967116,
            45.88790747617293,
            45.19262457125129,
            17.76400272116923,
            58.992351161275856,
            59.30549971038612,
            82.0351929358647
        ],
        [
            25.753004051341804,
            80.93788095959287,
            0.0,
            82.77839287445286,
            33.48004732090912,
            71.42547063442636,
            94.15216610513555,
            72.73516932817562,
            24.18097010634459,
            47.2484639790871,
            35.53649106092755,
            54.16785795403776,
            89.5408815407643,
            81.72149169578435,
            62.174631751804,
            25.753004051341804
        ],
        [
            60.294067796292815,
            80.43565677987287,
            82.77839287445286,
            0.0,
            49.307514745495325,
            82.0153344823146,
            49.41748327059975,
            41.86485447475387,
            58.76559324729296,
            49.952623304841346,
            75.62328790996789,
            42.31457142284346,
            70.86010558667134,
            23.365322435953363,
            25.570681200416846,
            60.294067796292815
        ],
        [
            14.21808212928604,
            70.36953229912059,
            33.48004732090912,
            49.307514745495325,
            0.0,
            64.70021808764557,
            68.38899509435777,
            46.532365371136144,
            9.880216522953136,
            26.822427851032,
            38.13139234524944,
            29.1768449836663,
            72.36526983009239,
            50.75640657357623,
            30.538283673937467,
            14.21808212928604
        ],
        [
            75.18349526095537,
            11.539230002394408,
            71.42547063442636,
            82.0153344823146,
            64.70021808764557,
            0.0,
            50.78791003954369,
            105.54682301422166,
            62.12533558198421,
            39.47365593276008,
            35.94109765285753,
            42.93175485827862,
            28.059567636010893,
            62.33439158079047,
            58.789134151376544,
            75.18349526095537
        ],
        [
            82.60105318762771,
            43.17042459319713,
            94.15216610513555,
            49.41748327059975,
            68.38899509435777,
            50.78791003954369,
            0.0,
            87.86193344851203,
            73.17086172088425,
            46.91803631939186,
            67.84603351591433,
            40.40873766816513,
            27.149778831928856,
            26.450116034531646,
            41.15380147874553,
            82.60105318762771
        ],
        [
            47.1912984837673,
            108.06488106768933,
            72.73516932817562,
            41.86485447475387,
            46.532365371136144,
            105.54682301422166,
            87.86193344851203,
            0.0,
            55.057632627340816,
            66.32766896475293,
            84.39888745546699,
            62.976884757365944,
            103.74226815300418,
            61.74687820738809,
            49.85783553680315,
            47.1912984837673
        ],
        [
            13.087307415959375,
            69.1961412094424,
            24.18097010634459,
            58.76559324729296,
            9.880216522953136,
            62.12533558198421,
            73.17086172088425,
            55.057632627340816,
            0.0,
            27.921804787147863,
            31.549437420598476,
            32.817922989412324,
            73.61058628151135,
            58.12617270988639,
            38.24144536279687,
            13.087307415959375
        ],
        [
            39.6679792864959,
            43.849570212967116,
            47.2484639790871,
            49.952623304841346,
            26.822427851032,
            39.47365593276008,
            46.91803631939186,
            66.32766896475293,
            27.921804787147863,
            0.0,
            26.27588814191027,
            8.546670149524433,
            45.89876174549486,
            38.7101544507947,
            24.381959861984065,
            39.6679792864959
        ],
        [
            44.05107247196922,
            45.88790747617293,
            35.53649106092755,
            75.62328790996789,
            38.13139234524944,
            35.94109765285753,
            67.84603351591433,
            84.39888745546699,
            31.549437420598476,
            26.27588814191027,
            0.0,
            34.74017020650262,
            56.6951212174299,
            64.65836061925408,
            50.2160200155099,
            44.05107247196922
        ],
        [
            43.09447002925455,
            45.19262457125129,
            54.16785795403776,
            42.31457142284346,
            29.1768449836663,
            42.93175485827862,
            40.40873766816513,
            62.976884757365944,
            32.817922989412324,
            8.546670149524433,
            34.74017020650262,
            0.0,
            43.848778128388155,
            30.174489178990942,
            16.96284019581485,
            43.09447002925455
        ],
        [
            85.56327673035098,
            17.76400272116923,
            89.5408815407643,
            70.86010558667134,
            72.36526983009239,
            28.059567636010893,
            27.149778831928856,
            103.74226815300418,
            73.61058628151135,
            45.89876174549486,
            56.6951212174299,
            43.848778128388155,
            0.0,
            47.87301265608174,
            53.887482305908144,
            85.56327673035098
        ],
        [
            64.46245402043098,
            58.992351161275856,
