{
    "vertices": [
        [
            32.73851350570583,
            27.135256694998265
        ],
        [
            86.71546174670233,
            41.94979238921921
        ],
        [
            51.29646085087417,
            89.78268148079628
        ],
        [
            70.89300794238859,
            93.5620694927229
        ],
        [
            89.95181493761973,
            29.47955483082104
        ],
        [
            92.31699939630575,
            29.212415094857413
        ],
        [
            63.43704439455049,
            94.00291594613758
        ],
        [
            33.87631018027133,
            95.78234606284991
        ],
        [
            34.49634918717126,
            38.302806012597756
        ],
        [
            13.955730389097198,
            17.048071951612886
        ],
        [
            87.52461562198688,
            61.31228445716385
        ],
        [
            81.23333526010438,
            81.35340347633529
        ],
        [
            50.34832704398797,
            95.46919382444023
        ],
        [
            29.10738912364421,
            33.17857852751155
        ],
        [
            96.41434039093166,
            87.23878726359902
        ],
        [
            32.73851350570583,
            27.135256694998265
        ]
    ],
    "distances": [
        [
            0.0,
            55.97304180805758,
            65.33832904167554,
            76.60474465842705,
            57.261309751774476,
            59.614684164512006,
            73.5777388376391,
            68.65651797135115,
            11.305049493215405,
            21.32004309687823,
            64.572333175683,
            72.74170177685902,
            70.56651115411326,
            7.05030517419878,
            87.56166579233161,
            0.0
        ],
        [
            55.97304180805758,
            0.0,
            59.518828141234344,
            53.98311951155188,
            12.883353862222584,
            13.914668676574662,
            57.021157358061174,
            75.43155687962829,
            52.346310530315684,
            76.90301806810685,
            19.379391865461283,
            39.78314061910844,
            64.7062193028592,
            58.271984897988084,
            46.315886083363324,
            55.97304180805758
        ],
        [
            65.33832904167554,
            59.518828141234344,
            0.0,
            19.957665987149827,
            71.6289290952659,
            73.15354914575802,
            12.853176561591255,
            18.424375823447946,
            54.15183588886082,
            81.75973076510132,
            46.07648754845529,
            31.10095138529548,
            5.765013473546737,
            60.797856666680396,
            45.189539187509176,
            65.33832904167554
        ],
        [
            76.60474465842705,
            53.98311951155188,
            19.957665987149827,
            0.0,
            66.85661380502559,
            67.82230776774146,
            7.468985073099212,
            37.08322452618963,
            66.16874616395289,
            95.37423863340419,
            36.28579624106162,
            15.999184195989406,
            20.6330084193686,
            73.4316275266398,
            26.293008730425107,
            76.60474465842705
        ],
        [
            57.261309751774476,
            12.883353862222584,
            71.6289290952659,
            66.85661380502559,
            0.0,
            2.3802229227827763,
            69.75885023829703,
            86.8361811628621,
            56.15299139864133,
            77.00614672402607,
            31.92513072771436,
            52.60140740688378,
            76.96147547863946,
            60.95676278265643,
            58.11964527127102,
            57.261309751774476
        ],
        [
            59.614684164512006,
            13.914668676574662,
            73.15354914575802,
            67.82230776774146,
            2.3802229227827763,
            0.0,
            70.93561024945895,
            88.58255959910171,
            58.53087046716817,
            79.29980910775701,
            32.45563980755108,
            53.30600604136017,
            78.43041620849081,
            63.33391889971978,
            58.17085241159487,
            59.614684164512006
        ],
        [
            73.5777388376391,
            57.021157358061174,
            12.853176561591255,
            7.468985073099212,
            69.75885023829703,
            70.93561024945895,
            0.0,
            29.61424283731592,
            62.76994572002468,
            91.49015493444037,
            40.606507788588544,
            21.833875842256695,
            13.17059196465049,
            69.84357703779305,
            33.663860266863004,
            73.5777388376391
        ],
        [
            68.65651797135115,
            75.43155687962829,
            18.424375823447946,
            37.08322452618963,
            86.8361811628621,
            88.58255959910171,
            29.61424283731592,
            0.0,
            57.482884172235295,
            81.21524129767728,
            63.76774908891954,
            49.506385533351875,
            16.474993289315368,
            62.78514408411457,
            63.118916495657,
            68.65651797135115
        ],
        [
            11.305049493215405,
            52.346310530315684,
            54.15183588886082,
            66.16874616395289,
            56.15299139864133,
            58.53087046716817,
            62.76994572002468,
            57.482884172235295,
            0.0,
            29.558090950042494,
            57.8051307357119,
            63.5428973935428,
            59.323529037195506,
            7.436302702634046,
            78.92127657170339,
            11.305049493215405
        ],
        [
            21.32004309687823,
            76.90301806810685,
            81.75973076510132,
            95.37423863340419,
            77.00614672402607,
            79.29980910775701,
            91.49015493444037,
            81.21524129767728,
            29.558090950042494,
            0.0,
            85.85861274878991,
            93.06692097455371,
            86.45399613134379,
            22.130657577290485,
            108.287390214387,
            21.32004309687823
        ],
        [
            64.572333175683,
            19.379391865461283,
            46.07648754845529,
            36.28579624106162,
            31.92513072771436,
            32.45563980755108,
            40.606507788588544,
            63.76774908891954,
            57.8051307357119,
            85.85861274878991,
            0.0,
            21.00539597656763,
            50.48535322208794,
            64.83885996140603,
            27.408224208067203,
            64.572333175683
        ],
        [
            72.74170177685902,
            39.78314061910844,
            31.10095138529548,
            15.999184195989406,
            52.60140740688378,
            53.30600604136017,
            21.833875842256695,
            49.506385533351875,
            63.5428973935428,
            93.06692097455371,
            21.00539597656763,
            0.0,
            33.95790437676081,
            70.97836303741414,
            16.28191202241281,
            72.74170177685902
        ],
        [
            70.56651115411326,
            64.7062193028592,
            5.765013473546737,
            20.6330084193686,
            76.96147547863946,
            78.43041620849081,
            13.17059196465049,
            16.474993289315368,
            59.323529037195506,
            86.45399613134379,
            50.48535322208794,
            33.95790437676081,
            0.0,
            65.81259908107157,
            46.795482451167565,
            70.56651115411326
        ],
        [
            7.05030517419878,
            58.271984897988084,
