{
    "vertices": [
        [
            5.9768207185527995,
            74.7550960656088
        ],
        [
            8.281565296941695,
            42.47276175369411
        ],
        [
            71.92080413286699,
            57.078862430263065
        ],
        [
            44.4903657546064,
            84.60122896251609
        ],
        [
            1.9850024486444129,
            84.85043060768935
        ],
        [
            44.09602169383711,
            39.77785237928862
        ],
        [
            9.703199610171353,
            3.4197087779054502
        ],
        [
            79.84569639636061,
            20.8163725174222
        ],
        [
            57.81561089208912,
            41.90092921708843
        ],
        [
            68.0169436204077,
            50.11952399042093
        ],
        [
            38.65313654720317,
            70.14057734067283
        ],
        [
            5.9768207185527995,
            74.7550960656088
        ]
    ],
    "distances": [
        [
            0.0,
            32.3645014823006,
            68.27194287610887,
            39.75222615486696,
            10.85589206912537,
            51.73471811932816,
            71.4326492517989,
            91.46582253449168,
            61.3730921981803,
            66.75244011381933,
            33.00053634710338,
            0.0
        ],
        [
            32.3645014823006,
            0.0,
            65.29388100419526,
            55.55074238880853,
            42.84289347373069,
            35.91570441382685,
            39.078920031780655,
            74.76913838454828,
            49.5373461690477,
            60.22282288429067,
            41.0845513491966,
            32.3645014823006
        ],
        [
            68.27194287610887,
            65.29388100419526,
            0.0,
            38.857555367768995,
            75.24809868859377,
            32.76497316591705,
            82.16042285206352,
            37.118352496667555,
            20.720186605898977,
            7.979506151448425,
            35.73997905694753,
            68.27194287610887
        ],
        [
            39.75222615486696,
            55.55074238880853,
            38.857555367768995,
            0.0,
            42.50609381290848,
            44.82511121637167,
            88.32092700965536,
            72.92809689350875,
            44.731172087520534,
            41.74311732319741,
            15.594348019333138,
            39.75222615486696
        ],
        [
            10.85589206912537,
            42.84289347373069,
            75.24809868859377,
            42.50609381290848,
            0.0,
            61.683670853997434,
            81.79567852364724,
            100.80996110269876,
            70.43945278653483,
            74.60866658350508,
            39.508629961149545,
            10.85589206912537
        ],
        [
            51.73471811932816,
            35.91570441382685,
            32.76497316591705,
            44.82511121637167,
            61.683670853997434,
            0.0,
            50.0477853357917,
            40.46698604897843,
            13.882888137127493,
            26.060711378041578,
            30.84671888224277,
            51.73471811932816
        ],
        [
            71.4326492517989,
            39.078920031780655,
            82.16042285206352,
            88.32092700965536,
            81.79567852364724,
            50.0477853357917,
            0.0,
            72.26765365408224,
            61.60850952465416,
            74.70853687079186,
            72.7308266859947,
            71.4326492517989
        ],
        [
            91.46582253449168,
            74.76913838454828,
            37.118352496667555,
            72.92809689350875,
            100.80996110269876,
            40.46698604897843,
            72.26765365408224,
            0.0,
            30.493986268557165,
            31.60053921192044,
            64.26277435944078,
            91.46582253449168
        ],
        [
            61.3730921981803,
            49.5373461690477,
            20.720186605898977,
            44.731172087520534,
            70.43945278653483,
            13.882888137127493,
            61.60850952465416,
            30.493986268557165,
            0.0,
            13.100095018056628,
            34.127381223326765,
            61.3730921981803
        ],
        [
            66.75244011381933,
            60.22282288429067,
            7.979506151448425,
            41.74311732319741,
            74.60866658350508,
            26.060711378041578,
            74.70853687079186,
            31.60053921192044,
            13.100095018056628,
            0.0,
            35.539776913846964,
            66.75244011381933
        ],
        [
            33.00053634710338,
            41.0845513491966,
            35.73997905694753,
            15.594348019333138,
            39.508629961149545,
            30.84671888224277,
            72.7308266859947,
            64.26277435944078,
            34.127381223326765,
            35.539776913846964,
            0.0,
            33.00053634710338
        ],
        [
            0.0,
            32.3645014823006,
            68.27194287610887,
            39.75222615486696,
            10.85589206912537,
            51.73471811932816,
            71.4326492517989,
            91.46582253449168,
            61.3730921981803,
            66.75244011381933,
            33.00053634710338,
            0.0
        ]
    ],
    "scores_ave": [
        0,
        16.67572312579862,
        17.567225585097628,
        12.645553144623705,
        17.92649997953388,
        18.421340816040306,
        12.616853881079635,
        15.216264258452306,
        12.693016699696871,
        16.175354333204933,
        15.394700163516022,
        0
    ],
    "scores_var": [
        0,
        23.915698300013357,
        299.76219393229667,
        18.804626752254546,
        21.5929866133498,
        395.3976941317126,
        351.90014739024747,
        319.96223689408623,
        266.00680290779894,
        375.10338150646066,
        21.000760234199866,
        0
    ],
    "vertex_number": 12,
    "minimum_distances": {
        "cost": 310.144439577241,
        "path": [
            0,
            4,
            3,
            10,
            2,
            9,
            7,
            8,
            5,
            6,
            1,
            11
        ]
    }
}