{
    "vertices": [
        [
            96.10897143817334,
            18.374977992741105
        ],
        [
            14.85101598957408,
            23.555018027078322
        ],
        [
            99.29149598668047,
            98.8428007508703
        ],
        [
            45.45396316799019,
            93.7863899406588
        ],
        [
            33.51588761846506,
            26.224736525468906
        ],
        [
            51.31449742546255,
            97.73485074429101
        ],
        [
            67.17677687354777,
            4.00807869377725
        ],
        [
            96.10897143817334,
            18.374977992741105
        ]
    ],
    "distances": [
        [
            0.0,
            81.42289689297402,
            80.5307330274321,
            90.84498288199995,
            63.08338014947487,
            91.1292176264979,
            32.30293605528633,
            0.0
        ],
        [
            81.42289689297402,
            0.0,
            113.13021209918523,
            76.60930737755425,
            18.85483571351467,
            82.65732308984511,
            55.8575696695313,
            81.42289689297402
        ],
        [
            80.5307330274321,
            113.13021209918523,
            0.0,
            54.07446005541967,
            97.97864006023644,
            47.989789999125705,
            100.12482055595157,
            80.5307330274321
        ],
        [
            90.84498288199995,
            76.60930737755425,
            54.07446005541967,
            0.0,
            68.60826961832231,
            7.0665553490245205,
            92.36896559791225,
            90.84498288199995
        ],
        [
            63.08338014947487,
            18.85483571351467,
            97.97864006023644,
            68.60826961832231,
            0.0,
            73.69183772067794,
            40.33156766917706,
            63.08338014947487
        ],
        [
            91.1292176264979,
            82.65732308984511,
            47.989789999125705,
            7.0665553490245205,
            73.69183772067794,
            0.0,
            95.05955874239115,
            91.1292176264979
        ],
        [
            32.30293605528633,
            55.8575696695313,
            100.12482055595157,
            92.36896559791225,
            40.33156766917706,
            95.05955874239115,
            0.0,
            32.30293605528633
        ],
        [
            0.0,
            81.42289689297402,
            80.5307330274321,
            90.84498288199995,
            63.08338014947487,
            91.1292176264979,
            32.30293605528633,
            0.0
        ]
    ],
    "scores_ave": [
        0,
        14.06274811118708,
        14.53452838954162,
        17.35558506221115,
        15.994303327031972,
        12.279576060277096,
        15.176218417152185,
        0
    ],
    "scores_var": [
        0,
        20.05291188019283,
        271.2199056186137,
        18.168221458151017,
        24.588760251712806,
        19.693173958596937,
        18.120691287181966,
        0
    ],
    "vertex_number": 8,
    "minimum_distances": {
        "cost": 303.68572519111467,
        "path": [
            0,
            2,
            5,
            3,
            1,
            4,
            6,
            7
        ]
    }
}