{
    "vertices": [
        [
            81.4885861838616,
            45.99264874676311
        ],
        [
            99.44666394692425,
            86.63521010353102
        ],
        [
            26.46878091443946,
            43.055665141448586
        ],
        [
            16.159726406078967,
            17.620739011131835
        ],
        [
            62.40783280480707,
            72.6778757756945
        ],
        [
            78.28033513057719,
            43.249613917249555
        ],
        [
            47.77118899854935,
            70.77606880986067
        ],
        [
            4.049269777964859,
            63.44563501575414
        ],
        [
            95.8081427766479,
            32.44091957601102
        ],
        [
            16.486272557077296,
            1.8620057252227151
        ],
        [
            74.52261214929194,
            12.22652403133887
        ],
        [
            75.94793099418881,
            4.107401109653863
        ],
        [
            76.17711702321692,
            4.208889382556347
        ],
        [
            53.103037111299386,
            33.13218616913528
        ],
        [
            61.252648536112716,
            73.29513565415148
        ],
        [
            81.4885861838616,
            45.99264874676311
        ]
    ],
    "distances": [
        [
            0.0,
            44.43321224695385,
            55.09813830414797,
            71.22376837764199,
            32.805129036446594,
            4.22103244441748,
            41.84591716017286,
            79.38170100922615,
            19.71545243030001,
            78.56726054998646,
            34.477180461109086,
            42.25012224305172,
            42.11999823421667,
            31.162973122945175,
            33.984098690589015,
            0.0
        ],
        [
            44.43321224695385,
            0.0,
            84.99969500536572,
            108.16520320831589,
            39.58133643414877,
            48.273423661480706,
            54.054297458321685,
            98.1754511422252,
            54.31629554827716,
            118.61248973073208,
            78.47203910311686,
            85.80809814763316,
            85.64794312551584,
            70.78351021533315,
            40.456648396972994,
            44.43321224695385
        ],
        [
            55.09813830414797,
            84.99969500536572,
            0.0,
            27.444709364666583,
            46.57349904868828,
            51.81191722393038,
            34.96016833085425,
            30.30487338817961,
            70.14713056766658,
            42.38594164584314,
            57.09296487251946,
            62.96946532808385,
            63.08716720193455,
            28.422861187324468,
            46.09059582616303,
            55.09813830414797
        ],
        [
            71.22376837764199,
            108.16520320831589,
            27.444709364666583,
            0.0,
            71.90393350978675,
            67.19977125895322,
            61.84475445215047,
            47.39814609851194,
            81.01547989313607,
            15.762116201993686,
            58.611636963350165,
            61.296327044197355,
            61.49768196403536,
            40.06760784970806,
            71.64502821403286,
            71.22376837764199
        ],
        [
            32.805129036446594,
            39.58133643414877,
            46.57349904868828,
            71.90393350978675,
            0.0,
            33.43589278142253,
            14.75968196292036,
            59.084313891314835,
            52.29333944615028,
            84.4018788096046,
            61.65333572715564,
            69.89452235264378,
            69.83978297210759,
            40.625617402769954,
            1.3097558750361213,
            32.805129036446594
        ],
        [
            4.22103244441748,
            48.273423661480706,
            51.81191722393038,
            67.19977125895322,
            33.43589278142253,
            0.0,
            41.091528526697374,
            76.92938535822994,
            20.59252083257358,
            74.37365313869117,
            31.24984140877155,
            39.21164281856283,
            39.09733620850562,
            27.134087045446037,
            34.5351340985083,
            4.22103244441748
        ],
        [
            41.84591716017286,
            54.054297458321685,
            34.96016833085425,
            61.84475445215047,
            14.75968196292036,
            41.091528526697374,
            0.0,
            44.33217206432699,
            61.4583809993454,
            75.68285200481908,
            64.37148308344477,
            72.37845012439428,
            72.37462347984632,
            38.01960684391861,
            13.71478942707337,
            41.84591716017286
        ],
        [
            79.38170100922615,
            98.1754511422252,
            30.30487338817961,
            47.39814609851194,
            59.084313891314835,
            76.92938535822994,
            44.33217206432699,
            0.0,
            96.85547559889369,
            62.82692444104877,
            87.11997081622637,
            93.22254817253396,
            93.33497940990074,
            57.66435008364783,
            58.04514798132494,
            79.38170100922615
        ],
        [
            19.71545243030001,
            54.31629554827716,
            70.14713056766658,
            81.01547989313607,
            52.29333944615028,
            20.59252083257358,
            61.4583809993454,
            96.85547559889369,
            0.0,
            85.01193485284483,
            29.354652124059818,
            34.60081329575259,
            34.38640285019657,
            42.710700057378496,
            53.508402644510426,
            19.71545243030001
        ],
        [
            78.56726054998646,
            118.61248973073208,
            42.38594164584314,
            15.762116201993686,
            84.4018788096046,
            74.37365313869117,
            75.68285200481908,
            62.82692444104877,
            85.01193485284483,
            0.0,
            58.95455837321384,
            59.504038724477674,
            59.736963230331106,
            48.151963941403125,
            84.30136695059919,
            78.56726054998646
        ],
        [
            34.477180461109086,
            78.47203910311686,
            57.09296487251946,
            58.611636963350165,
            61.65333572715564,
            31.24984140877155,
            64.37148308344477,
            87.11997081622637,
            29.354652124059818,
            58.95455837321384,
            0.0,
            8.243281556943753,
            8.186565320034989,
            29.930668289029036,
            62.49373776493949,
            34.477180461109086
        ],
        [
            42.25012224305172,
            85.80809814763316,
            62.96946532808385,
            61.296327044197355,
            69.89452235264378,
            39.21164281856283,
            72.37845012439428,
            93.22254817253396,
            34.60081329575259,
            59.504038724477674,
            8.243281556943753,
            0.0,
            0.250651362331036,
            36.936801760162915,
            70.73113838983865,
            42.25012224305172
        ],
        [
            42.11999823421667,
            85.64794312551584,
            63.08716720193455,
            61.49768196403536,
            69.83978297210759,
            39.09733620850562,
            72.37462347984632,
            93.33497940990074,
            34.38640285019657,
            59.736963230331106,
            8.186565320034989,
            0.250651362331036,
            0.0,
            36.999598116548285,
            70.67990650476314,
            42.11999823421667
        ],
        [
            31.162973122945175,
            70.78351021533315,
