{
    "vertices": [
        [
            99.78414175110233,
            71.27489987485761
        ],
        [
            81.48221892504569,
            29.79286857279825
        ],
        [
            45.46277511443301,
            94.59722356702436
        ],
        [
            12.161742716219937,
            91.65557975255727
        ],
        [
            94.66751917694972,
            82.48925618265088
        ],
        [
            69.65805476136701,
            69.12516278114208
        ],
        [
            46.96339498674188,
            99.3387981330666
        ],
        [
            13.153196303246883,
            84.50513949811753
        ],
        [
            82.70111156857469,
            83.40868881850547
        ],
        [
            77.42705123426123,
            66.62477421140585
        ],
        [
            35.855590547615336,
            33.61386494247943
        ],
        [
            77.37838564464852,
            31.64799559231004
        ],
        [
            18.96820288422415,
            45.76997957495594
        ],
        [
            56.82629854344121,
            57.621083128351835
        ],
        [
            47.517658207808665,
            79.10490664693356
        ],
        [
            29.04243781766872,
            76.43113211463026
        ],
        [
            38.36201032551644,
            22.37271564846781
        ],
        [
            69.79083745366634,
            5.807581211813839
        ],
        [
            72.0396664661182,
            88.89939443054583
        ],
        [
            43.77273657909129,
            91.22108286512919
        ],
        [
            89.3758610517159,
            88.61823478672672
        ],
        [
            99.78414175110233,
            71.27489987485761
        ]
    ],
    "distances": [
        [
            0.0,
            45.34004080364249,
            59.116340005768734,
            89.96141909121616,
            12.326459912094412,
            30.202690060410113,
            59.81315636372821,
            87.6353806956881,
            20.953728888819317,
            22.83556798207828,
            74.19712400864785,
            45.52262569009041,
            84.74501126579267,
            45.075525563227295,
            52.84973328250713,
            70.92936913800972,
            78.51179434310308,
            72.01088886833095,
            32.86911494370632,
            59.45694009301677,
            20.226803330790503,
            0.0
        ],
        [
            45.34004080364249,
            0.0,
            74.14178820775476,
            92.91029790248581,
            54.32091134968825,
            41.071160512716716,
            77.64139053678407,
            87.53449561319142,
            53.629673501676635,
            37.05446879894079,
            45.786343273395936,
            4.503658940441436,
            64.52340875625961,
            37.179617201014096,
            59.87711151800703,
            70.178759384781,
            43.75398335108891,
            26.682998528994275,
            59.85602054858125,
            72.07933524904608,
            59.35261827608568,
            45.34004080364249
        ],
        [
            59.116340005768734,
            74.14178820775476,
            0.0,
            33.43070485523793,
            50.67257357228687,
            35.131715555506545,
            4.973368010363502,
            33.84906267254871,
            38.88286269927501,
            42.4755561566563,
            61.73546812352489,
            70.57769830568972,
            55.55233670623348,
            38.682872520820524,
            15.628001410288292,
            24.487432605241697,
            72.5727249361987,
            92.06223550809429,
            27.1808096050832,
            3.7755206647472055,
            44.31825158295528,
            59.116340005768734
        ],
        [
            89.96141909121616,
            92.91029790248581,
            33.43070485523793,
            0.0,
            83.01340034702913,
            61.7531018467798,
            35.63968077074936,
            7.218848664956269,
            71.01981250444626,
            69.90065609129896,
            62.69161892272148,
            88.6234769776232,
            46.38767297113874,
            56.153980337158806,
            37.51746467516949,
            22.73195268752903,
            74.07137963656733,
            103.39725051329489,
            59.94132389368709,
            31.61397982765971,
            77.27383473575924,
            89.96141909121616
        ],
        [
            12.326459912094412,
            54.32091134968825,
            50.67257357228687,
            83.01340034702913,
            0.0,
            28.35616869040225,
            50.592395957234444,
            81.53924588258008,
            12.00167769195834,
            23.42894626522559,
            76.46990792450158,
            53.700539259049215,
            84.13496159016488,
            45.281166174166,
            47.27116680587905,
            65.90411345762708,
            82.36691552326643,
            80.61593248170387,
            23.518282051634024,
            51.638393593295625,
            8.097285004467397,
            12.326459912094412
        ],
        [
            30.202690060410113,
            41.071160512716716,
            35.131715555506545,
            61.7531018467798,
            28.35616869040225,
            0.0,
            37.78771418682336,
            58.560590102789234,
            19.34271043406493,
            8.161448964216486,
            49.02712372868889,
            38.26410288308115,
            55.81151911497484,
            17.233624583761245,
            24.285642819897127,
            41.267487537032125,
            56.26040979431483,
            63.31772079782965,
            19.91713613039005,
            34.03350381250216,
            27.726733329381407,
            30.202690060410113
        ],
        [
            59.81315636372821,
            77.64139053678407,
            4.973368010363502,
            35.63968077074936,
            50.592395957234444,
            37.78771418682336,
            0.0,
            36.92109103907422,
            39.127391546808674,
            44.701696982486204,
            66.6569588442574,
            74.20994815610804,
            60.44294088285788,
            42.8677572516146,
            20.241481477175398,
            29.084736001345757,
            77.44521722557454,
            96.27658421626302,
            27.16248407218285,
            8.722247545536392,
            43.7464027798339,
            59.81315636372821
        ],
        [
            87.6353806956881,
            87.53449561319142,
            33.84906267254871,
            7.218848664956269,
            81.53924588258008,
            58.560590102789234,
            36.92109103907422,
            0.0,
            69.5565577199306,
            66.71458529046943,
            55.72540291755701,
            83.1790394740053,
            39.16920877181096,
            51.28442596125266,
            34.7861862933706,
            17.822951246419134,
            67.05163978488443,
            96.9594145780071,
            59.05019766820349,
            31.347410451470555,
            76.33355863714648,
            87.6353806956881
        ],
        [
            20.953728888819317,
            53.629673501676635,
            38.88286269927501,
            71.01981250444626,
            12.00167769195834,
            19.34271043406493,
            39.127391546808674,
            69.5565577199306,
            0.0,
            17.593052661445387,
            68.36685837867348,
            52.03365040545924,
            74.01726881537999,
            36.530898651914676,
            35.44570399032213,
            54.1104386071852,
            75.44100953629747,
            78.66770035730933,
            11.992258327387082,
            39.70455742180687,
