{
    "vertices": [
        [
            51.69284754715914,
            10.023075094813228
        ],
        [
            89.48762323391735,
            94.30548205528615
        ],
        [
            46.49032669772638,
            49.143572999595186
        ],
        [
            2.303216803314878,
            4.344563659596301
        ],
        [
            73.48201575018733,
            34.97810826661848
        ],
        [
            50.86497105975849,
            49.60469489011774
        ],
        [
            31.257267704712977,
            24.47891606937538
        ],
        [
            70.07399449922079,
            89.64794770039984
        ],
        [
            98.3354763150799,
            66.55507899545101
        ],
        [
            29.11106731761841,
            19.787991579065324
        ],
        [
            79.603405413134,
            63.542281176125115
        ],
        [
            21.610954933891403,
            78.7905763858448
        ],
        [
            14.636062467065935,
            81.6114731480246
        ],
        [
            12.617767882074215,
            34.191559435852156
        ],
        [
            25.977358475736168,
            70.0835366106296
        ],
        [
            8.217522561383618,
            20.996576343992146
        ],
        [
            52.54347582257402,
            41.31837757337995
        ],
        [
            30.984615537612637,
            77.9314899325721
        ],
        [
            6.939159086758783,
            98.30042521004904
        ],
        [
            77.32488208384993,
            1.1872169089745865
        ],
        [
            63.22597413718229,
            70.97194477349775
        ],
        [
            51.69284754715914,
            10.023075094813228
        ]
    ],
    "distances": [
        [
            0.0,
            92.36865914509718,
            39.46491580514054,
            49.714998915148094,
            33.12886251572419,
            39.59027664842004,
            25.03166518190154,
            81.71895068299142,
            73.28985116237988,
            24.602650106842045,
            60.35979340557638,
            75.05923991760243,
            80.61081848174759,
            45.94537502486814,
            65.33410606777545,
            44.83884044313065,
            31.30686068081435,
            70.99565957675411,
            98.9736488878656,
            27.11224048968217,
            62.03045803515212,
            0.0
        ],
        [
            92.36865914509718,
            0.0,
            62.35676017061535,
            125.27604544865089,
            61.448488602922744,
            59.075118570780226,
            90.92042467148013,
            19.964508682048304,
            29.12678104647242,
            95.90716809075136,
            32.31210748713716,
            69.62725326654362,
            75.92031356212436,
            97.584109129041,
            67.9724677408301,
            109.44873192463749,
            64.5949167452634,
            60.75121009122854,
            82.64507549675606,
            93.90923051618688,
            35.13016048014375,
            92.36865914509718
        ],
        [
            39.46491580514054,
            62.35676017061535,
            0.0,
            62.92417594745366,
            30.48297342789819,
            4.398880163425505,
            28.9895047865614,
            46.86996646973868,
            54.69076777564469,
            34.11434913842603,
            36.108153915226005,
            38.703074156291585,
            45.48470830647501,
            37.0258416559323,
            29.31320421427561,
            47.508535624552614,
            9.893143978842296,
            32.6981840462258,
            63.0927173184929,
            57.01387458636998,
            27.50563050572507,
            39.46491580514054
        ],
        [
            49.714998915148094,
            125.27604544865089,
            62.92417594745366,
            0.0,
            77.49087349301018,
            66.3831564138618,
            35.26654520309479,
            108.94744438636783,
            114.42177714616915,
            30.938007613630834,
            97.36369404598591,
            76.90902133401303,
            78.24496395333615,
            31.57899809721914,
            69.87186521470971,
            17.671121612427584,
            62.379055312286916,
            78.97884749513729,
            94.0701646673549,
            75.08807561769245,
            90.28172725008294,
            49.714998915148094
        ],
        [
            33.12886251572419,
            61.448488602922744,
            30.48297342789819,
            77.49087349301018,
            0.0,
            26.93450847488372,
            43.51048591200104,
            54.77596144808848,
            40.18456895949261,
            46.89904806909381,
            29.21272642890121,
            67.89800669317246,
            75.08339988280811,
            60.869329942215494,
            59.068465038288956,
            66.74531673529481,
            21.87741916183256,
            60.4236875849929,
            91.85677762698772,
            34.008704185877036,
            37.42649671090852,
            33.12886251572419
        ],
        [
            39.59027664842004,
            59.075118570780226,
            4.398880163425505,
            66.3831564138618,
            26.93450847488372,
            0.0,
            31.871096501506322,
            44.41225818539266,
            50.40599558102025,
            36.90891659696367,
            31.939848474330223,
            41.3232759855159,
            48.34219349872833,
            41.2360678950673,
            32.230051479111275,
            51.3539609978696,
            8.454610157332096,
            34.60687580617662,
            65.58011214445123,
            55.17589206761698,
            24.685091951598718,
            39.59027664842004
        ],
        [
            25.03166518190154,
            90.92042467148013,
            28.9895047865614,
            35.26654520309479,
            43.51048591200104,
            31.871096501506322,
            0.0,
            75.85341760767888,
            79.18263418804382,
            5.158580102640215,
            62.155414283752,
            55.16165150178224,
            59.50120622220273,
            21.018239574296313,
            45.90924586810395,
            23.301427986982922,
            27.141667593973388,
            53.45326923402091,
            77.72377769100768,
            51.62100681276452,
            56.423398595332344,
            25.03166518190154
        ],
        [
            81.71895068299142,
            19.964508682048304,
            46.86996646973868,
            108.94744438636783,
            54.77596144808848,
            44.41225818539266,
            75.85341760767888,
            0.0,
            36.49646475279682,
            80.98379388840735,
            27.79056489247468,
            49.664360619792575,
            56.01740114672222,
            79.85379750787789,
            48.241885223083955,
            92.40797535771375,
            51.41076184744586,
            40.80753521384874,
            63.72497790987182,
            88.757401172623,
            19.891919671176765,
            81.71895068299142
        ],
        [
            73.28985116237988,
            29.12678104647242,
            54.69076777564469,
            114.42177714616915,
            40.18456895949261,
            50.40599558102025,
            79.18263418804382,
            36.49646475279682,
            0.0,
            83.54148230944726,
            18.972807672446987,
            77.69401249493286,
            85.04285321753241,
            91.62381206482468,
            72.4440972777939,
            100.97931843994753,
            52.28573809149511,
            68.30491324404143,
            96.75253903223731,
            68.66150641885157,
