{
    "vertices": [
        [
            25.470928772219814,
            35.63336252894441
        ],
        [
            16.167755143714324,
            46.0780098178134
        ],
        [
            61.668317461360964,
            92.01282436874703
        ],
        [
            80.56546013437989,
            4.903445469780465
        ],
        [
            80.6477928228263,
            41.605211703530045
        ],
        [
            82.32634148989378,
            68.06758263347804
        ],
        [
            82.398795120834,
            7.362262605031389
        ],
        [
            73.34958661955949,
            40.3619467854373
        ],
        [
            31.32495513514297,
            45.130756581046136
        ],
        [
            47.948990352917555,
            96.49865574993795
        ],
        [
            33.67003010796569,
            98.84070773533907
        ],
        [
            90.13819395051712,
            42.01298154193377
        ],
        [
            33.233895222984124,
            49.556042184964745
        ],
        [
            2.8303934085300853,
            92.04561353328467
        ],
        [
            27.70364613780497,
            17.988467815704812
        ],
        [
            25.470928772219814,
            35.63336252894441
        ]
    ],
    "distances": [
        [
            0.0,
            13.987126100489636,
            66.99921391522831,
            63.08514237504054,
            55.49909286666864,
            65.45621887251338,
            63.561285842197634,
            48.11159305545154,
            11.156617697075426,
            64.88333508153818,
            63.73691042680192,
            64.9811874652281,
            15.940660491957502,
            60.78598444486339,
            17.785593503616802,
            0.0
        ],
        [
            13.987126100489636,
            0.0,
            64.6553041834211,
            76.4356537050289,
            64.63498419641515,
            69.71728523071089,
            76.71675005300253,
            57.4668184913873,
            15.18677056765956,
            59.60107757109235,
            55.58985447417835,
            74.08205094457536,
            17.4169413604172,
            47.86340783310111,
            30.36608553824092,
            13.987126100489636
        ],
        [
            66.99921391522831,
            64.6553041834211,
            0.0,
            89.13554786597857,
            53.86230499712219,
            31.624809225099007,
            87.15199544991812,
            52.955313277067184,
            55.84485578198521,
            14.43407840802271,
            28.818814791574585,
            57.53710237762965,
            51.0988720172122,
            58.83793318919356,
            81.44448576305895,
            66.99921391522831
        ],
        [
            63.08514237504054,
            76.4356537050289,
            89.13554786597857,
            0.0,
            36.70185858166297,
            63.188677203931064,
            3.0670668198068713,
            36.18527526680326,
            63.583519026729206,
            97.22919647549965,
            104.99233590748732,
            38.32433822266295,
            65.07020385991238,
            116.77541716337532,
            54.457223476797125,
            63.08514237504054
        ],
        [
            55.49909286666864,
            64.63498419641515,
            53.86230499712219,
            36.70185858166297,
            0.0,
            26.515553942202878,
            34.28768834450637,
            7.403345287230793,
            49.448678286167926,
            63.89445893222844,
            74.04601404330266,
            9.49915732081467,
            48.07591279375599,
            92.73500842913222,
            57.97269409013339,
            55.49909286666864
        ],
        [
            65.45621887251338,
            69.71728523071089,
            31.624809225099007,
            63.188677203931064,
            26.515553942202878,
            0.0,
            60.70536326622848,
            29.12360530130689,
            55.92172564814216,
            44.61085282471576,
            57.57101584851473,
            27.20050140909257,
            52.46661233819423,
            83.03343740437917,
            74.10503753766554,
            65.45621887251338
        ],
        [
            63.561285842197634,
            76.71675005300253,
            87.15199544991812,
            3.0670668198068713,
            34.28768834450637,
            60.70536326622848,
            0.0,
            34.217938723804956,
            63.52162047759985,
            95.56194656572721,
            103.6474720537749,
            35.504515446476745,
            64.788134848949,
            116.19982992882676,
            55.71782084266294,
            63.561285842197634
        ],
        [
            48.11159305545154,
            57.4668184913873,
            52.955313277067184,
            36.18527526680326,
            7.403345287230793,
            29.12360530130689,
            34.217938723804956,
            0.0,
            42.29434002638777,
            61.615910153676964,
            70.6698852920572,
            16.869595486562314,
            41.15580258530846,
            87.43087566550525,
            50.83428413652481,
            48.11159305545154
        ],
        [
            11.156617697075426,
            15.18677056765956,
            55.84485578198521,
            63.583519026729206,
            49.448678286167926,
            55.92172564814216,
            63.52162047759985,
            42.29434002638777,
            0.0,
            53.9909215697162,
            53.761121915606374,
            58.895819725586165,
            4.819461062734741,
            54.890289221689805,
            27.382799679276314,
            11.156617697075426
        ],
        [
            64.88333508153818,
            59.60107757109235,
            14.43407840802271,
            97.22919647549965,
            63.89445893222844,
            44.61085282471576,
            95.56194656572721,
            61.615910153676964,
            53.9909215697162,
            0.0,
            14.469758573633397,
            68.9102140041698,
            49.19494885649742,
            45.33781396597532,
            81.07850252599022,
            64.88333508153818
        ],
        [
            63.73691042680192,
            55.58985447417835,
            28.818814791574585,
            104.99233590748732,
            74.04601404330266,
            57.57101584851473,
            103.6474720537749,
            70.6698852920572,
            53.761121915606374,
            14.469758573633397,
            0.0,
            80.11269557355985,
            49.28659525723147,
            31.5793682167324,
            81.07208174027289,
            63.73691042680192
        ],
        [
            64.9811874652281,
            74.08205094457536,
            57.53710237762965,
            38.32433822266295,
            9.49915732081467,
            27.20050140909257,
            35.504515446476745,
            16.869595486562314,
            58.895819725586165,
            68.9102140041698,
            80.11269557355985,
            0.0,
            57.40206422714044,
            100.6276120131117,
            66.89730951510384,
            64.9811874652281
        ],
        [
            15.940660491957502,
            17.4169413604172,
            51.0988720172122,
            65.07020385991238,
            48.07591279375599,
            52.46661233819423,
            64.788134848949,
            41.15580258530846,
            4.819461062734741,
            49.19494885649742,
            49.28659525723147,
            57.40206422714044,
            0.0,
            52.24688120783363,
            32.048329231067285,
            15.940660491957502
        ],
        [
            60.78598444486339,
            47.86340783310111,
