{
    "vertices": [
        [
            60.97249155999383,
            13.052745025511891
        ],
        [
            37.88682560176344,
            39.59264966589849
        ],
        [
            89.56411446890911,
            88.3869539492178
        ],
        [
            61.017596937646616,
            81.64689324344046
        ],
        [
            35.06906837983035,
            11.267574266534607
        ],
        [
            45.32774361418495,
            43.589197217658395
        ],
        [
            31.719647715342802,
            82.37955569903082
        ],
        [
            60.97249155999383,
            13.052745025511891
        ]
    ],
    "distances": [
        [
            0.0,
            35.17548167482304,
            80.57744060669945,
            68.59416304787344,
            25.964864087634624,
            34.31082993416423,
            75.24583411167342,
            0.0
        ],
        [
            35.17548167482304,
            0.0,
            71.07338682764154,
            47.99574966048707,
            28.464884544670213,
            8.446280435852044,
            43.22908061676597,
            35.17548167482304
        ],
        [
            80.57744060669945,
            71.07338682764154,
            0.0,
            29.331417993002667,
            94.4304440892484,
            62.957886833792834,
            58.15557727115077,
            80.57744060669945
        ],
        [
            68.59416304787344,
            47.99574966048707,
            29.331417993002667,
            0.0,
            75.0104970918662,
            41.16503035469024,
            29.307108743554426,
            68.59416304787344
        ],
        [
            25.964864087634624,
            28.464884544670213,
            94.4304440892484,
            75.0104970918662,
            0.0,
            33.91058430281868,
            71.19081768067691,
            25.964864087634624
        ],
        [
            34.31082993416423,
            8.446280435852044,
            62.957886833792834,
            41.16503035469024,
            33.91058430281868,
            0.0,
            41.1080549905425,
            34.31082993416423
        ],
        [
            75.24583411167342,
            43.22908061676597,
            58.15557727115077,
            29.307108743554426,
            71.19081768067691,
            41.1080549905425,
            0.0,
            75.24583411167342
        ],
        [
            0.0,
            35.17548167482304,
            80.57744060669945,
            68.59416304787344,
            25.964864087634624,
            34.31082993416423,
            75.24583411167342,
            0.0
        ]
    ],
    "scores_ave": [
        0,
        11.39080161594615,
        17.321674263807505,
        14.704485492379435,
        10.203155262775006,
        16.32021549048536,
        14.682118018190508,
        0
    ],
    "scores_var": [
        0,
        354.24828174089157,
        247.01791284887935,
        19.112932186885935,
        330.74405405645734,
        17.963646975664556,
        20.174736357882587,
        0
    ],
    "vertex_number": 8,
    "minimum_distances": {
        "cost": 243.20005140195593,
        "path": [
            0,
            2,
            3,
            6,
            5,
            1,
            4,
            7
        ]
    }
}