{
    "vertices": [
        [
            82.05642293489421,
            31.22973790057545
        ],
        [
            22.625523365640355,
            72.85184866883544
        ],
        [
            52.910148037258544,
            96.4671500420339
        ],
        [
            26.54768945253637,
            87.56336614268496
        ],
        [
            17.66674959615031,
            44.153999050890405
        ],
        [
            29.232886269372894,
            34.82278169925765
        ],
        [
            18.00562547552541,
            46.109169240838874
        ],
        [
            71.28971810930855,
            64.57521793406171
        ],
        [
            96.20828822210815,
            2.8164337898516023
        ],
        [
            60.263413403214,
            69.99680181269056
        ],
        [
            16.12051102391494,
            60.72913772197405
        ],
        [
            35.36823795776433,
            93.1146672654013
        ],
        [
            72.46748754439427,
            14.098086760008787
        ],
        [
            10.039941443719414,
            59.945671857793414
        ],
        [
            97.17443438995879,
            85.23407574527432
        ],
        [
            28.16553867202454,
            61.1239821440159
        ],
        [
            27.401385041393013,
            15.946610485875567
        ],
        [
            3.393642096008631,
            76.4987612071571
        ],
        [
            17.355508932758777,
            91.13450771726357
        ],
        [
            82.05642293489421,
            31.22973790057545
        ]
    ],
    "distances": [
        [
            0.0,
            72.55640515086206,
            71.45225876991613,
            79.08664339656623,
            65.67394124728382,
            52.94559461931581,
            65.75638472567283,
            35.04059034127308,
            31.742576165080358,
            44.47269396847826,
            72.23405754459007,
            77.52116549013037,
            19.63265526425963,
            77.53050025250725,
            56.08050264039935,
            61.62704962531053,
            56.7516268552189,
            90.7585674216951,
            88.17476804337005,
            0.0
        ],
        [
            72.55640515086206,
            0.0,
            38.40365803472078,
            15.225377932799459,
            29.123118136476574,
            38.59879763824585,
            27.138798048249658,
            49.3630070636855,
            101.58436208980999,
            37.7460204396605,
            13.757736233376226,
            23.93655348319102,
            77.04690734633856,
            18.02682091194291,
            75.57023013253463,
            12.970529010759506,
            57.10529736727862,
            19.574606719711618,
            19.027051111610835,
            72.55640515086206
        ],
        [
            71.45225876991613,
            38.40365803472078,
            0.0,
            27.82546657933155,
            63.07743574608028,
            66.0351487709754,
            61.271950561705346,
            36.80901967742286,
            103.17550871216312,
            27.472710949683496,
            51.29018342882321,
            17.859388287527626,
            84.65903445324444,
            56.31760810026185,
            45.667373522793774,
            43.144353161283064,
            84.46451491599355,
            53.39120632923244,
            35.952321705491514,
            71.45225876991613
        ],
        [
            79.08664339656623,
            15.225377932799459,
            27.82546657933155,
            0.0,
            44.30851209466328,
            52.8088963090447,
            42.3251378942157,
            50.30212805026295,
            109.70251393724293,
            38.017551523975456,
            28.788919134229353,
            10.422044909140952,
            86.6358766999657,
            32.17518891842488,
            70.66514483259192,
            26.48883656044704,
            71.62184364399992,
            25.661944419073873,
            9.861502667132557,
            79.08664339656623
        ],
        [
            65.67394124728382,
            29.123118136476574,
            63.07743574608028,
            44.30851209466328,
            0.0,
            14.860926445113593,
            1.9843203706270256,
            57.37986522150041,
            88.7556623063761,
            49.82294874931948,
            16.64710412317773,
            52.06236377871997,
            62.501829919685356,
            17.536964749758333,
            89.4932659058103,
            19.955071992870913,
            29.83990443867918,
            35.35399887786476,
            46.981539622512514,
            65.67394124728382
        ],
        [
            52.94559461931581,
            38.59879763824585,
            66.0351487709754,
            52.8088963090447,
            14.860926445113593,
            0.0,
            15.91960830773875,
            51.51683769719088,
            74.23012039077126,
            46.90528014141086,
            29.035730866527754,
            58.61387602945767,
            47.945215900389975,
            31.61532446454459,
            84.601137867146,
            26.322848928809293,
            18.96481574983017,
            49.036249932000246,
            57.55069573448508,
            52.94559461931581
        ],
        [
            65.75638472567283,
            27.138798048249658,
            61.271950561705346,
            42.3251378942157,
            1.9843203706270256,
            15.91960830773875,
            0.0,
            56.39316875425658,
            89.38633790174498,
            48.54214282898205,
            14.741001827727198,
            50.10965133330644,
            63.17280919511973,
            15.965617017940737,
            88.30888185177571,
            18.129215169935193,
            31.592091549408472,
            33.71998455163626,
            45.03003171701958,
            65.75638472567283
        ],
        [
            35.04059034127308,
            49.3630070636855,
            36.80901967742286,
            50.30212805026295,
            57.37986522150041,
            51.51683769719088,
            56.39316875425658,
            0.0,
            66.59641548490164,
            12.287105730181176,
            55.30310790026955,
            45.87867592263191,
            50.49086959446003,
            61.424488914901346,
            33.118075774320886,
            43.26206052209675,
            65.50516958095807,
            68.93510007383162,
            60.119005258636115,
            35.04059034127308
        ],
        [
            31.742576165080358,
            101.58436208980999,
            103.17550871216312,
            109.70251393724293,
            88.7556623063761,
            74.23012039077126,
            89.38633790174498,
            66.59641548490164,
            0.0,
            76.19209849735111,
            98.83285553537907,
            108.88196675746065,
            26.28500162750606,
            103.38633289146215,
            82.42330461653371,
            89.60795702061627,
            70.04849366966515,
            118.50588132723242,
            118.39697202168074,
            31.742576165080358
        ],
        [
            44.47269396847826,
            37.7460204396605,
            27.472710949683496,
            38.017551523975456,
            49.82294874931948,
            46.90528014141086,
            48.54214282898205,
            12.287105730181176,
            76.19209849735111,
            0.0,
            45.10527051428339,
            33.973599508285204,
            57.215432972095364,
            51.21935521886594,
            39.932417747746136,
            33.30165898468049,
            63.256115044463755,
            57.24025126168762,
            47.83190229286237,
            44.47269396847826
        ],
        [
