{
    "vertices": [
        [
            66.23937383963123,
            93.60939476160493
        ],
        [
            8.713891063271518,
            3.06699622734099
        ],
        [
            85.17564514585631,
            22.018362252761968
        ],
        [
            61.48287786360236,
            33.28859119923493
        ],
        [
            36.768785991003924,
            30.03438523790044
        ],
        [
            44.282238533669236,
            29.304272103648476
        ],
        [
            22.346023136635583,
            72.4039970896711
        ],
        [
            91.88674645484862,
            98.14968742175057
        ],
        [
            95.37897589444486,
            79.19886393031155
        ],
        [
            71.27797514600532,
            37.00515534155099
        ],
        [
            91.98038926191633,
            43.077955159481284
        ],
        [
            34.914692583032235,
            85.75445450348246
        ],
        [
            68.2865514592866,
            5.983762954595617
        ],
        [
            77.250032950012,
            42.95426358004579
        ],
        [
            21.24787765810271,
            79.25383121386585
        ],
        [
            66.23937383963123,
            93.60939476160493
        ]
    ],
    "distances": [
        [
            0.0,
            107.27118485870629,
            74.05307763128535,
            60.50804571608646,
            70.07351414109883,
            67.9504568851391,
            48.74725762913259,
            26.046150953712438,
            32.50814985126893,
            56.828051378235585,
            56.71001907276517,
            32.294515668859276,
            87.64954241628406,
            51.83798731688931,
            47.2262314124859,
            0.0
        ],
        [
            107.27118485870629,
            0.0,
            78.77533948905045,
            60.810449517979194,
            38.91422875315593,
            44.198438741480615,
            70.66438079717678,
            126.32672733337014,
            115.35552959757536,
            71.17628299632413,
            92.38066116311539,
            86.73925153266272,
            59.64402228891143,
            79.29815156474692,
            77.21097490139194,
            107.27118485870629
        ],
        [
            74.05307763128535,
            78.77533948905045,
            0.0,
            26.236716296003202,
            49.06608439376413,
            41.53739503995057,
            80.53740497272001,
            76.42655005144375,
            58.0837131256374,
            20.438913829040246,
            22.13167404155854,
            81.16928487990273,
            23.288406132805346,
            22.38587262236343,
            85.80593431206127,
            74.05307763128535
        ],
        [
            60.50804571608646,
            60.810449517979194,
            26.236716296003202,
            0.0,
            24.92741850906389,
            17.65606955168384,
            55.33270620431708,
            71.63349096965891,
            57.06749165644415,
            10.476486996874826,
            32.0301396849352,
            58.80931287953202,
            28.139716058728517,
            18.494009897587468,
            61.087302536117804,
            60.50804571608646
        ],
        [
            70.07351414109883,
            38.91422875315593,
            49.06608439376413,
            24.92741850906389,
            0.0,
            7.548843242490275,
            44.757123419887606,
            87.6223941540698,
            76.50032892487428,
            35.206189398649975,
            56.73143618879919,
            55.75090834530629,
            39.64595783087943,
            42.49299485482327,
            51.60864712099418,
            70.07351414109883
        ],
        [
            67.9504568851391,
            44.198438741480615,
            41.53739503995057,
            17.65606955168384,
            7.548843242490275,
            0.0,
            48.360974347254825,
            83.70113729657201,
            71.41671276714854,
            28.072645010515675,
            49.647033424134364,
            57.2221461508726,
            33.46719566982001,
            35.68189647403793,
            55.00491101938926,
            67.9504568851391
        ],
        [
            48.74725762913259,
            70.66438079717678,
            80.53740497272001,
            55.33270620431708,
            44.757123419887606,
            48.360974347254825,
            0.0,
            74.15357557323577,
            73.34836333488593,
            60.39382356297467,
            75.55767122510393,
            18.335925523702798,
            80.76001266172848,
            62.30358815810917,
            6.937301422095277,
            48.74725762913259
        ],
        [
            26.046150953712438,
            126.32672733337014,
            76.42655005144375,
            71.63349096965891,
            87.6223941540698,
            83.70113729657201,
            74.15357557323577,
            0.0,
            19.26990860026222,
            64.52422225929391,
            55.071811876334586,
            58.30486018739146,
            95.13951248936407,
            57.10313647504925,
            73.12252161073863,
            26.046150953712438
        ],
        [
            32.50814985126893,
            115.35552959757536,
            58.0837131256374,
            57.06749165644415,
            76.50032892487428,
            71.41671276714854,
            73.34836333488593,
            19.26990860026222,
            0.0,
            48.59184377598292,
            36.28044158399184,
            60.818626457079894,
            78.0669614668013,
            40.525666272536306,
            74.1311186151165,
            32.50814985126893
        ],
        [
            56.828051378235585,
            71.17628299632413,
            20.438913829040246,
            10.476486996874826,
            35.206189398649975,
            28.072645010515675,
            60.39382356297467,
            64.52422225929391,
            48.59184377598292,
            0.0,
            21.574727063286936,
            60.81761658873286,
            31.165291612608318,
            8.429552968439301,
            65.48252642967404,
            56.828051378235585
        ],
        [
            56.71001907276517,
            92.38066116311539,
            22.13167404155854,
            32.0301396849352,
            56.73143618879919,
            49.647033424134364,
            75.55767122510393,
            55.071811876334586,
            36.28044158399184,
            21.574727063286936,
            0.0,
            71.2585246388454,
            44.01564545874939,
            14.730875625110784,
            79.44672558441803,
            56.71001907276517
        ],
        [
            32.294515668859276,
            86.73925153266272,
            81.16928487990273,
            58.80931287953202,
            55.75090834530629,
            57.2221461508726,
            18.335925523702798,
            58.30486018739146,
            60.818626457079894,
            60.81761658873286,
            71.2585246388454,
            0.0,
            86.46990340600759,
            60.20080885727913,
            15.134065327788907,
            32.294515668859276
        ],
        [
            87.64954241628406,
            59.64402228891143,
            23.288406132805346,
            28.139716058728517,
            39.64595783087943,
            33.46719566982001,
            80.76001266172848,
            95.13951248936407,
            78.0669614668013,
            31.165291612608318,
            44.01564545874939,
            86.46990340600759,
            0.0,
            38.041581419953985,
            87.06974064330444,
            87.64954241628406
        ],
        [
            51.83798731688931,
            79.29815156474692,
