{
    "vertices": [
        [
            46.42303438970418,
            30.5467106767647
        ],
        [
            93.57347002612485,
            72.91984918330384
        ],
        [
            58.69952408707751,
            49.16123402530573
        ],
        [
            93.04551741404785,
            52.9030271965901
        ],
        [
            99.6881963463574,
            27.148167070704112
        ],
        [
            93.4031148287493,
            4.059700095526086
        ],
        [
            63.99060694328996,
            90.74669380284016
        ],
        [
            30.523523309167654,
            76.88697434442567
        ],
        [
            43.071411227932224,
            49.41602007672896
        ],
        [
            73.08991660714959,
            9.47539325238168
        ],
        [
            54.30137457359861,
            72.43211342747615
        ],
        [
            37.7862720498483,
            57.25443613670671
        ],
        [
            65.43868129093119,
            58.71289655089904
        ],
        [
            87.68957941024361,
            97.0951407633295
        ],
        [
            76.67905818360337,
            3.031481398319269
        ],
        [
            24.545658623418632,
            59.507086345785176
        ],
        [
            46.42303438970418,
            30.5467106767647
        ]
    ],
    "distances": [
        [
            0.0,
            63.39279491865458,
            22.298266273033267,
            51.70552012783386,
            53.37347259557685,
            53.932269445942985,
            62.71090474395398,
            48.991983929908805,
            19.164660577482344,
            33.987100864860686,
            42.61989215897281,
            28.0694898948803,
            33.98424419887,
            78.30466962396693,
            40.896391259650464,
            36.294943577722385,
            0.0
        ],
        [
            63.39279491865458,
            0.0,
            42.197913450613335,
            20.023783269112393,
            46.17831483919943,
            68.86035981088287,
            34.538995023984796,
            63.17462990042084,
            55.703571927904065,
            66.66914540504278,
            39.27512402780984,
            57.944944766258686,
            31.51830960367916,
            24.88101468507494,
            71.90135675461207,
            70.31885205251221,
            63.39279491865458
        ],
        [
            22.298266273033267,
            42.197913450613335,
            0.0,
            34.54921524076866,
            46.525760287462624,
            56.907711016913275,
            41.92071114258725,
            39.52978239353273,
            15.630189617217772,
            42.21432641575165,
            23.68285344491399,
            22.42463001230248,
            11.689760340617612,
            56.01859265288437,
            49.509774022460455,
            35.68645662358313,
            22.298266273033267
        ],
        [
            51.70552012783386,
            20.023783269112393,
            34.54921524076866,
            0.0,
            26.597706733884056,
            48.844636125295644,
            47.71090991239595,
            66.96438954878066,
            50.09561365783558,
            47.79315216175265,
            43.38771500614566,
            55.43030721532162,
            28.211557607525986,
            44.51549138666433,
            52.4883993664393,
            68.81747054042462,
            51.70552012783386
        ],
        [
            53.37347259557685,
            46.17831483919943,
            46.525760287462624,
            26.597706733884056,
            0.0,
            23.928634665330687,
            72.9320950726648,
            85.19214133565242,
            60.838455228941015,
            31.93423585305801,
            64.11395626753335,
            68.83484342021335,
            46.57640420523845,
            70.96862642841853,
            33.33219114929764,
            81.81381687767959,
            53.37347259557685
        ],
        [
            53.932269445942985,
            68.86035981088287,
            56.907711016913275,
            48.844636125295644,
            23.928634665330687,
            0.0,
            91.54086791222879,
            96.21670803033055,
            67.7530526957846,
            21.02274374003579,
            78.76377972022607,
            76.96046480618391,
            61.392030638191436,
            93.21071669733523,
            16.755635003166404,
            88.40679791200704,
            53.932269445942985
        ],
        [
            62.71090474395398,
            34.538995023984796,
            41.92071114258725,
            47.71090991239595,
            72.9320950726648,
            91.54086791222879,
            0.0,
            36.22343868877291,
            46.323183612870345,
            81.77910325701647,
            20.719678526452647,
            42.52526885020621,
            32.06651034482497,
            24.534548595797997,
            88.6281855960508,
            50.31716428842354,
            62.71090474395398
        ],
        [
            48.991983929908805,
            63.17462990042084,
            39.52978239353273,
            66.96438954878066,
            85.19214133565242,
            96.21670803033055,
            36.22343868877291,
            0.0,
            30.201040041689982,
            79.72589983015371,
            24.191568707770173,
            20.93284681422484,
            39.36197861562174,
            60.63273010648189,
            87.09171738952921,
            18.379210348826554,
            48.991983929908805
        ],
        [
            19.164660577482344,
            55.703571927904065,
            15.630189617217772,
            50.09561365783558,
            60.838455228941015,
            67.7530526957846,
            46.323183612870345,
            30.201040041689982,
            0.0,
            49.96363013556833,
            25.609619869793452,
            9.453753881979088,
            24.222441706960648,
            65.29991945931054,
            57.28000840001612,
            21.095808304260974,
            19.164660577482344
        ],
        [
            33.987100864860686,
            66.66914540504278,
            42.21432641575165,
            47.79315216175265,
            31.93423585305801,
            21.02274374003579,
            81.77910325701647,
            79.72589983015371,
            49.96363013556833,
            0.0,
            65.700516945848,
            59.406937793244644,
            49.82843699069494,
            88.82775640443866,
            7.37603804482835,
            69.71165825730691,
            33.987100864860686
        ],
        [
            42.61989215897281,
            39.27512402780984,
            23.68285344491399,
            43.38771500614566,
            64.11395626753335,
            78.76377972022607,
            20.719678526452647,
            24.191568707770173,
            25.609619869793452,
            65.700516945848,
            0.0,
            22.43012481714541,
            17.670781324618886,
            41.50948252607847,
            72.91919123108752,
            32.441623830662984,
            42.61989215897281
        ],
        [
            28.0694898948803,
            57.944944766258686,
            22.42463001230248,
            55.43030721532162,
            68.83484342021335,
            76.96046480618391,
            42.52526885020621,
            20.93284681422484,
            9.453753881979088,
            59.406937793244644,
            22.43012481714541,
            0.0,
            27.690844039431017,
            63.856259134495865,
            66.72913631845705,
            13.430870294683471,
            28.0694898948803
        ],
        [
            33.98424419887,
            31.51830960367916,
            11.689760340617612,
