{
    "vertices": [
        [
            5.90405782621678,
            14.018213266014811
        ],
        [
            10.231387025425464,
            4.918414896547385
        ],
        [
            74.07806508052425,
            8.120446039491924
        ],
        [
            88.64624722215837,
            43.39873076892794
        ],
        [
            7.525746080335194,
            22.459324832416318
        ],
        [
            96.95056708682831,
            10.338592181483586
        ],
        [
            60.013472713356705,
            45.127502465578395
        ],
        [
            17.334795402297143,
            74.77523454820954
        ],
        [
            4.970946741279181,
            80.08715629116998
        ],
        [
            73.87659971086597,
            41.52139006763406
        ],
        [
            87.17140055650422,
            75.88600079605776
        ],
        [
            42.859742214637954,
            17.234328025044356
        ],
        [
            46.00610856694177,
            2.990403963709787
        ],
        [
            12.268543280378374,
            47.218763895120496
        ],
        [
            14.300970354364317,
            55.63850229414575
        ],
        [
            35.30910792309331,
            91.12498176167401
        ],
        [
            12.229100209489573,
            60.16323156502338
        ],
        [
            5.90405782621678,
            14.018213266014811
        ]
    ],
    "distances": [
        [
            0.0,
            10.076314225116548,
            68.42864110420881,
            87.80367141966703,
            8.595477722034007,
            91.12083438966276,
            62.41487526167719,
            61.82295202122169,
            66.07553199754076,
            73.32592436813542,
            102.13718288803808,
            37.09536362889363,
            41.59070871744899,
            33.80507709164474,
            42.45888127106646,
            82.52339498010852,
            46.57648414131356,
            0.0
        ],
        [
            10.076314225116548,
            0.0,
            63.926921575435024,
            87.34772469452967,
            17.748352439086126,
            86.88840263419594,
            63.99239625591882,
            70.21704680783337,
            75.35258399573777,
            73.41996247036732,
            104.67169593814255,
            34.87536779077883,
            35.82663712281928,
            42.34937462357832,
            50.883089274249,
            89.78008830521873,
            55.280924618708276,
            10.076314225116548
        ],
        [
            68.42864110420881,
            63.926921575435024,
            0.0,
            38.1679093527925,
            68.07947274576311,
            22.979806795001906,
            39.589581758060234,
            87.53661796595686,
            99.7747522653071,
            33.40155161465191,
            69.01888035423117,
            32.521477940052115,
            28.536854665498108,
            73.13751051479994,
            76.36273125105429,
            91.61214433430601,
            80.83159024091353,
            68.42864110420881
        ],
        [
            87.80367141966703,
            87.34772469452967,
            38.1679093527925,
            0.0,
            83.77943916304616,
            34.08716021958678,
            28.68491637866532,
            77.90897348873017,
            91.36518197796424,
            14.888481981604441,
            32.52073010408651,
            52.734997978077466,
            58.74533428054868,
            76.47317380953535,
            75.3460828413693,
            71.57265862346085,
            78.23444794013773,
            87.80367141966703
        ],
        [
            8.595477722034007,
            17.748352439086126,
            68.07947274576311,
            83.77943916304616,
            0.0,
            90.2425108917007,
            57.173487949497925,
            53.227547923906,
            57.68443428084702,
            69.03476014684064,
            95.90536993026639,
            35.71822888184644,
            43.125133934778624,
            25.20960031377925,
            33.863866893790025,
            74.07352858351047,
            37.99613300015366,
            8.595477722034007
        ],
        [
            91.12083438966276,
            86.88840263419594,
            22.979806795001906,
            34.08716021958678,
            90.2425108917007,
            0.0,
            50.74068603704079,
            102.42437200403397,
            115.43445219809547,
            38.79142759006795,
            66.27288189081385,
            54.52860266115515,
            51.47167885321277,
            92.36445323599062,
            94.24986841504978,
            101.61747009858448,
            98.28642652751086,
            91.12083438966276
        ],
        [
            62.41487526167719,
            63.99239625591882,
            39.589581758060234,
            28.68491637866532,
            57.173487949497925,
            50.74068603704079,
            0.0,
            51.96592647750087,
            65.2062655041065,
            14.324466369665512,
            41.03216134058391,
            32.74568140064786,
            44.40429394198773,
            47.79070684690456,
            46.90537271269708,
            52.21181610789985,
            50.09410549296424,
            62.41487526167719
        ],
        [
            61.82295202122169,
            70.21704680783337,
            87.53661796595686,
            77.90897348873017,
            53.227547923906,
            102.42437200403397,
            51.96592647750087,
            0.0,
            13.456643946983641,
            65.59568436419269,
            69.84543808382894,
            62.948223432281715,
            77.2988104735801,
            28.018315178065293,
            19.375722329378842,
            24.29794527402346,
            15.4783317764706,
            61.82295202122169
        ],
        [
            66.07553199754076,
            75.35258399573777,
            99.7747522653071,
            91.36518197796424,
            57.68443428084702,
            115.43445219809547,
            65.2062655041065,
            13.456643946983641,
            0.0,
            78.96396225857433,
            82.30774152485935,
            73.38963716679005,
            87.33724134354173,
            33.66877090046733,
            26.16841651470212,
            32.28370510042243,
            21.20480059470615,
            66.07553199754076
        ],
        [
            73.32592436813542,
            73.41996247036732,
            33.40155161465191,
            14.888481981604441,
            69.03476014684064,
            38.79142759006795,
            14.324466369665512,
            65.59568436419269,
            78.96396225857433,
            0.0,
            36.84668506177017,
            39.39424871224121,
            47.55419189455713,
            61.87093571033391,
            61.225390736517056,
            62.832855511658394,
            64.40444432790326,
            73.32592436813542
        ],
        [
            102.13718288803808,
            104.67169593814255,
            69.01888035423117,
            32.52073010408651,
            95.90536993026639,
            66.27288189081385,
            41.03216134058391,
            69.84543808382894,
            82.30774152485935,
            36.84668506177017,
            0.0,
            73.50878711993772,
            83.71588440750152,
            80.2012998626714,
            75.63108351352552,
            54.05482344864298,
            76.57384575424244,
            102.13718288803808
        ],
        [
            37.09536362889363,
            34.87536779077883,
            32.521477940052115,
            52.734997978077466,
            35.71822888184644,
            54.52860266115515,
            32.74568140064786,
