{
    "vertices": [
        [
            19.246352352060867,
            3.70997106443397
        ],
        [
            35.0122694660899,
            59.763638281042944
        ],
        [
            47.95545530502352,
            58.97531432299754
        ],
        [
            17.648454760109356,
            31.660619230022434
        ],
        [
            92.60928327468349,
            80.95798095408857
        ],
        [
            70.33122197590359,
            2.635466235197126
        ],
        [
            30.945051545350733,
            25.005767954748958
        ],
        [
            88.88858108073153,
            81.95160331309829
        ],
        [
            21.41846889600193,
            23.12584022637074
        ],
        [
            43.39429142926773,
            93.80898176725364
        ],
        [
            89.51961027219035,
            85.84614105222465
        ],
        [
            21.36265922440257,
            45.68625671289661
        ],
        [
            40.1944431493508,
            78.74883114731416
        ],
        [
            60.70956206362804,
            39.3732776903106
        ],
        [
            26.766975893776113,
            6.274892678891463
        ],
        [
            93.44501195280651,
            45.214730809498164
        ],
        [
            19.246352352060867,
            3.70997106443397
        ]
    ],
    "distances": [
        [
            0.0,
            58.22866777521857,
            62.277369548261,
            27.99628563918575,
            106.53344388251828,
            51.096168790948134,
            24.297541604216477,
            104.74632709184465,
            19.536992235088537,
            93.27890807306498,
            108.09570388767672,
            42.02960042183664,
            77.90797796496565,
            54.69066829978122,
            7.945980200359978,
            85.018151991459,
            0.0
        ],
        [
            58.22866777521857,
            0.0,
            12.967170636804324,
            33.034553741887414,
            61.37276400008235,
            67.1643986624628,
            34.99502552126873,
            58.26630883676843,
            39.078378423807024,
            35.061998021864994,
            60.42637795334985,
            19.608277118736407,
            19.67974776903905,
            32.80423222487579,
            54.120520804823364,
            60.216742714418785,
            58.22866777521857
        ],
        [
            62.277369548261,
            12.967170636804324,
            0.0,
            40.799593748610114,
            49.771497712623336,
            60.62056925389348,
            37.99057668069387,
            46.940714113939045,
            44.60265060147561,
            35.13102053055856,
            49.49363905843664,
            29.728367858832588,
            21.24206386587782,
            23.386044542826866,
            56.80040581921418,
            47.52529245195498,
            62.277369548261
        ],
        [
            27.99628563918575,
            33.034553741887414,
            40.799593748610114,
            0.0,
            89.71820152312914,
            60.14925991137863,
            14.868978833978488,
            87.20285934659707,
            9.330351506026105,
            67.27010533553596,
            90.0085205399249,
            14.509094444643354,
            52.207483122782165,
            43.746360565539675,
            26.973737972218892,
            76.99890923236957,
            27.99628563918575
        ],
        [
            106.53344388251828,
            61.37276400008235,
            49.771497712623336,
            89.71820152312914,
            0.0,
            81.42928421104511,
            83.26540466659797,
            3.8510920799693955,
            91.72070951017798,
            50.86515157005147,
            5.782749208408122,
            79.49953439806272,
            52.46137444094423,
            52.41068363301061,
            99.56291034096368,
            35.75301907982317,
            106.53344388251828
        ],
        [
            51.096168790948134,
            67.1643986624628,
            60.62056925389348,
            60.14925991137863,
            81.42928421104511,
            0.0,
            45.29570421362648,
            81.45811916504056,
            53.03124399967998,
            95.06949122483213,
            85.3944415574818,
            65.20192250771808,
            81.86250519184988,
            37.97687625356984,
            43.716003494638215,
            48.44833391134008,
            51.096168790948134
        ],
        [
            24.297541604216477,
            34.99502552126873,
            37.99057668069387,
            14.868978833978488,
            83.26540466659797,
            45.29570421362648,
            0.0,
            81.24211210743954,
            9.71029892633584,
            69.92042480288964,
            84.45430675036073,
            22.79264920689207,
            54.53318335072879,
            33.050740118703835,
            19.19119602187446,
            65.68597438265016,
            24.297541604216477
        ],
        [
            104.74632709184465,
            58.26630883676843,
            46.940714113939045,
            87.20285934659707,
            3.8510920799693955,
            81.45811916504056,
            81.24211210743954,
            0.0,
            89.51361036711566,
            47.014123566183315,
            3.9453291424103845,
            76.64806251028008,
            48.79935264351621,
            51.05850492921251,
            97.90841824591713,
            37.01835846762751,
            104.74632709184465
        ],
        [
            19.536992235088537,
            39.078378423807024,
            44.60265060147561,
            9.330351506026105,
            91.72070951017798,
            53.03124399967998,
            9.71029892633584,
            89.51361036711566,
            0.0,
            74.0205598067326,
            92.58294439271855,
            22.560485517048434,
            58.706510100275715,
            42.51786949568043,
            17.67939366474816,
            75.33752047888953,
            19.536992235088537
        ],
        [
            93.27890807306498,
            35.061998021864994,
            35.13102053055856,
            67.27010533553596,
            50.86515157005147,
            95.06949122483213,
            69.92042480288964,
            47.014123566183315,
            74.0205598067326,
            0.0,
            46.80760483740004,
            52.926264597718344,
            15.39633611317156,
            57.123239364497294,
            89.09929502777297,
            69.76013081317082,
            93.27890807306498
        ],
        [
            108.09570388767672,
            60.42637795334985,
            49.49363905843664,
            90.0085205399249,
            5.782749208408122,
            85.3944415574818,
            84.45430675036073,
            3.9453291424103845,
            92.58294439271855,
            46.80760483740004,
            0.0,
            79.10869918206686,
            49.833160842780096,
            54.67856899037152,
            101.33842651788915,
            40.820586432178104,
            108.09570388767672
        ],
        [
            42.02960042183664,
            19.608277118736407,
            29.728367858832588,
            14.509094444643354,
            79.49953439806272,
            65.20192250771808,
            22.79264920689207,
            76.64806251028008,
            22.560485517048434,
            52.926264597718344,
            79.10869918206686,
            0.0,
            38.04957179821266,
            39.850125058512184,
            39.78017412837384,
            72.0838949526149,
            42.02960042183664
        ],
        [
            77.90797796496565,
            19.67974776903905,
            21.24206386587782,
