{
    "vertices": [
        [
            34.8941936315409,
            92.22628213172722
        ],
        [
            84.74093028734613,
            46.013345775323856
        ],
        [
            85.89555914895608,
            73.5637911887029
        ],
        [
            81.51935672403518,
            17.196720100457707
        ],
        [
            40.652297455908204,
            30.999692307974236
        ],
        [
            66.92392864048261,
            15.562468036685996
        ],
        [
            1.6149574338763517,
            62.35301224975053
        ],
        [
            47.57601296174653,
            23.45976589622032
        ],
        [
            87.72790402946431,
            38.56225286312082
        ],
        [
            94.26225140037037,
            84.61471128400852
        ],
        [
            56.161627932843835,
            34.52346057479748
        ],
        [
            40.17642243645666,
            89.32339305880718
        ],
        [
            65.17718345759272,
            47.915361865106576
        ],
        [
            19.687861725988277,
            25.976704741124536
        ],
        [
            28.952026621139815,
            70.4117968122838
        ],
        [
            12.097177655888203,
            15.951511490995996
        ],
        [
            34.8941936315409,
            92.22628213172722
        ]
    ],
    "distances": [
        [
            0.0,
            67.97302878285022,
            54.30863515905598,
            88.33652139407465,
            61.49675650876463,
            83.08576482371734,
            44.72046304927267,
            69.92612027484587,
            75.30756264647984,
            59.85400816998737,
            61.49731195256514,
            6.027329932661751,
            53.67044929641981,
            67.97234021611499,
            22.609314862058767,
            79.60869659585137,
            0.0
        ],
        [
            67.97302878285022,
            0.0,
            27.574629830401,
            28.99614545951201,
            46.574857330785306,
            35.2803274182342,
            84.71665753162891,
            43.47292312672059,
            8.02750258314414,
            39.75828184004424,
            30.802499654919817,
            62.143024996290215,
            19.65598777025665,
            68.06885273884149,
            60.89077257910414,
            78.61824646301163,
            67.97302878285022
        ],
        [
            54.30863515905598,
            27.574629830401,
            0.0,
            56.536694727682566,
            62.11807500360954,
            61.025209967149905,
            85.02294625496083,
            63.07773751890139,
            35.04946751262158,
            13.860893700721672,
            49.073965399257624,
            48.35912026536884,
            32.971093673944026,
            81.53520708639033,
            57.03070195338162,
            93.62358614667136,
            54.30863515905598
        ],
        [
            88.33652139407465,
            28.99614545951201,
            56.536694727682566,
            0.0,
            43.13511997185213,
            14.686636808680772,
            91.78128211456526,
            34.51631974015653,
            22.24931571703234,
            68.61171109918122,
            30.71205536776623,
            83.13540261253166,
            34.79513728863929,
            62.451756612475236,
            74.8008595110531,
            69.43334567087302,
            88.33652139407465
        ],
        [
            61.49675650876463,
            46.574857330785306,
            62.11807500360954,
            43.13511997185213,
            0.0,
            30.471404600056648,
            50.06939771324513,
            10.23661695583313,
            47.67918892366457,
            75.81950554921781,
            15.904599166312709,
            58.32564209939613,
            29.792782850242688,
            21.55778211158722,
            41.11216753061738,
            32.27758684743898,
            61.49675650876463
        ],
        [
            83.08576482371734,
            35.2803274182342,
            61.025209967149905,
            14.686636808680772,
            30.471404600056648,
            0.0,
            80.34062949604062,
            20.897587291208694,
            31.01282789504462,
            74.26705991764584,
            21.802439188126673,
            78.46083830965222,
            32.400013237759694,
            48.37046974845977,
            66.71067538333119,
            54.828131267954646,
            83.08576482371734
        ],
        [
            44.72046304927267,
            84.71665753162891,
            85.02294625496083,
            91.78128211456526,
            50.06939771324513,
            80.34062949604062,
            0.0,
            60.20883022574311,
            89.33890419949806,
            95.28433409121273,
            61.2358000597021,
            47.057284495928556,
            65.18130349815978,
            40.61853785544179,
            28.50016421662433,
            47.57074955734302,
            44.72046304927267
        ],
        [
            69.92612027484587,
            43.47292312672059,
            63.07773751890139,
            34.51631974015653,
            10.23661695583313,
            20.897587291208694,
            60.20883022574311,
            0.0,
            42.89824552239025,
            76.93849624818122,
            14.004218092157336,
            66.27798520590535,
            30.13100358463442,
            28.00149925445979,
            50.51085105557108,
            36.264605869549854,
            69.92612027484587
        ],
        [
            75.30756264647984,
            8.02750258314414,
            35.04946751262158,
            22.24931571703234,
            47.67918892366457,
            31.01282789504462,
            89.33890419949806,
            42.89824552239025,
            0.0,
            46.51372509454879,
            31.82360177221135,
            69.55455956050812,
            24.413431678354023,
            69.19424382266125,
            66.85055882255625,
            78.93828220319884,
            75.30756264647984
        ],
        [
            59.85400816998737,
            39.75828184004424,
            13.860893700721672,
            68.61171109918122,
            75.81950554921781,
            74.26705991764584,
            95.28433409121273,
            76.93849624818122,
            46.51372509454879,
            0.0,
            62.93481473896042,
            54.29040963899654,
            46.827165459876504,
            94.86704067604246,
            66.8367282278595,
            107.07816934021308,
            59.85400816998737
        ],
        [
            61.49731195256514,
            30.802499654919817,
            49.073965399257624,
            30.71205536776623,
            15.904599166312709,
            21.802439188126673,
            61.2358000597021,
            14.004218092157336,
            31.82360177221135,
            62.93481473896042,
            0.0,
            57.08379275252958,
            16.143830449717083,
            37.46174924630163,
            45.03704121539023,
            47.818334046489014,
            61.49731195256514
        ],
        [
            6.027329932661751,
            62.143024996290215,
            48.35912026536884,
            83.13540261253166,
            58.32564209939613,
            78.46083830965222,
            47.057284495928556,
            66.27798520590535,
            69.55455956050812,
            54.29040963899654,
            57.08379275252958,
            0.0,
            48.370064078667895,
            66.57765421524087,
            21.991715122073124,
            78.56129449193153,
            6.027329932661751
        ],
        [
            53.67044929641981,
            19.65598777025665,
            32.971093673944026,
            34.79513728863929,
