{
    "vertices": [
        [
            20.99885498912496,
            56.969895000552654
        ],
        [
            17.439000026486628,
            45.785556276451175
        ],
        [
            77.98698258997864,
            19.9097350361236
        ],
        [
            16.925786097120486,
            13.92349689405632
        ],
        [
            71.70599195908346,
            2.863076124375019
        ],
        [
            44.749899312329525,
            43.788540146026556
        ],
        [
            87.80524365734614,
            16.326621199112612
        ],
        [
            80.07196518874213,
            62.43884616326313
        ],
        [
            13.631025925317864,
            80.8456360196508
        ],
        [
            4.15678585657131,
            50.66505052675344
        ],
        [
            2.500993980999988,
            53.123719133451765
        ],
        [
            57.4593360278294,
            59.785959068846715
        ],
        [
            87.86746134005305,
            65.13054242126948
        ],
        [
            49.963882715839944,
            63.15706488342631
        ],
        [
            96.13647045271216,
            87.95889247998089
        ],
        [
            66.76201827652936,
            87.61050584535045
        ],
        [
            76.62349045096887,
            19.639597828561016
        ],
        [
            44.07157870661936,
            78.8223236813191
        ],
        [
            31.409176873605137,
            19.278474471623408
        ],
        [
            21.86068835647471,
            70.47185377132644
        ],
        [
            88.44569054638502,
            63.765812724000625
        ],
        [
            20.99885498912496,
            56.969895000552654
        ]
    ],
    "distances": [
        [
            0.0,
            11.737205802509244,
            67.97868889615516,
            43.238666493567834,
            74.15363503288037,
            27.16358264743012,
            78.19826898460255,
            59.32572608469471,
            24.986714756536646,
            17.983502342550324,
            18.89348910806523,
            36.569070187939744,
            67.36472876543505,
            29.618472316595035,
            81.2771752851556,
            55.07371557296618,
            66.98993325278232,
            31.77859686946252,
            39.10265954161015,
            13.529436329749753,
            67.78834799869337,
            0.0
        ],
        [
            11.737205802509244,
            0.0,
            65.84539708567578,
            31.866192377260127,
            69.18992495889775,
            27.38381443894605,
            76.2839242475656,
            64.80910730036716,
            35.26627083141466,
            14.150147610333685,
            16.643096428575376,
            42.39856804197152,
            73.03695401603038,
            36.873260029978454,
            89.28539711522032,
            64.66905392639524,
            64.70251192932488,
            42.4349177885006,
            29.963164501560865,
            25.079166885944147,
            73.24779669388201,
            11.737205802509244
        ],
        [
            67.97868889615516,
            65.84539708567578,
            0.0,
            61.353930307951536,
            18.166987184420268,
            40.925554831695436,
            10.451648442038415,
            42.58018841787493,
            88.62772245126197,
            79.97991860849702,
            82.47001404081621,
            44.849721476152354,
            46.28763637187728,
            51.532763029720726,
            70.42791874319722,
            68.62502598907828,
            1.3899945769862319,
            67.97755307047613,
            46.58208320000867,
            75.54262872960277,
            45.08591933500418,
            67.97868889615516
        ],
        [
            43.238666493567834,
            31.866192377260127,
            61.353930307951536,
            0.0,
            55.88563198069286,
            40.81791377146587,
            70.92018408363998,
            79.63152044626725,
            67.00319507109432,
            38.89716095664957,
            41.76998983973165,
            61.20730435756301,
            87.49218706775933,
            59.291315090422465,
            108.42311707217014,
            88.95743547353447,
            59.97074049078379,
            70.34736508755009,
            15.441644771221974,
            56.76327973107687,
            87.17426902316902,
            43.238666493567834
        ],
        [
            74.15363503288037,
            69.18992495889775,
            18.166987184420268,
            55.88563198069286,
            0.0,
            49.00535211757871,
            20.98697098734128,
            60.16030156013053,
            97.23158605948636,
            82.75218427235204,
            85.53048568102716,
            58.67863161265405,
            64.33063385034306,
            64.09433980330664,
            88.53330582698612,
            84.89151736236936,
            17.482376037275916,
            80.82987124340283,
            43.5120513068745,
            83.99703034126361,
            63.16138720861886,
            74.15363503288037
        ],
        [
            27.16358264743012,
            27.38381443894605,
            40.925554831695436,
            40.81791377146587,
            49.00535211757871,
            0.0,
            51.06779483113428,
            39.94348823418158,
            48.39021218659659,
            41.17143736922848,
            43.26795082301577,
            20.431524510361452,
            48.11034417182089,
            20.05805009055836,
            67.76134383903016,
            49.039759981537486,
            39.98871374682395,
            35.040349707756434,
            27.90552265324267,
            35.15558567578897,
            48.045952912028255,
            27.16358264743012
        ],
        [
            78.19826898460255,
            76.2839242475656,
            10.451648442038415,
            70.92018408363998,
            20.98697098734128,
            51.06779483113428,
            0.0,
            46.756185548196726,
            98.30827965930013,
            90.42229935772144,
            92.9023219797748,
            53.005548369344,
            48.80396088124954,
            60.20846330521173,
            72.11512760005165,
            74.3250263685523,
            11.662221868734944,
            76.27808518025934,
            56.473266121401274,
            85.32520485840521,
            47.443514464599765,
            78.19826898460255
        ],
        [
            59.32572608469471,
            64.80910730036716,
            42.58018841787493,
            79.63152044626725,
            60.16030156013053,
            39.94348823418158,
            46.756185548196726,
            0.0,
            68.9435154530377,
            76.8227617098341,
            78.12827379184748,
            22.767714147552926,
            8.247120042200725,
            30.11664769400925,
            30.15528300950831,
            28.473972992133397,
            42.93795099946622,
            39.55308031553109,
            65.04525079638275,
            58.762930165828834,
            8.47821423523534,
            59.32572608469471
        ],
        [
            24.986714756536646,
            35.26627083141466,
            88.62772245126197,
            67.00319507109432,
            97.23158605948636,
            48.39021218659659,
            98.30827965930013,
            68.9435154530377,
            0.0,
            31.632719857361764,
            29.872768317095478,
            48.62541269453806,
            75.88156897357904,
            40.40992491210372,
            82.81151365681808,
            53.559927296283334,
            87.83068767842218,
            30.50772109564475,
            64.08258758992952,
