{
    "vertices": [
        [
            31.877551104236336,
            44.70866910234896
        ],
        [
            80.08694079500266,
            1.506615951582846
        ],
        [
            32.40271301151687,
            96.91648124484654
        ],
        [
            50.669196835360154,
            65.53228951016962
        ],
        [
            65.79483120159011,
            57.70070997847324
        ],
        [
            14.586996744111246,
            9.010640886999266
        ],
        [
            53.55851708312234,
            68.57778695352144
        ],
        [
            10.397480168134454,
            34.54182461699894
        ],
        [
            24.653296761609454,
            44.84397645636623
        ],
        [
            37.191973270436954,
            0.7456165912889223
        ],
        [
            8.324154456693833,
            7.57202146210143
        ],
        [
            21.490086244923212,
            49.52355081111496
        ],
        [
            0.8845144160366414,
            46.45161799748059
        ],
        [
            34.61107209808987,
            4.880531818840894
        ],
        [
            21.770942029349673,
            27.319256723057094
        ],
        [
            83.28087943773252,
            25.419229123327902
        ],
        [
            91.6159387827299,
            52.872200201851925
        ],
        [
            76.44080598982555,
            70.49864938583957
        ],
        [
            50.03927716629645,
            7.61740793947493
        ],
        [
            31.877551104236336,
            44.70866910234896
        ]
    ],
    "distances": [
        [
            0.0,
            64.73455530702121,
            52.21045339522705,
            28.04904840049068,
            36.32044899680117,
            39.66500332212697,
            32.245915598270315,
            23.764641259847814,
            7.225521357453351,
            44.28310139376901,
            43.97605134152416,
            11.449127131483621,
            31.042006926214242,
            39.921831827933495,
            20.11306067931111,
            54.903412083999555,
            60.2936000122612,
            51.48792838152284,
            41.2990308385783,
            0.0
        ],
        [
            64.73455530702121,
            0.0,
            106.66221437128559,
            70.46056013335262,
            57.98310616147702,
            65.9283934348567,
            72.12696613755735,
            77.12292742130188,
            70.36345433776336,
            42.901717436017805,
            72.01865485445276,
            75.75762269546027,
            91.06633600415296,
            45.60085461938393,
            63.77341245090164,
            24.1249728031979,
            52.64352799701507,
            69.08831287859851,
            30.66274397804541,
            64.73455530702121
        ],
        [
            52.21045339522705,
            106.66221437128559,
            0.0,
            36.31297181622142,
            51.506410020854005,
            89.6930126327577,
            35.364525163691084,
            66.14248303422974,
            52.64597997151002,
            96.29004217488207,
            92.53220777625809,
            48.633067742468164,
            59.498733308193025,
            92.0624398796899,
            70.40460365170465,
            87.75217877535407,
            73.797728954399,
            51.35421573052132,
            91.0240236881659,
            52.21045339522705
        ],
        [
            28.04904840049068,
            70.46056013335262,
            36.31297181622142,
            0.0,
            17.032863908989658,
            67.05685592470063,
            4.198002640731782,
            50.81554956526741,
            33.239033584921714,
            66.17362422383219,
            71.78088384977549,
            33.282130484444046,
            53.31591346838242,
            62.7415259706471,
            47.90975898104732,
            51.69699658351814,
            42.85922931410537,
            26.245772399096754,
            57.91830717603083,
            28.04904840049068
        ],
        [
            36.32044899680117,
            57.98310616147702,
            51.506410020854005,
            17.032863908989658,
            0.0,
            70.66091662267813,
            16.37187181500446,
            60.04332163288287,
            43.1036129916575,
            63.73386968145444,
            76.26115720265324,
            45.0530393838597,
            65.87785132802783,
            61.33838971346115,
            53.48958328273596,
            36.71315689392311,
            26.26869055319892,
            16.647042748379203,
            52.50309158600654,
            36.32044899680117
        ],
        [
            39.66500332212697,
            65.9283934348567,
            89.6930126327577,
            67.05685592470063,
            70.66091662267813,
            0.0,
            71.18303370919466,
            25.87263789789097,
            37.2204021212714,
            24.068560205471755,
            6.4259489078856795,
            41.09681879629775,
            39.86959730093576,
            20.445571517976653,
            19.667599845778003,
            70.62642060471693,
            88.64138027535,
            87.21621929067247,
            35.47964606896923,
            39.66500332212697
        ],
        [
            32.245915598270315,
            72.12696613755735,
            35.364525163691084,
            4.198002640731782,
            16.37187181500446,
            71.18303370919466,
            0.0,
            54.966552008927444,
            37.40060858529011,
            69.77870085078602,
            75.94636913910608,
            37.30212019972792,
            57.13245933480736,
            66.45559406967497,
            52.08374261300133,
            52.403052753832085,
            41.17077606307631,
            22.962771132720977,
            61.0618772977738,
            32.245915598270315
        ],
        [
            23.764641259847814,
            77.12292742130188,
            66.14248303422974,
            50.81554956526741,
            60.04332163288287,
            25.87263789789097,
            54.966552008927444,
            0.0,
            17.588707720244145,
            43.12920747621503,
            27.049380061650954,
            18.641299024753426,
            15.242693192685815,
            38.28955895029955,
            13.472977461983549,
            73.45210437851864,
            83.2612796491414,
            75.19716838450209,
            47.92072915418147,
            23.764641259847814
        ],
        [
            7.225521357453351,
            70.36345433776336,
            52.64597997151002,
            33.239033584921714,
            43.1036129916575,
            37.2204021212714,
            37.40060858529011,
            17.588707720244145,
            0.0,
            45.84630575502113,
            40.6920080299398,
            5.6483906481843515,
            23.823088076820152,
            41.185363868106954,
            17.760173719128282,
            61.76175401814642,
            67.44218118474747,
            57.79367054601066,
            45.05846651462913,
            7.225521357453351
        ],
        [
            44.28310139376901,
            42.901717436017805,
            96.29004217488207,
            66.17362422383219,
            63.73386968145444,
            24.068560205471755,
            69.77870085078602,
            43.12920747621503,
            45.84630575502113,
            0.0,
            29.663964106696092,
            51.24291290428046,
            58.371826534782734,
            4.874276848976033,
            30.724038705731868,
            52.27785790446053,
            75.36012699692236,
            80.03721917878086,
            14.569651118869343,
            44.28310139376901
        ],
        [
