{
    "vertices": [
        [
            15.161547856803882,
            66.33829719860883
        ],
        [
            69.29220458664062,
            25.259840083311246
        ],
        [
            69.91387008024172,
            2.299992010382801
        ],
        [
            8.112973107814469,
            76.90764048904751
        ],
        [
            67.9980988203549,
            10.214484020354565
        ],
        [
            70.22284060580391,
            52.887648729802905
        ],
        [
            3.0942311701774194,
            14.716690439051206
        ],
        [
            95.53688834017841,
            60.73482781921008
        ],
        [
            24.611501799126746,
            96.9399619656024
        ],
        [
            91.84127762841153,
            29.131562439424542
        ],
        [
            7.494485686561491,
            91.92752639921578
        ],
        [
            67.48818135410757,
            55.249956829287115
        ],
        [
            91.1949262033904,
            19.362322845891498
        ],
        [
            18.704058134134826,
            56.78349316461123
        ],
        [
            21.292665153025382,
            57.28538752214709
        ],
        [
            47.02278268831274,
            86.93534477963392
        ],
        [
            71.03967850470396,
            56.0367073365154
        ],
        [
            15.161547856803882,
            66.33829719860883
        ]
    ],
    "distances": [
        [
            0.0,
            67.95268675318705,
            84.25390982167856,
            12.70407114208797,
            77.0816678814847,
            56.68038376213127,
            53.0133041457872,
            80.57043022662995,
            32.02754308440594,
            85.22981913207997,
            26.71315206791511,
            53.48857696094629,
            89.374586931534,
            10.190370905570225,
            10.933698958275786,
            37.93911772885033,
            56.819787384242964,
            0.0
        ],
        [
            67.95268675318705,
            0.0,
            22.9682627013427,
            80.06493396669083,
            15.100908873159964,
            27.643478326855384,
            67.03230332360681,
            44.127748415088924,
            84.46540756218646,
            22.8790500031349,
            90.90400684221264,
            30.04432728920355,
            22.68281119673002,
            59.60621834247102,
            57.70261237237279,
            65.57282235218983,
            30.82643707948847,
            67.95268675318705
        ],
        [
            84.25390982167856,
            22.9682627013427,
            0.0,
            96.87957513383597,
            8.1430561398111,
            50.588600248944985,
            67.96350891426866,
            63.80571369990036,
            104.92391760224473,
            34.65175859133504,
            109.22121803343639,
            53.005497263201846,
            27.276482237578847,
            74.7722992663623,
            73.39901421790019,
            87.67636409181505,
            53.748507129504574,
            84.25390982167856
        ],
        [
            12.70407114208797,
            80.06493396669083,
            96.87957513383597,
            0.0,
            89.63372915016049,
            66.59275970202755,
            62.39312493182027,
            88.90725968226222,
            25.951789008045214,
            96.40011728051735,
            15.032614524583522,
            63.20182446572982,
            101.06470458487078,
            22.74098475375161,
            23.637620309659518,
            40.18119130799982,
            66.29755729108264,
            12.70407114208797
        ],
        [
            77.0816678814847,
            15.100908873159964,
            8.1430561398111,
            89.63372915016049,
            0.0,
            42.73111819659802,
            65.0598332198009,
            57.53859631388048,
            96.97270402496835,
            30.43604822552041,
            101.67452235960249,
            45.03835950549806,
            24.93543173511031,
            67.81279421947293,
            66.31038750096685,
            79.53649704685164,
            45.92305909466788,
            77.0816678814847
        ],
        [
            56.68038376213127,
            27.643478326855384,
            50.588600248944985,
            66.59275970202755,
            42.73111819659802,
            0.0,
            77.22222647395753,
            26.5024382342346,
            63.41135962240905,
            32.12021879029398,
            73.88476540747197,
            3.6137045783761987,
            39.5446058260157,
            51.665874145545864,
            49.127407588080395,
            41.200586084139914,
            3.2532743907622477,
            56.68038376213127
        ],
        [
            53.0133041457872,
            67.03230332360681,
            67.96350891426866,
            62.39312493182027,
            65.0598332198009,
            77.22222647395753,
            0.0,
            103.26332278495356,
            84.99211325675113,
            89.91010393636029,
            77.33611982428651,
            76.08893812212328,
            88.22309428825699,
            44.86961766491749,
            46.29553942639022,
            84.52959051862274,
            79.52312625831334,
            53.0133041457872
        ],
        [
            80.57043022662995,
            44.127748415088924,
            63.80571369990036,
            88.90725968226222,
            57.53859631388048,
            26.5024382342346,
            103.26332278495356,
            0.0,
            79.63179135593934,
            31.818609667898397,
            93.40475956676245,
            28.579954047663506,
            41.599721188543704,
            76.9343671126458,
            74.3243117359777,
            55.136970683869116,
            24.943649007175782,
            80.57043022662995
        ],
        [
            32.02754308440594,
            84.46540756218646,
            104.92391760224473,
            25.951789008045214,
            96.97270402496835,
            63.41135962240905,
            84.99211325675113,
            79.63179135593934,
            0.0,
            95.48728608750822,
            17.83582773254429,
            59.80356325442912,
            102.23327490003629,
            40.58866685689529,
            39.79321488614666,
            24.542980180323845,
            61.87610064844284,
            32.02754308440594
        ],
        [
            85.22981913207997,
            22.8790500031349,
            34.65175859133504,
            96.40011728051735,
            30.43604822552041,
            32.12021879029398,
            89.91010393636029,
            31.818609667898397,
            95.48728608750822,
            0.0,
            105.15566746743201,
            35.710556193511216,
            9.790598163568992,
            78.19003867619284,
            75.95883483170833,
            73.14352152808863,
            34.008724587036276,
            85.22981913207997
        ],
        [
            26.71315206791511,
            90.90400684221264,
            109.22121803343639,
            15.032614524583522,
            101.67452235960249,
            73.88476540747197,
            77.33611982428651,
            93.40475956676245,
            17.83582773254429,
            105.15566746743201,
            0.0,
            70.31705077296043,
            110.77667854492931,
            36.88844787263872,
            37.288973471615705,
            39.84229086261918,
            72.98042493221318,
            26.71315206791511
        ],
        [
            53.48857696094629,
            30.04432728920355,
            53.005497263201846,
            63.20182446572982,
            45.03835950549806,
            3.6137045783761987,
            76.08893812212328,
