{
    "vertices": [
        [
            27.511325576481273,
            87.95568186587522
        ],
        [
            58.67166427870879,
            66.08841378554999
        ],
        [
            13.307644361237136,
            53.14263623515656
        ],
        [
            29.02118890682245,
            60.471021985833076
        ],
        [
            39.107577242992576,
            33.75889320940212
        ],
        [
            76.60419764560231,
            45.04051396077004
        ],
        [
            73.13707069031186,
            92.77255704600913
        ],
        [
            11.78152661953764,
            11.33108013345826
        ],
        [
            71.8496308704911,
            17.42595616150747
        ],
        [
            75.9861892296805,
            90.8578417835889
        ],
        [
            51.584620938069584,
            85.15859451784529
        ],
        [
            67.1002287751058,
            81.66105397293704
        ],
        [
            39.164858002088806,
            37.29000800218824
        ],
        [
            46.10656691609297,
            89.10840961346864
        ],
        [
            51.684136160375594,
            95.2526317677096
        ],
        [
            93.14903363626645,
            81.31989049111115
        ],
        [
            61.0567500539259,
            36.03927864073594
        ],
        [
            27.511325576481273,
            87.95568186587522
        ]
    ],
    "distances": [
        [
            0.0,
            38.06762563300145,
            37.59910512433479,
            27.52610063190766,
            55.42350542312781,
            65.2059945428214,
            45.87930801236246,
            78.2224786482593,
            83.30862815025928,
            48.5616611987712,
            24.235248032540916,
            40.08620207478652,
            51.988607656448934,
            18.63093614766783,
            25.25015345289438,
            65.97228544253247,
            61.81107042599403,
            0.0
        ],
        [
            38.06762563300145,
            0.0,
            47.175072437220855,
            30.177902187036878,
            37.788244233156,
            27.65121769450165,
            30.352783796507925,
            72.09057218792564,
            50.41521184628568,
            30.221140574568917,
            20.344482703536734,
            17.707281606044067,
            34.783094554348445,
            26.225977191506267,
            29.989617531996288,
            37.69200021820954,
            30.14364206771375,
            38.06762563300145
        ],
        [
            37.59910512433479,
            47.175072437220855,
            0.0,
            17.338417456527356,
            32.27020344515308,
            63.812992744656555,
            71.7641336486453,
            41.83939840637046,
            68.57729522176471,
            73.15078069566975,
            49.9013879628838,
            60.88466381766215,
            30.329875027130427,
            48.6755192623513,
            56.97373821824384,
            84.66761540737684,
            50.719837691520546,
            37.59910512433479
        ],
        [
            27.52610063190766,
            30.177902187036878,
            17.338417456527356,
            0.0,
            28.552986769104553,
            50.02242795533156,
            54.67723651373207,
            52.0762886641743,
            60.7219328814215,
            55.938091429251884,
            33.44524932710284,
            43.57786976097848,
            25.30322967575877,
            33.34681561791349,
            41.51348645002081,
            67.4318603302182,
            40.28879820608332,
            27.52610063190766
        ],
        [
            55.42350542312781,
            37.788244233156,
            32.27020344515308,
            28.552986769104553,
            0.0,
            39.157010973708196,
            68.12208851540889,
            35.35137680550929,
            36.58971041640639,
            67.97295013711197,
            52.89239939694583,
            55.48157843477298,
            3.5315793584734303,
            55.79027534085304,
            62.76662900044799,
            71.98977338161897,
            22.0673139461887,
            55.42350542312781
        ],
        [
            65.2059945428214,
            27.65121769450165,
            63.812992744656555,
            50.02242795533156,
            39.157010973708196,
            0.0,
            47.85779880453365,
            73.06370239668475,
            28.02087985177847,
            45.821495645884376,
            47.280435765843926,
            37.83370686403978,
            38.233159633443506,
            53.5918362007745,
            56.05592064256421,
            39.8738606030096,
            17.965115193133443,
            65.2059945428214
        ],
        [
            45.87930801236246,
            30.352783796507925,
            71.7641336486453,
            54.67723651373207,
            68.12208851540889,
            47.85779880453365,
            0.0,
            101.9667443332299,
            75.35759925938488,
            3.4327264655837495,
            22.857832699169254,
            12.645511490330437,
            65.05708634217993,
            27.277721875102664,
            21.595813727918415,
            23.057368283651506,
            58.00516378123701,
            45.87930801236246
        ],
        [
            78.2224786482593,
            72.09057218792564,
            41.83939840637046,
            52.0762886641743,
            35.35137680550929,
            73.06370239668475,
            101.9667443332299,
            0.0,
            60.37652409753895,
            102.20931718507352,
            83.87364423647529,
            89.47884682112432,
            37.7321185954425,
            85.01483030861286,
            92.92494324382925,
            107.32709244825797,
            55.12297813057569,
            78.2224786482593
        ],
        [
            83.30862815025928,
            50.41521184628568,
            68.57729522176471,
            60.7219328814215,
            36.58971041640639,
            28.02087985177847,
            75.35759925938488,
            60.37652409753895,
            0.0,
            73.54830345475978,
            70.69922861157389,
            64.4104386812229,
            38.24754806504986,
            76.16481782721476,
            80.39675747700721,
            67.35057091290635,
            21.5160881676092,
            83.30862815025928
        ],
        [
            48.5616611987712,
            30.221140574568917,
            73.15078069566975,
            55.938091429251884,
            67.97295013711197,
            45.821495645884376,
            3.4327264655837495,
            102.20931718507352,
            73.54830345475978,
            0.0,
            25.05829113260195,
            12.788322768620597,
            65.00248648631673,
            29.93079254748343,
            24.696233769298505,
            19.635064119639548,
            56.81516539753724,
            48.5616611987712
        ],
        [
            24.235248032540916,
            20.344482703536734,
            49.9013879628838,
            33.44524932710284,
            52.89239939694583,
            47.280435765843926,
            22.857832699169254,
            83.87364423647529,
            70.69922861157389,
            25.05829113260195,
            0.0,
            15.904932455561605,
            49.45353461981161,
            6.753526127683835,
            10.094527788912117,
            41.74129911192144,
            50.024278327854965,
            24.235248032540916
        ],
        [
            40.08620207478652,
            17.707281606044067,
            60.88466381766215,
            43.57786976097848,
            55.48157843477298,
            37.83370686403978,
            12.645511490330437,
            89.47884682112432,
