{
    "vertices": [
        [
            76.66219217615054,
            88.12777915718098
        ],
        [
            73.86301591206406,
            33.93471876168498
        ],
        [
            89.64354389576586,
            76.75257239314664
        ],
        [
            93.31046068590442,
            64.67444356230982
        ],
        [
            43.23593572428347,
            3.475290832179967
        ],
        [
            19.413520720886147,
            96.11075426676948
        ],
        [
            94.59162693895706,
            99.90148166093346
        ],
        [
            26.30624350719235,
            23.768100435876725
        ],
        [
            12.152848348822554,
            84.58200681950974
        ],
        [
            35.73499128632815,
            91.35227908766909
        ],
        [
            78.43652486702948,
            56.84406337703854
        ],
        [
            44.557067524201635,
            87.52137348800397
        ],
        [
            11.630909535120072,
            85.35004361816841
        ],
        [
            87.93592914238803,
            56.07427495381347
        ],
        [
            72.10573699086979,
            73.0267377392222
        ],
        [
            24.837459406440775,
            93.22655160528834
        ],
        [
            55.8998070193908,
            52.68675573455399
        ],
        [
            76.66219217615054,
            88.12777915718098
        ]
    ],
    "distances": [
        [
            0.0,
            54.26530367359334,
            17.260093319356425,
            28.76149848145109,
            91.01295731927634,
            57.802580175915274,
            21.449585113950395,
            81.71835663705099,
            64.60671747197047,
            41.05402748181469,
            31.333993194463023,
            32.11085107487479,
            65.09057947708166,
            33.97829125926153,
            15.773482043048658,
            52.07494990040229,
            41.07484362284088,
            0.0
        ],
        [
            54.26530367359334,
            0.0,
            45.633251616005516,
            36.37490603492634,
            43.19484680631999,
            82.64748585228492,
            69.14686632458405,
            48.63133485471509,
            79.83290404523453,
            68.92403423805624,
            23.361400961119134,
            61.076740054375705,
            80.72404037341661,
            26.233696559437497,
            39.13149597123785,
            76.93521061672519,
            25.967590653614018,
            54.26530367359334
        ],
        [
            17.260093319356425,
            45.633251616005516,
            0.0,
            12.622498754212321,
            86.7365326097546,
            72.84912738390489,
            23.67182980021914,
            82.5770421430988,
            77.88522285893376,
            55.85054592401579,
            22.846137676966688,
            46.35469154922962,
            78.48495162356214,
            20.74868509413274,
            17.92920842931457,
            66.86718610738468,
            41.44639079373534,
            17.260093319356425
        ],
        [
            28.76149848145109,
            36.37490603492634,
            12.622498754212321,
            0.0,
            79.07461251892265,
            80.30566210984652,
            35.25032766046072,
            78.5041019801481,
            83.56356332215303,
            63.45582388480717,
            16.809188576189513,
            53.84120681976906,
            84.25573875922885,
            10.141424426914524,
            22.790373516036272,
            74.18743005331395,
            39.28436924797895,
            28.76149848145109
        ],
        [
            91.01295731927634,
            43.19484680631999,
            86.7365326097546,
            79.07461251892265,
            0.0,
            95.64955066457584,
            109.24933545738429,
            26.427497047153807,
            86.85883777163907,
            88.19653753020391,
            63.93205267267162,
            84.05646553967372,
            87.76304930997115,
            69.02711454353604,
            75.30517374015747,
            91.61764426779767,
            50.8147804680551,
            91.01295731927634
        ],
        [
            57.802580175915274,
            82.64748585228492,
            72.84912738390489,
            80.30566210984652,
            95.64955066457584,
            0.0,
            75.27361601990712,
            72.67027721637812,
            13.624587369793824,
            17.00098489643186,
            70.89138192943717,
            26.570197741325575,
            13.280132925981107,
            79.36145242912247,
            57.5268761057543,
            6.143104740857912,
            56.71765806503563,
            57.802580175915274
        ],
        [
            21.449585113950395,
            69.14686632458405,
            23.67182980021914,
            35.25032766046072,
            109.24933545738429,
            75.27361601990712,
            0.0,
            102.27015853699918,
            83.85009555659572,
            59.47430054220914,
            45.98835278881695,
            51.543420668424076,
            84.2272223290768,
            44.32970066341388,
            35.04093474231315,
            70.07280913023328,
            61.04332291898332,
            21.449585113950395
        ],
        [
            81.71835663705099,
            48.63133485471509,
            82.5770421430988,
            78.5041019801481,
            26.427497047153807,
            72.67027721637812,
            102.27015853699918,
            0.0,
            62.43916882971975,
            68.23871693342385,
            61.73803980643451,
            66.31419457521095,
            63.30640688981535,
            69.58381322891432,
            67.26073856525774,
            69.47397905394621,
            41.377138925187154,
            81.71835663705099
        ],
        [
            64.60671747197047,
            79.83290404523453,
            77.88522285893376,
            83.56356332215303,
            86.85883777163907,
            13.624587369793824,
            83.85009555659572,
            62.43916882971975,
            0.0,
            24.534751926806855,
            71.85345697451186,
            32.53726013016247,
            0.9286014480620913,
            80.9676855954924,
            61.05631089448138,
            15.350163264160493,
            54.13966600097176,
            64.60671747197047
        ],
        [
            41.05402748181469,
            68.92403423805624,
            55.85054592401579,
            63.45582388480717,
            88.19653753020391,
            17.00098489643186,
            59.47430054220914,
            68.23871693342385,
            24.534751926806855,
            0.0,
            54.90207575014966,
            9.617945043531776,
            24.840160782496042,
            63.0037736069877,
            40.72660811825692,
            11.057535826008637,
            43.60782601458894,
            41.05402748181469
        ],
        [
            31.333993194463023,
            23.361400961119134,
            22.846137676966688,
            16.809188576189513,
            63.93205267267162,
            70.89138192943717,
            45.98835278881695,
            61.73803980643451,
            71.85345697451186,
            54.90207575014966,
            0.0,
            45.70464949530664,
            72.6331959188272,
            9.530543311020194,
            17.376933695143308,
            64.78074766415719,
            22.91695569176535,
            31.333993194463023
        ],
        [
            32.11085107487479,
            61.076740054375705,
            46.35469154922962,
            53.84120681976906,
            84.05646553967372,
            26.570197741325575,
            51.543420668424076,
