{
    "vertices": [
        [
            77.76524314276504,
            1.0261309709995503
        ],
        [
            17.621283418730393,
            50.88710000053433
        ],
        [
            34.19200938741444,
            28.029696089699506
        ],
        [
            58.71186177880613,
            48.24381937832052
        ],
        [
            44.71923659656974,
            98.94034586231535
        ],
        [
            84.87250450078393,
            99.34570368445127
        ],
        [
            42.648363572809224,
            31.831688037810945
        ],
        [
            52.37955747445186,
            10.53974477719456
        ],
        [
            89.23779973533622,
            59.62927094936725
        ],
        [
            69.18234855915667,
            10.636458445641617
        ],
        [
            49.10300733991405,
            8.126361235283087
        ],
        [
            38.3828063215508,
            57.628332327419244
        ],
        [
            21.67397437857258,
            35.890195299765224
        ],
        [
            19.55725254809,
            38.4607875142828
        ],
        [
            17.521611166782336,
            6.898390894122841
        ],
        [
            45.233785497611436,
            77.36060488728675
        ],
        [
            23.0793989142295,
            48.50660968317224
        ],
        [
            77.76524314276504,
            1.0261309709995503
        ]
    ],
    "distances": [
        [
            0.0,
            78.12433758983515,
            51.262259304660915,
            50.91700541009172,
            103.34036978080711,
            98.57612054938512,
            46.713783586082535,
            27.109811591079453,
            59.71555551189243,
            12.885048451720863,
            29.528579901920125,
            68.95495289222966,
            66.04342066472014,
            69.20638467354986,
            60.52915520856347,
            82.97739237042072,
            72.42194016818894,
            0.0
        ],
        [
            78.12433758983515,
            0.0,
            28.232071703512425,
            41.175509255057136,
            55.16714152719124,
            82.89127220656088,
            31.45573820637163,
            53.25454618012441,
            72.14811821679959,
            65.41144841689211,
            53.09971488435402,
            21.828537434500156,
            15.534846462708833,
            12.576216381559444,
            43.98882202794589,
            38.2530617342601,
            5.954641795545903,
            78.12433758983515
        ],
        [
            51.262259304660915,
            28.232071703512425,
            0.0,
            31.777884473690303,
            71.68781461230188,
            87.489916700103,
            9.271734944569337,
            25.232623770271932,
            63.47103407334014,
            39.07490948289236,
            24.86927015950559,
            29.893846291101834,
            14.781361517601622,
            17.971749387696473,
            26.915316013434794,
            50.55155173151056,
            23.29794200875451,
            51.262259304660915
        ],
        [
            50.91700541009172,
            41.175509255057136,
            31.777884473690303,
            0.0,
            52.592122575847284,
            57.408900070147155,
            22.965061065718995,
            38.232124180199754,
            32.58007666661599,
            39.03773417782183,
            41.25215790096533,
            22.39061363777162,
            39.04378479280204,
            40.358284607535765,
            58.36164152954603,
            32.08497683678219,
            35.63343189393574,
            50.91700541009172
        ],
        [
            103.34036978080711,
            55.16714152719124,
            71.68781461230188,
            52.592122575847284,
            0.0,
            40.1553139491097,
            67.14060224697835,
            88.73188146412076,
            59.39076590474107,
            91.62980071892906,
            90.91972970576329,
            41.79512903362802,
            67.12976684494359,
            65.50498011013379,
            95.97620696498585,
            21.585874573917348,
            54.88027259321369,
            103.34036978080711
        ],
        [
            98.57612054938512,
            82.89127220656088,
            87.489916700103,
            57.408900070147155,
            40.1553139491097,
            0.0,
            79.63052420925196,
            94.56368194974955,
            39.95561076601455,
            90.08613203102824,
            97.98176036385597,
            62.46303794834756,
            89.55811383658667,
            89.29196579027885,
            114.37940581696026,
            45.32739363049185,
            80.0187564068697,
            98.57612054938512
        ],
        [
            46.713783586082535,
            31.45573820637163,
            9.271734944569337,
            22.965061065718995,
            67.14060224697835,
            79.63052420925196,
            0.0,
            23.410317865519772,
            54.252015424931685,
            33.9601253931796,
            24.568372859733117,
            26.14692783614059,
            21.363438002031568,
            24.02382917490193,
            35.39806481898726,
            45.60226612807449,
            25.709869499623696,
            46.713783586082535
        ],
        [
            27.109811591079453,
            53.25454618012441,
            25.232623770271932,
            38.232124180199754,
            88.73188146412076,
            94.56368194974955,
            23.410317865519772,
            0.0,
            61.3865750988803,
            16.803069415136623,
            4.069422674595119,
            49.124781122274854,
            39.81806342547626,
            43.09162712413382,
            35.04762301341038,
            67.20185565144395,
            47.95812884634816,
            27.109811591079453
        ],
        [
            59.71555551189243,
            72.14811821679959,
            63.47103407334014,
            32.58007666661599,
            59.39076590474107,
            39.95561076601455,
            54.252015424931685,
            61.3865750988803,
            0.0,
            52.93880239394671,
            65.29434332038835,
            50.894342617671775,
            71.61294722001593,
            72.82501869038889,
            89.01548974308321,
            47.44210653261406,
            67.08686602345298,
            59.71555551189243
        ],
        [
            12.885048451720863,
            65.41144841689211,
            39.07490948289236,
            39.03773417782183,
            91.62980071892906,
            90.08613203102824,
            33.9601253931796,
            16.803069415136623,
            52.93880239394671,
            0.0,
            20.235625312903608,
            56.18583462908567,
            53.80331627678455,
            56.893263592692726,
            51.79580037940896,
            70.89178648531093,
            59.6626375608398,
            12.885048451720863
        ],
        [
            29.528579901920125,
            53.09971488435402,
            24.86927015950559,
            41.25215790096533,
            90.91972970576329,
            97.98176036385597,
            24.568372859733117,
            4.069422674595119,
            65.29434332038835,
            20.235625312903608,
            0.0,
            50.649460529020445,
            39.02796857581055,
            42.345354454705685,
            31.605260565340505,
            69.34227694365077,
            48.039490632256026,
            29.528579901920125
        ],
        [
            68.95495289222966,
            21.828537434500156,
            29.893846291101834,
            22.39061363777162,
            41.79512903362802,
            62.46303794834756,
            26.14692783614059,
