{
    "vertices": [
        [
            12.728694504555204,
            31.285540979679283
        ],
        [
            49.34927507314234,
            99.85498948262317
        ],
        [
            41.492230083802475,
            87.09195007047951
        ],
        [
            91.78134647965877,
            97.16170455201937
        ],
        [
            95.1171203033883,
            14.77589091578303
        ],
        [
            27.199927051063266,
            18.18764396850433
        ],
        [
            67.73568399018225,
            34.25556092310903
        ],
        [
            98.84406966004371,
            42.1075399645624
        ],
        [
            80.3019481986345,
            71.76769722326036
        ],
        [
            38.588942706779406,
            94.43068936318484
        ],
        [
            98.48697000055854,
            62.8193386863965
        ],
        [
            87.2428808238418,
            36.891768794869805
        ],
        [
            28.310231473430157,
            19.0160935593925
        ],
        [
            69.0002324259912,
            70.48377878926325
        ],
        [
            12.728694504555204,
            31.285540979679283
        ]
    ],
    "distances": [
        [
            0.0,
            77.73568157016607,
            62.782929802840314,
            102.9028216877776,
            84.0263128480724,
            19.51849065707848,
            55.0871120202925,
            86.79270418761786,
            78.77150239099234,
            68.2353442246434,
            91.37210851160528,
            74.72478673867978,
            19.83238851756386,
            68.57833351300036,
            0.0
        ],
        [
            77.73568157016607,
            0.0,
            14.987605912901596,
            42.51746073750321,
            96.60822257947741,
            84.61766329275255,
            68.12741783011745,
            76.05591769902286,
            41.796697956614075,
            12.050219268558408,
            61.531719402921524,
            73.48668257694163,
            83.53184093312866,
            35.33876260534917,
            77.73568157016607
        ],
        [
            62.782929802840314,
            14.987605912901596,
            0.0,
            51.28737840048441,
            90.02911341742845,
            70.37096933661167,
            58.99493953779976,
            72.88916692730305,
            41.72561498022799,
            7.892158893476396,
            61.94804308112875,
            67.92039637134884,
            69.3403729949729,
            32.13287329455735,
            62.782929802840314
        ],
        [
            102.9028216877776,
            42.51746073750321,
            51.28737840048441,
            0.0,
            82.45331815947583,
            102.01794930531035,
            67.34520614578973,
            55.50534296034525,
            27.86812144920158,
            53.26246580002352,
            34.99090567636602,
            60.44057268656516,
            100.67432124203701,
            35.08120409178306,
            102.9028216877776
        ],
        [
            84.0263128480724,
            96.60822257947741,
            90.02911341742845,
            82.45331815947583,
            0.0,
            68.00283228047503,
            33.60358013915296,
            27.58458249154256,
            58.88595172604827,
            97.6745707852866,
            48.1614862796943,
            23.475853589250562,
            66.9413154456742,
            61.526096932316264,
            84.0263128480724
        ],
        [
            19.51849065707848,
            84.61766329275255,
            70.37096933661167,
            102.01794930531035,
            68.00283228047503,
            0.0,
            43.60419183848504,
            75.53174560830804,
            75.43637555410251,
            77.08898526158883,
            84.10606794919322,
            62.88879537151495,
            1.3853175213539497,
            66.94887039097988,
            19.51849065707848
        ],
        [
            55.0871120202925,
            68.12741783011745,
            58.99493953779976,
            67.34520614578973,
            33.60358013915296,
            43.60419183848504,
            0.0,
            32.084033939831585,
            39.56098287401059,
            66.86238561569009,
            41.97059674822887,
            19.684519812539765,
            42.2682820999441,
            36.25028072310673,
            55.0871120202925
        ],
        [
            86.79270418761786,
            76.05591769902286,
            72.88916692730305,
            55.50534296034525,
            27.58458249154256,
            75.53174560830804,
            32.084033939831585,
            0.0,
            34.97906798215678,
            79.80220728240894,
            20.71487693568497,
            12.719742580249505,
            74.21749946217685,
            41.18088817265941,
            86.79270418761786
        ],
        [
            78.77150239099234,
            41.796697956614075,
            41.72561498022799,
            27.86812144920158,
            58.88595172604827,
            75.43637555410251,
            39.56098287401059,
            34.97906798215678,
            0.0,
            47.47195003260149,
            20.2674156823389,
            35.55990620698945,
            74.06666117183688,
            11.374411015554697,
            78.77150239099234
        ],
        [
            68.2353442246434,
            12.050219268558408,
            7.892158893476396,
            53.26246580002352,
            97.6745707852866,
            77.08898526158883,
            66.86238561569009,
            79.80220728240894,
            47.47195003260149,
            0.0,
            67.72777248143628,
            75.35206085082082,
            76.11184641609974,
            38.707894135708734,
            68.2353442246434
        ],
        [
            91.37210851160528,
            61.531719402921524,
            61.94804308112875,
            34.99090567636602,
            48.1614862796943,
            84.10606794919322,
            41.97059674822887,
            20.71487693568497,
            20.2674156823389,
            67.72777248143628,
            0.0,
            28.26072224650248,
            82.72544296624433,
            30.46656092967885,
            91.37210851160528
        ],
        [
            74.72478673867978,
            73.48668257694163,
            67.92039637134884,
            60.44057268656516,
            23.475853589250562,
            62.88879537151495,
            19.684519812539765,
            12.719742580249505,
            35.55990620698945,
            75.35206085082082,
            28.26072224650248,
            0.0,
            61.58406388492749,
            38.225872861597686,
            74.72478673867978
        ],
        [
            19.83238851756386,
            83.53184093312866,
            69.3403729949729,
            100.67432124203701,
            66.9413154456742,
            1.3853175213539497,
            42.2682820999441,
            74.21749946217685,
            74.06666117183688,
            76.11184641609974,
            82.72544296624433,
            61.58406388492749,
            0.0,
            65.60944139710745,
            19.83238851756386
        ],
        [
            68.57833351300036,
            35.33876260534917,
            32.13287329455735,
            35.08120409178306,
            61.526096932316264,
            66.94887039097988,
            36.25028072310673,
            41.18088817265941,
            11.374411015554697,
            38.707894135708734,
            30.46656092967885,
            38.225872861597686,
            65.60944139710745,
            0.0,
            68.57833351300036
        ],
        [
            0.0,
            77.73568157016607,
            62.782929802840314,
            102.9028216877776,
