{
    "vertices": [
        [
            6.156818624419769,
            84.56407747455101
        ],
        [
            45.557496582345635,
            51.28382881927064
        ],
        [
            18.019975528453315,
            84.7236210949007
        ],
        [
            49.160615470855205,
            19.267563487838057
        ],
        [
            2.102952843046102,
            63.14512522841004
        ],
        [
            16.0665982959561,
            32.417468682261344
        ],
        [
            90.19946871969347,
            80.50301608423743
        ],
        [
            82.7355111646845,
            52.9802586879047
        ],
        [
            61.47507398320315,
            24.53330448648946
        ],
        [
            75.50447884256977,
            98.53560747909273
        ],
        [
            44.66395493849776,
            39.96819701263785
        ],
        [
            0.8970097058270676,
            12.127105746980094
        ],
        [
            12.583194505911033,
            76.42871151226402
        ],
        [
            40.91917911427703,
            89.42987152528691
        ],
        [
            74.60464807664825,
            33.780923615112336
        ],
        [
            90.10293319782797,
            62.45999735306378
        ],
        [
            11.92441353517787,
            82.37125754192411
        ],
        [
            26.142157227505592,
            80.95155556224051
        ],
        [
            40.483234953920245,
            17.55033701513534
        ],
        [
            62.70326965856777,
            20.183021070745298
        ],
        [
            6.156818624419769,
            84.56407747455101
        ]
    ],
    "distances": [
        [
            0.0,
            51.57507512453546,
            11.864229679861777,
            78.18542883444773,
            21.799205102385265,
            53.07986945796398,
            84.14071104199503,
            82.83618629756025,
            81.63212040296239,
            70.74108868542945,
            58.92021810282301,
            72.62768386036427,
            10.367376057158843,
            35.10124867538142,
            85.22930289890196,
            86.80749109373512,
            6.170381699014138,
            20.309211546658226,
            75.29371997974414,
            85.68793117019054,
            0.0
        ],
        [
            51.57507512453546,
            0.0,
            43.318988598891025,
            32.21837537023595,
            45.044286253598905,
            35.009321995113055,
            53.354161793968224,
            37.21669843744599,
            31.12811948047951,
            55.942401923862704,
            11.350856348865047,
            59.39535377289825,
            41.46769493319296,
            38.4270030455643,
            33.912957708208204,
            45.92605650782246,
            45.799699778969554,
            35.45602081958903,
            34.11299752841098,
            35.51390962696219,
            51.57507512453546
        ],
        [
            11.864229679861777,
            43.318988598891025,
            0.0,
            72.486101657362,
            26.813860129192925,
            52.342614214678804,
            72.30278517457208,
            72.08149283683153,
            74.23759017595323,
            59.12054709783877,
            52.08598298569458,
            74.58853798824386,
            9.917868363272104,
            23.37781679238915,
            76.13792480691656,
            75.44283748960495,
            6.533719484278213,
            8.955351134104271,
            70.82971211346751,
            78.49895429747028,
            11.864229679861777
        ],
        [
            78.18542883444773,
            32.21837537023595,
            72.486101657362,
            0.0,
            64.34022098415895,
            35.61086883796627,
            73.71545381170462,
            47.57961158420814,
            13.393054794079546,
            83.53096393282583,
            21.183394068735215,
            48.78895139466553,
            67.86239435738378,
            70.64467950498033,
            29.29225866041426,
            59.51352555561034,
            73.27080549486429,
            65.83892692120502,
            8.845665571014623,
            13.573560514252367,
            78.18542883444773
        ],
        [
            21.799205102385265,
            45.044286253598905,
            26.813860129192925,
            64.34022098415895,
            0.0,
            33.75162620012033,
            89.79026943142112,
            81.27074487956108,
            70.82317042951192,
            81.48785340769896,
            48.46244835837431,
            51.03227028712098,
            16.920080669803067,
            46.878431179280945,
            78.22245296673151,
            88.0026473615855,
            21.589470902822963,
            29.915753520033128,
            59.59807687437288,
            74.28418937967643,
            21.799205102385265
        ],
        [
            53.07986945796398,
            35.009321995113055,
            52.342614214678804,
            35.61086883796627,
            33.75162620012033,
            0.0,
            88.36233556335145,
            69.76798890547359,
            46.08784773999756,
            88.90708589212997,
            29.577395173677345,
            25.334072827700016,
            44.148879911113966,
            62.19376858871477,
            58.553926268703,
            79.89951448311884,
            50.12523033391658,
            49.568886179300954,
            28.586775783475463,
            48.21473658688984,
            53.07986945796398
        ],
        [
            84.14071104199503,
            53.354161793968224,
            72.30278517457208,
            73.71545381170462,
            89.79026943142112,
            88.36233556335145,
            0.0,
            28.516886875680584,
            62.91024931847589,
            23.261923392156927,
            60.96355118006805,
            112.47308255921477,
            77.72313671342833,
            50.08228920146433,
            49.25598801752154,
            18.043276976216518,
            78.29734727488014,
            64.05888184530318,
            80.21685422547043,
            66.2913475593668,
            84.14071104199503
        ],
        [
            82.83618629756025,
            37.21669843744599,
            72.08149283683153,
            47.57961158420814,
            81.27074487956108,
            69.76798890547359,
            28.516886875680584,
            0.0,
            35.51387605549598,
            46.12567215694818,
            40.233781111457155,
            91.46868549534308,
            73.96740817717644,
            55.47233456548402,
            20.85006958726386,
            12.006013183990754,
            76.6683921908663,
            63.12844967755054,
            55.141039115429145,
            38.431100622748254,
            82.83618629756025
        ],
        [
            81.63212040296239,
            31.12811948047951,
            74.23759017595323,
            13.393054794079546,
            70.82317042951192,
            46.08784773999756,
            62.91024931847589,
            35.51387605549598,
            0.0,
            75.32041588385634,
            22.82213028682923,
            61.835391474123554,
            71.29901225958793,
            68.07429197048968,
            16.05939523840597,
            47.518294950553916,
            76.16099240738765,
            66.56901727464165,
            22.122819452712505,
            4.520335210389053,
            81.63212040296239
        ],
        [
            70.74108868542945,
            55.942401923862704,
            59.12054709783877,
            83.53096393282583,
            81.48785340769896,
            88.90708589212997,
            23.261923392156927,
            46.12567215694818,
