{
    "vertices": [
        [
            18.673112943140836,
            71.10970993350911
        ],
        [
            57.24546872257817,
            19.640523105147878
        ],
        [
            52.500390481234525,
            4.857162557709948
        ],
        [
            67.60037272274293,
            2.8285166153856234
        ],
        [
            64.50428872628756,
            54.267831379224475
        ],
        [
            63.83562839678936,
            87.69030020818451
        ],
        [
            92.45318948492947,
            39.96334094972806
        ],
        [
            84.43726743494847,
            61.07019268036096
        ],
        [
            98.705563738871,
            22.705498083861443
        ],
        [
            10.396378346311108,
            29.793157707152385
        ],
        [
            67.63656338030026,
            35.216496059637656
        ],
        [
            81.8112488737019,
            88.08672685815053
        ],
        [
            9.466764993920574,
            90.66754287151417
        ],
        [
            29.212467142090006,
            75.7945825527013
        ],
        [
            67.25586387291813,
            41.40573947472017
        ],
        [
            18.29304145038134,
            62.599136489490746
        ],
        [
            20.69052209973564,
            18.47190761342222
        ],
        [
            18.673112943140836,
            71.10970993350911
        ]
    ],
    "distances": [
        [
            0.0,
            64.318767270123,
            74.38874067640701,
            84.00117922081583,
            48.82771289854735,
            48.10996545371553,
            80.0849298893745,
            66.5260544651387,
            93.53160377731444,
            42.13741595612646,
            60.71031445238647,
            65.38075643830963,
            21.61632882320742,
            11.533690579730505,
            56.943915820053874,
            8.519055973852913,
            52.67644798952998,
            0.0
        ],
        [
            64.318767270123,
            0.0,
            15.526220293169137,
            19.74506518258262,
            35.37995118925668,
            68.36813854643526,
            40.65218968793304,
            49.55614430446945,
            41.573231175603496,
            47.9365545116194,
            18.723936062290367,
            72.72111359592137,
            85.60164757107556,
            62.76246943875787,
            23.95689159052667,
            57.98908564808748,
            36.57362143357378,
            64.318767270123
        ],
        [
            74.38874067640701,
            15.526220293169137,
            0.0,
            15.235644654991734,
            50.84788851532554,
            83.60512132414316,
            53.18524146341583,
            64.65190534799987,
            49.532626791058505,
            48.934156700108716,
            33.92333799483303,
            88.2399387655298,
            95.99642853868114,
            74.66220549244224,
            39.41474939247103,
            67.1139201750059,
            34.60099723100946,
            74.38874067640701
        ],
        [
            84.00117922081583,
            19.74506518258262,
            15.235644654991734,
            0.0,
            51.53240572189888,
            84.9452506876684,
            44.68397564404147,
            60.6265111515368,
            36.91378198516031,
            63.24072138920175,
            32.387999664150094,
            86.43443419596959,
            105.3338069244316,
            82.44803256135238,
            38.57876112430739,
            77.48380422602634,
            49.44946680592531,
            84.00117922081583
        ],
        [
            48.82771289854735,
            35.37995118925668,
            50.84788851532554,
            51.53240572189888,
            0.0,
            33.42915687329027,
            31.396807163531278,
            21.061713118147072,
            46.53931773816573,
            59.38581999974389,
            19.30711065818774,
            37.99011135754558,
            65.98536212913274,
            41.33900926262769,
            13.153120312209959,
            46.95625644826575,
            56.57733030333864,
            48.82771289854735
        ],
        [
            48.10996545371553,
            68.36813854643526,
            83.60512132414316,
            84.9452506876684,
            33.42915687329027,
            0.0,
            55.649145929580925,
            33.660921791470436,
            73.74914845541187,
            78.7897998204232,
            52.61128423227217,
            17.979991257472864,
            54.450319389294265,
            36.60971720469703,
            46.41075923750783,
            51.99705494092361,
            81.5639998454386,
            48.10996545371553
        ],
        [
            80.0849298893745,
            40.65218968793304,
            53.18524146341583,
            44.68397564404147,
            31.396807163531278,
            55.649145929580925,
            0.0,
            22.57773673976851,
            18.35552571282812,
            82.68465928711595,
            25.266528602630423,
            49.286013951869236,
            97.25051538334992,
            72.68608420636481,
            25.238576257440158,
            77.53777657518968,
            74.9116955961273,
            80.0849298893745
        ],
        [
            66.5260544651387,
            49.55614430446945,
            64.65190534799987,
            60.6265111515368,
            21.061713118147072,
            33.660921791470436,
            22.57773673976851,
            0.0,
            40.93206653589834,
            80.37602984566487,
            30.833055081977726,
            27.143859203578316,
            80.60136087311383,
            57.15405693823299,
            26.113049386048065,
            66.16189462423942,
            76.66982086503565,
            66.5260544651387
        ],
        [
            93.53160377731444,
            41.573231175603496,
            49.532626791058505,
            36.91378198516031,
            46.53931773816573,
            73.74914845541187,
            18.35552571282812,
            40.93206653589834,
            0.0,
            88.59315517371047,
            33.493400150339255,
            67.52868243050061,
            112.17130975949546,
            87.451365708885,
            36.58937891977538,
            89.76455940980243,
            78.12982791627931,
            93.53160377731444
        ],
        [
            42.13741595612646,
            47.9365545116194,
            48.934156700108716,
            63.24072138920175,
            59.38581999974389,
            78.7897998204232,
            82.68465928711595,
            80.37602984566487,
            88.59315517371047,
            0.0,
            57.49653364865445,
            92.18581201468149,
            60.88148281804585,
            49.700868054706255,
            58.033207301155436,
            33.742992339838786,
            15.301637144467731,
            42.13741595612646
        ],
        [
            60.71031445238647,
            18.723936062290367,
            33.92333799483303,
            32.387999664150094,
            19.30711065818774,
            52.61128423227217,
            25.266528602630423,
            30.833055081977726,
            33.493400150339255,
            57.49653364865445,
            0.0,
            54.73740050025092,
            80.36506726709672,
            55.883738915375,
            6.200940748472225,
            56.43219075455971,
            49.84287345398145,
            60.71031445238647
        ],
        [
            65.38075643830963,
            72.72111359592137,
            88.2399387655298,
            86.43443419596959,
            37.99011135754558,
            17.979991257472864,
            49.286013951869236,
            27.143859203578316,
