{
    "vertices": [
        [
            5.676890596131068,
            49.82580749394345
        ],
        [
            34.470174901927294,
            88.46798906436129
        ],
        [
            11.105599752632534,
            53.31331541062818
        ],
        [
            37.43614646539791,
            88.28766317042663
        ],
        [
            51.79432579019664,
            36.41580908959568
        ],
        [
            92.29876926739003,
            72.38581204647467
        ],
        [
            8.395922367098995,
            99.60062565133487
        ],
        [
            30.475586085135152,
            68.23136913869538
        ],
        [
            73.23611034230035,
            26.30278145027878
        ],
        [
            89.52419875236531,
            49.38279352453674
        ],
        [
            12.464928557498379,
            22.555645153354366
        ],
        [
            27.02372424292413,
            49.5865338537087
        ],
        [
            77.1781494614841,
            41.14404356258412
        ],
        [
            52.272598054666354,
            80.52429362859706
        ],
        [
            5.676890596131068,
            49.82580749394345
        ]
    ],
    "distances": [
        [
            0.0,
            48.189951417650875,
            6.452409981923149,
            49.8795015557311,
            48.027553405138676,
            89.5114722812028,
            49.84902864021439,
            30.882681188898008,
            71.53726949613129,
            83.84847849796436,
            28.102299077603007,
            21.348174596877538,
            72.02640518788978,
            55.79925630795558,
            0.0
        ],
        [
            48.189951417650875,
            0.0,
            42.21083334414898,
            2.97144825688412,
            54.85941709610952,
            60.02318505310984,
            28.351406360666175,
            20.6271065792345,
            73.26193273637513,
            67.51739074128176,
            69.48861738818707,
            39.588094002047534,
            63.74579914657065,
            19.49432141125618,
            48.189951417650875
        ],
        [
            6.452409981923149,
            42.21083334414898,
            0.0,
            43.77787901916261,
            44.05789539264534,
            83.40318281562475,
            46.36655519717959,
            24.448817917331674,
            67.74783606105817,
            78.5170406432765,
            30.787693230492668,
            16.348565321196116,
            67.18387457076481,
            49.347331080600824,
            6.452409981923149
        ],
        [
            49.8795015557311,
            2.97144825688412,
            43.77787901916261,
            0.0,
            53.82236114577375,
            57.12071646856329,
            31.165970797872774,
            21.229798187795897,
            71.58046504073747,
            65.01349147072116,
            70.31543156662352,
            40.07737450143646,
            61.65993571088017,
            16.7448559982973,
            49.8795015557311
        ],
        [
            48.027553405138676,
            54.85941709610952,
            44.05789539264534,
            53.82236114577375,
            0.0,
            54.17057369195048,
            76.653391729359,
            38.29776134253847,
            23.707033825690235,
            39.89593963146363,
            41.7001874219632,
            28.0544237478826,
            25.82043193687065,
            44.11107743737716,
            48.027553405138676
        ],
        [
            89.5114722812028,
            60.02318505310984,
            83.40318281562475,
            57.12071646856329,
            54.17057369195048,
            0.0,
            88.20620044827326,
            61.96261271654578,
            49.870138101114456,
            23.169745416457733,
            94.1089137918857,
            69.14216216648987,
            34.70851828176725,
            40.84518655132836,
            89.5114722812028
        ],
        [
            49.84902864021439,
            28.351406360666175,
            46.36655519717959,
            31.165970797872774,
            76.653391729359,
            88.20620044827326,
            0.0,
            38.360680443096115,
            97.86124841417944,
            95.41293357170944,
            77.15235467120692,
            53.370444827323404,
            90.2671964423534,
            47.84421713053414,
            49.84902864021439
        ],
        [
            30.882681188898008,
            20.6271065792345,
            24.448817917331674,
            21.229798187795897,
            38.29776134253847,
            61.96261271654578,
            38.360680443096115,
            0.0,
            59.887134680938395,
            61.98392905106314,
            49.09842712514197,
            18.961678010714056,
            53.98937518427252,
            25.0245024588764,
            30.882681188898008
        ],
        [
            71.53726949613129,
            73.26193273637513,
            67.74783606105817,
            71.58046504073747,
            23.707033825690235,
            49.870138101114456,
            97.86124841417944,
            59.887134680938395,
            0.0,
            28.24869521592078,
            60.886595946473925,
            51.74666902305934,
            15.355869675903252,
            58.13296165117772,
            71.53726949613129
        ],
        [
            83.84847849796436,
            67.51739074128176,
            78.5170406432765,
            65.01349147072116,
            39.89593963146363,
            23.169745416457733,
            95.41293357170944,
            61.98392905106314,
            28.24869521592078,
            0.0,
            81.5955085326082,
            62.50080658701164,
            14.842571678400029,
            48.55383386790372,
            83.84847849796436
        ],
        [
            28.102299077603007,
            69.48861738818707,
            30.787693230492668,
            70.31543156662352,
            41.7001874219632,
            94.1089137918857,
            77.15235467120692,
            49.09842712514197,
            60.886595946473925,
            81.5955085326082,
            0.0,
            30.702238936939356,
            67.33000456845603,
            70.32079889223398,
            28.102299077603007
        ],
        [
            21.348174596877538,
            39.588094002047534,
            16.348565321196116,
            40.07737450143646,
            28.0544237478826,
            69.14216216648987,
            53.370444827323404,
            18.961678010714056,
            51.74666902305934,
            62.50080658701164,
            30.702238936939356,
            0.0,
            50.86002370545906,
            39.93307662389642,
            21.348174596877538
        ],
        [
            72.02640518788978,
            63.74579914657065,
            67.18387457076481,
            61.65993571088017,
            25.82043193687065,
            34.70851828176725,
            90.2671964423534,
            53.98937518427252,
            15.355869675903252,
            14.842571678400029,
            67.33000456845603,
            50.86002370545906,
            0.0,
            46.594963098379566,
            72.02640518788978
        ],
        [
            55.79925630795558,
            19.49432141125618,
            49.347331080600824,
            16.7448559982973,
            44.11107743737716,
            40.84518655132836,
            47.84421713053414,
            25.0245024588764,
            58.13296165117772,
            48.55383386790372,
            70.32079889223398,
            39.93307662389642,
            46.594963098379566,
            0.0,
            55.79925630795558
        ],
        [
            0.0,
            48.189951417650875,
            6.452409981923149,
