{
    "vertices": [
        [
            7.372820495251975,
            79.62885712389706
        ],
        [
            93.55662001358642,
            25.650887384989307
        ],
        [
            64.92845247370401,
            61.88908197676236
        ],
        [
            69.17610138392182,
            32.6729939046413
        ],
        [
            53.560189793669565,
            0.8493863814442837
        ],
        [
            38.01656183803157,
            58.52316554213029
        ],
        [
            94.46596010119343,
            18.95162858521745
        ],
        [
            12.111515605491242,
            0.12458153350168866
        ],
        [
            69.45529051241596,
            81.9904212031955
        ],
        [
            31.533346436972554,
            1.3679157393958308
        ],
        [
            79.7882241197948,
            39.82363471807038
        ],
        [
            94.94516856445195,
            68.44415615329702
        ],
        [
            7.776700538772962,
            82.53151067104663
        ],
        [
            25.237067864405006,
            91.27737264415082
        ],
        [
            96.73209446295505,
            91.25610845850306
        ],
        [
            7.372820495251975,
            79.62885712389706
        ]
    ],
    "distances": [
        [
            0.0,
            101.69202779250155,
            60.227488696689896,
            77.6176437369061,
            91.32074295125604,
            37.2087234479744,
            106.1458479148156,
            79.64537066585441,
            62.127369720057345,
            81.90546965965638,
            82.634414216371,
            88.28371130709704,
            2.93061712005074,
            21.326491692068892,
            90.11255638163371,
            0.0
        ],
        [
            101.69202779250155,
            0.0,
            46.1820173223603,
            25.37163117784826,
            47.06196853474707,
            64.53901713990123,
            6.760692853639322,
            85.35160995827329,
            61.27819477250279,
            66.60742584051862,
            19.75944059065273,
            42.815790532871524,
            102.92521503750113,
            94.73329284541767,
            65.68202699432476,
            101.69202779250155
        ],
        [
            60.227488696689896,
            46.1820173223603,
            0.0,
            29.523250557863864,
            62.089305316868845,
            27.12156431755588,
            52.116113252957454,
            81.26796622991326,
            20.604759191140012,
            69.12340175320868,
            26.60257085508995,
            30.724131270589854,
            60.76538991589295,
            49.38701894783901,
            43.288496025615295,
            60.227488696689896
        ],
        [
            77.6176437369061,
            25.37163117784826,
            29.523250557863864,
            0.0,
            35.44853580311966,
            40.48639621403143,
            28.772431599860422,
            65.69449062094641,
            49.31821754603108,
            48.959012642497214,
            12.796437512210577,
            44.08651576133372,
            79.09335065787255,
            73.24692399052056,
            64.74035886062586,
            77.6176437369061
        ],
        [
            91.32074295125604,
            47.06196853474707,
            62.089305316868845,
            35.44853580311966,
            0.0,
            59.731642976724416,
            44.73223912633893,
            41.45501096400001,
            82.68326166040944,
            22.03294580748396,
            46.97767361223208,
            79.25761394571428,
            93.63811893035484,
            94.75980126270964,
            100.18577119278176,
            91.32074295125604
        ],
        [
            37.2087234479744,
            64.53901713990123,
            27.12156431755588,
            40.48639621403143,
            59.731642976724416,
            0.0,
            68.93795109665923,
            63.88635249036295,
            39.23143827242835,
            57.52177554587051,
            45.76619082709034,
            57.786610200965185,
            38.61152479801282,
            35.1589753705083,
            67.22320524487785,
            37.2087234479744
        ],
        [
            106.1458479148156,
            6.760692853639322,
            52.116113252957454,
            28.772431599860422,
            44.73223912633893,
            68.93795109665923,
            0.0,
            84.47906384947225,
            67.81904576158118,
            65.34294774537183,
            25.516202177234256,
            49.49484746747255,
            107.50548418349946,
            100.11819402092308,
            72.33998323674068,
            106.1458479148156
        ],
        [
            79.64537066585441,
            85.35160995827329,
            81.26796622991326,
            65.69449062094641,
            41.45501096400001,
            63.88635249036295,
            84.47906384947225,
            0.0,
            99.95160941875854,
            19.461587622653617,
            78.4611477043334,
            107.37308014002076,
            82.52086155356719,
            92.09295005245033,
            124.36075573047353,
            79.64537066585441
        ],
        [
            62.127369720057345,
            61.27819477250279,
            20.604759191140012,
            49.31821754603108,
            82.68326166040944,
            39.23143827242835,
            67.81904576158118,
            99.95160941875854,
            0.0,
            89.09580365943991,
            43.41436858249385,
            28.86581334225258,
            61.68096334323089,
            45.18294679650422,
            28.807585703583598,
            62.127369720057345
        ],
        [
            81.90546965965638,
            66.60742584051862,
            69.12340175320868,
            48.959012642497214,
            22.03294580748396,
            57.52177554587051,
            65.34294774537183,
            19.461587622653617,
            89.09580365943991,
            0.0,
            61.70393457755289,
            92.30536936489966,
            84.56895036927877,
            90.12964864444645,
            111.04397297675781,
            81.90546965965638
        ],
        [
            82.634414216371,
            19.75944059065273,
            26.60257085508995,
            12.796437512210577,
            46.97767361223208,
            45.76619082709034,
            25.516202177234256,
            78.4611477043334,
            43.41436858249385,
            61.70393457755289,
            0.0,
            32.386219478702515,
            83.72348653081089,
            74.98877112852111,
            54.15158443911058,
            82.634414216371
        ],
        [
            88.28371130709704,
            42.815790532871524,
            30.724131270589854,
            44.08651576133372,
            79.25761394571428,
            57.786610200965185,
            49.49484746747255,
            107.37308014002076,
            28.86581334225258,
            92.30536936489966,
            32.386219478702515,
            0.0,
            88.29946418440251,
            73.35240335889536,
            22.881832796822387,
            88.28371130709704
        ],
        [
            2.93061712005074,
            102.92521503750113,
            60.76538991589295,
            79.09335065787255,
            93.63811893035484,
            38.61152479801282,
            107.50548418349946,
            82.52086155356719,
            61.68096334323089,
            84.56895036927877,
            83.72348653081089,
            88.29946418440251,
            0.0,
            19.528300714567788,
            89.3822169939821,
            2.93061712005074
        ],
        [
            21.326491692068892,
            94.73329284541767,
