{
    "vertices": [
        [
            80.05835560263397,
            38.44918713952823
        ],
        [
            5.886734586270903,
            41.460678063977305
        ],
        [
            35.73873147983283,
            74.47954875328597
        ],
        [
            63.79734494358919,
            42.12695156244921
        ],
        [
            62.2110325787976,
            88.62597731440994
        ],
        [
            20.352072318455917,
            66.48028411916141
        ],
        [
            83.99820757683399,
            41.88300105492942
        ],
        [
            77.81767950919777,
            91.71429472345137
        ],
        [
            14.099414899446217,
            25.94088111675029
        ],
        [
            87.34722251810545,
            23.963688668670702
        ],
        [
            18.218728229765013,
            84.90020466444584
        ],
        [
            58.601126937919624,
            97.01221514418002
        ],
        [
            32.779182845773626,
            4.054342589024518
        ],
        [
            97.22131971640418,
            21.774617738490686
        ],
        [
            80.05835560263397,
            38.44918713952823
        ]
    ],
    "distances": [
        [
            0.0,
            74.23273160663717,
            57.117563326918315,
            16.671725129813986,
            53.25633494121864,
            65.95894678883313,
            5.2262330204661485,
            53.312215441515875,
            67.13448873899392,
            16.21595655089981,
            77.34233344498655,
            62.370192488427264,
            58.46644771342243,
            23.92924156509315,
            0.0
        ],
        [
            74.23273160663717,
            0.0,
            44.51277951476989,
            57.914443037397035,
            73.46422256945083,
            28.900288629402663,
            78.11261466283248,
            87.74671973847516,
            17.558821578043737,
            83.31839972054213,
            45.15606867848432,
            76.58185446289936,
            46.06992193454143,
            93.43204702901602,
            74.23273160663717
        ],
        [
            57.117563326918315,
            44.51277951476989,
            0.0,
            42.82494990657932,
            30.015065658919276,
            17.341785226300665,
            58.236689080065844,
            45.471687190098066,
            53.14378870570173,
            72.21695415438047,
            20.384812569684765,
            32.10000281565835,
            70.48736476416246,
            80.9809756025581,
            57.117563326918315
        ],
        [
            16.671725129813986,
            57.914443037397035,
            42.82494990657932,
            0.0,
            46.52607637443972,
            49.80538645658693,
            20.202335582237648,
            51.531295181652354,
            52.26732370368371,
            29.740559051961604,
            62.50569160063071,
            55.130688731399964,
            49.108552554210554,
            39.13284530539045,
            16.671725129813986
        ],
        [
            53.25633494121864,
            73.46422256945083,
            30.015065658919276,
            46.52607637443972,
            0.0,
            47.35614301413219,
            51.57118210773747,
            15.909278199502252,
            79.01992812597288,
            69.37607381201288,
            44.1497930207734,
            9.130191874955829,
            89.5466089744962,
            75.46406086745208,
            53.25633494121864
        ],
        [
            65.95894678883313,
            28.900288629402663,
            17.341785226300665,
            49.80538645658693,
            47.35614301413219,
            0.0,
            68.23383960667691,
            62.761861834860035,
            41.01876303097641,
            79.34740726056707,
            18.54304802062875,
            48.9406680726695,
            63.65085429106385,
            88.9240001465679,
            65.95894678883313
        ],
        [
            5.2262330204661485,
            78.11261466283248,
            58.236689080065844,
            20.202335582237648,
            51.57118210773747,
            68.23383960667691,
            0.0,
            50.21311338558201,
            71.69374035353245,
            18.22958193358215,
            78.596562962728,
            60.69795672901968,
            63.674138358764246,
            24.06652808895542,
            5.2262330204661485
        ],
        [
            53.312215441515875,
            87.74671973847516,
            45.471687190098066,
            51.531295181652354,
            15.909278199502252,
            62.761861834860035,
            50.21311338558201,
            0.0,
            91.5759749189518,
            68.41751830305382,
            59.98722211388387,
            19.933485734037347,
            98.55320081007656,
            72.5814003037373,
            53.312215441515875
        ],
        [
            67.13448873899392,
            17.558821578043737,
            53.14378870570173,
            52.26732370368371,
            79.01992812597288,
            41.01876303097641,
            71.69374035353245,
            91.5759749189518,
            0.0,
            73.27448813138756,
            59.10305047554812,
            83.85425984882163,
            28.77419502356696,
            83.22625073218454,
            67.13448873899392
        ],
        [
            16.21595655089981,
            83.31839972054213,
            72.21695415438047,
            29.740559051961604,
            69.37607381201288,
            79.34740726056707,
            18.22958193358215,
            68.41751830305382,
            73.27448813138756,
            0.0,
            92.15209007003845,
            78.50111611530352,
            58.086599272123884,
            10.113843335686488,
            16.21595655089981
        ],
        [
            77.34233344498655,
            45.15606867848432,
            20.384812569684765,
            62.50569160063071,
            44.1497930207734,
            18.54304802062875,
            78.596562962728,
            59.98722211388387,
            59.10305047554812,
            92.15209007003845,
            0.0,
            42.159683624116035,
            82.1465778553367,
            101.12491872111003,
            77.34233344498655
        ],
        [
            62.370192488427264,
            76.58185446289936,
            32.10000281565835,
            55.130688731399964,
            9.130191874955829,
            48.9406680726695,
            60.69795672901968,
            19.933485734037347,
            83.85425984882163,
            78.50111611530352,
            42.159683624116035,
            0.0,
            96.47765993575116,
            84.57077127251412,
            62.370192488427264
        ],
        [
            58.46644771342243,
            46.06992193454143,
            70.48736476416246,
            49.108552554210554,
            89.5466089744962,
            63.65085429106385,
            63.674138358764246,
            98.55320081007656,
            28.77419502356696,
            58.086599272123884,
            82.1465778553367,
            96.47765993575116,
            0.0,
            66.83410174324085,
            58.46644771342243
        ],
        [
            23.92924156509315,
            93.43204702901602,
            80.9809756025581,
            39.13284530539045,
            75.46406086745208,
            88.9240001465679,
            24.06652808895542,
            72.5814003037373,
            83.22625073218454,
            10.113843335686488,
            101.12491872111003,
            84.57077127251412,
            66.83410174324085,
            0.0,
            23.92924156509315
        ],
        [
            0.0,
            74.23273160663717,
            57.117563326918315,
