{
    "vertices": [
        [
            62.68377356972694,
            45.46642045769198
        ],
        [
            52.32001426036837,
            52.19861037833014
        ],
        [
            15.215008879376423,
            83.48866474453716
        ],
        [
            8.182058818463123,
            24.673925048022927
        ],
        [
            43.3212607535446,
            12.770079508488308
        ],
        [
            92.24905030350487,
            41.506405414721584
        ],
        [
            21.4750162877431,
            37.53520567577988
        ],
        [
            68.64759638319138,
            37.402053592837106
        ],
        [
            47.834869138327676,
            21.744176811901884
        ],
        [
            28.313399025117192,
            95.92248836077292
        ],
        [
            85.71435537090275,
            94.39436536540438
        ],
        [
            68.60685566082626,
            37.99115092709684
        ],
        [
            39.82954650363125,
            51.39701931068992
        ],
        [
            32.0178724289641,
            12.095037040938038
        ],
        [
            16.435946977885596,
            32.05017941176923
        ],
        [
            48.18230291053381,
            23.95679034581787
        ],
        [
            62.74211508972447,
            92.63279101849828
        ],
        [
            62.68377356972694,
            45.46642045769198
        ]
    ],
    "distances": [
        [
            0.0,
            12.358393429158113,
            60.81919665563167,
            58.333221891039386,
            37.99944228568886,
            29.829302832708354,
            41.9650550415733,
            10.03001472986796,
            27.986332492898338,
            61.05028611380189,
            54.07727333171293,
            9.537429214046393,
            23.611177385802705,
            45.32159224832066,
            48.15451160868865,
            25.94141165837127,
            47.16640664299381,
            0.0
        ],
        [
            12.358393429158113,
            0.0,
            48.53708815497312,
            52.01699158086751,
            40.442386319684985,
            41.33583392551685,
            34.153028231798565,
            22.034700603453853,
            30.782934405572146,
            49.88080874321244,
            53.811372005700875,
            21.61279960722598,
            12.516162871336013,
            44.949678056355886,
            41.15368215783396,
            28.543318902386964,
            41.755755887530206,
            12.358393429158113
        ],
        [
            60.81919665563167,
            48.53708815497312,
            0.0,
            59.23374031857205,
            76.09914383357075,
            87.73114405141554,
            46.377883663840855,
            70.56215086574987,
            69.8314905567456,
            18.060116116174363,
            71.33787326353561,
            70.14779445073086,
            40.444396016106175,
            73.3442997113353,
            51.452973317095804,
            68.05061752226555,
            48.39876930298797,
            60.81919665563167
        ],
        [
            58.333221891039386,
            52.01699158086751,
            59.23374031857205,
            0.0,
            37.10074192335689,
            85.73559034987383,
            18.496357956797944,
            61.79066668393276,
            39.76089524885238,
            74.03802153385104,
            104.26982692392365,
            61.87491073573467,
            41.42085517893437,
            26.951334548948175,
            11.069588889698698,
            40.00667206362387,
            87.15048596718344,
            58.333221891039386
        ],
        [
            37.99944228568886,
            40.442386319684985,
            76.09914383357075,
            37.10074192335689,
            0.0,
            56.7424445792958,
            33.02377736330949,
            35.32927148580263,
            10.045251766995136,
            84.49591121230125,
            91.97661938170934,
            35.7136353976699,
            38.784436915932595,
            11.32352727507022,
            33.083868411903296,
            12.197222233363336,
            82.19015922163794,
            37.99944228568886
        ],
        [
            29.829302832708354,
            41.33583392551685,
            87.73114405141554,
            85.73559034987383,
            56.7424445792958,
            0.0,
            70.88536039430691,
            23.95567429713652,
            48.61239726575193,
            83.95759398400561,
            53.29013553751955,
            23.902099941952116,
            53.344433841442985,
            67.02852659706139,
            76.4005683622834,
            47.432765203629174,
            59.03021709782456,
            29.829302832708354
        ],
        [
            41.9650550415733,
            34.153028231798565,
            46.377883663840855,
            18.496357956797944,
            33.02377736330949,
            70.88536039430691,
            0.0,
            47.17276801650159,
            30.727812074475786,
            58.786378165354805,
            85.78844168331409,
            47.13404468918735,
            23.000840347581413,
            27.538227898390115,
            7.448337574682983,
            29.960849814797356,
            68.83834218028954,
            41.9650550415733
        ],
        [
            10.03001472986796,
            22.034700603453853,
            70.56215086574987,
            61.79066668393276,
            35.32927148580263,
            23.95567429713652,
            47.17276801650159,
            0.0,
            26.04493656463848,
            71.07382613837748,
            59.49283875834248,
            0.5905044247850786,
            32.03652703250918,
            44.52169991948854,
            52.48522545319349,
            24.48679931521568,
            55.5455584713109,
            10.03001472986796
        ],
        [
            27.986332492898338,
            30.782934405572146,
            69.8314905567456,
            39.76089524885238,
            10.045251766995136,
            48.61239726575193,
            30.727812074475786,
            26.04493656463848,
            0.0,
            76.70403965647667,
            81.93232191329201,
            26.371188672312016,
            30.714430789834164,
            18.527905527166705,
            33.0470271344636,
            2.239725178797069,
            72.43908893675497,
            27.986332492898338
        ],
        [
            61.05028611380189,
            49.88080874321244,
            18.060116116174363,
            74.03802153385104,
            84.49591121230125,
            83.95759398400561,
            58.786378165354805,
            71.07382613837748,
            76.70403965647667,
            0.0,
            57.421293518169314,
            70.56629864537466,
            45.99064086177518,
            83.90926479226889,
            64.96726650869084,
            74.65812100761464,
            34.585525852025384,
            61.05028611380189
        ],
        [
            54.07727333171293,
            53.811372005700875,
            71.33787326353561,
            104.26982692392365,
            91.97661938170934,
            53.29013553751955,
            85.78844168331409,
            59.49283875834248,
            81.93232191329201,
            57.421293518169314,
            0.0,
            58.94055603151341,
            62.88233020916851,
            98.26744996687468,
            93.20029716525109,
            79.81294967940832,
            23.03968245692348,
            54.07727333171293
        ],
        [
            9.537429214046393,
            21.61279960722598,
            70.14779445073086,
            61.87491073573467,
            35.7136353976699,
            23.902099941952116,
            47.13404468918735,
