{
    "vertices": [
        [
            39.26106313993216,
            7.915182059176695
        ],
        [
            87.94063235102709,
            6.671305319711973
        ],
        [
            13.210429661313627,
            80.8433111647686
        ],
        [
            51.319381239202556,
            80.59509922594414
        ],
        [
            4.511854091820123,
            81.86305318887767
        ],
        [
            26.108763667494262,
            23.17001870267226
        ],
        [
            21.01426567030913,
            50.56030197317665
        ],
        [
            25.090839427283072,
            3.3692806943703135
        ],
        [
            1.5423473487949035,
            99.19798568799112
        ],
        [
            77.05333437753633,
            99.67376720075072
        ],
        [
            86.50670649062313,
            39.232656549023325
        ],
        [
            55.722045530806085,
            10.921688548195352
        ],
        [
            31.778952650102653,
            27.030783657750447
        ],
        [
            32.65201713751893,
            76.89466825321615
        ],
        [
            39.26106313993216,
            7.915182059176695
        ]
    ],
    "distances": [
        [
            0.0,
            48.695458596472456,
            77.44125205263148,
            73.67342393802102,
            81.705539433286,
            20.14182271872199,
            46.384823707511025,
            14.881547610550156,
            98.76867802734469,
            99.23655431583732,
            56.68275773145555,
            16.733290846129837,
            20.527742249390514,
            69.29537505963651,
            0.0
        ],
        [
            48.695458596472456,
            0.0,
            105.29050121034078,
            82.49753534795083,
            112.31277749857364,
            63.99521488510466,
            80.03363408173934,
            62.93647461674245,
            126.5932471789101,
            93.63755215242249,
            32.592909309414395,
            32.49773983342675,
            59.738117019423086,
            89.37646040159575,
            48.695458596472456
        ],
        [
            77.44125205263148,
            105.29050121034078,
            0.0,
            38.109759898646146,
            8.758144251719273,
            59.09801759410796,
            31.27236003491481,
            78.37964999625568,
            21.749441871118126,
            66.5620203804523,
            84.2839888388632,
            81.8307447917332,
            56.92607629793899,
            19.838525762714738,
            77.44125205263148
        ],
        [
            73.67342393802102,
            82.49753534795083,
            38.109759898646146,
            0.0,
            46.82469759544702,
            62.71534988701878,
            42.667189685504674,
            81.5583438616257,
            53.13963198636779,
            32.03485470263396,
            54.30469153352056,
            69.81237432099556,
            57.01722767492953,
            19.030598306116154,
            73.67342393802102
        ],
        [
            81.705539433286,
            112.31277749857364,
            8.758144251719273,
            46.82469759544702,
            0.0,
            62.54037736069989,
            35.38632252124993,
            81.14657699408323,
            17.587434578291738,
            74.69596974171822,
            92.41486102122751,
            87.49377648895859,
            61.23783508355987,
            28.57540244873939,
            81.705539433286
        ],
        [
            20.14182271872199,
            63.99521488510466,
            59.09801759410796,
            62.71534988701878,
            62.54037736069989,
            0.0,
            27.860034592257705,
            19.826885671537596,
            79.89843912533208,
            91.91394246297848,
            62.4973585989758,
            32.04634229189068,
            6.859777630277344,
            54.12164202333246,
            20.14182271872199
        ],
        [
            46.384823707511025,
            80.03363408173934,
            31.27236003491481,
            42.667189685504674,
            35.38632252124993,
            27.860034592257705,
            0.0,
            47.366770450736894,
            52.39064687768276,
            74.5151641495438,
            66.46484300333277,
            52.68633273534822,
            25.87502111939067,
            28.791250521361963,
            46.384823707511025
        ],
        [
            14.881547610550156,
            62.93647461674245,
            78.37964999625568,
            81.5583438616257,
            81.14657699408323,
            19.826885671537596,
            47.366770450736894,
            0.0,
            98.6796442024647,
            109.42876679700224,
            71.12025347841477,
            31.5485285195209,
            24.58856606163322,
            73.91315190170319,
            14.881547610550156
        ],
        [
            98.76867802734469,
            126.5932471789101,
            21.749441871118126,
            53.13963198636779,
            17.587434578291738,
            79.89843912533208,
            52.39064687768276,
            98.6796442024647,
            0.0,
            75.51248592188341,
            103.99414898505738,
            103.57675575054154,
            78.24549411321169,
            38.278577859682635,
            98.76867802734469
        ],
        [
            99.23655431583732,
            93.63755215242249,
            66.5620203804523,
            32.03485470263396,
            74.69596974171822,
            91.91394246297848,
            74.5151641495438,
            109.42876679700224,
            75.51248592188341,
            0.0,
            61.175927464345335,
            91.27954507452375,
            85.59656943376872,
            49.903550189442804,
            99.23655431583732
        ],
        [
            56.68275773145555,
            32.592909309414395,
            84.2839888388632,
            54.30469153352056,
            92.41486102122751,
            62.4973585989758,
            66.46484300333277,
            71.12025347841477,
            103.99414898505738,
            61.175927464345335,
            0.0,
            41.82351323782818,
            56.07149670272217,
            65.71723283071276,
            56.68275773145555
        ],
        [
            16.733290846129837,
            32.49773983342675,
            81.8307447917332,
            69.81237432099556,
            87.49377648895859,
            32.04634229189068,
            52.68633273534822,
            31.5485285195209,
            103.57675575054154,
            91.27954507452375,
            41.82351323782818,
            0.0,
            28.857835018287204,
            69.89034454934503,
            16.733290846129837
        ],
        [
            20.527742249390514,
            59.738117019423086,
            56.92607629793899,
            57.01722767492953,
            61.23783508355987,
            6.859777630277344,
            25.87502111939067,
            24.58856606163322,
            78.24549411321169,
            85.59656943376872,
            56.07149670272217,
            28.857835018287204,
            0.0,
            49.87152723297242,
            20.527742249390514
        ],
        [
            69.29537505963651,
            89.37646040159575,
            19.838525762714738,
            19.030598306116154,
            28.57540244873939,
            54.12164202333246,
            28.791250521361963,
            73.91315190170319,
            38.278577859682635,
            49.903550189442804,
            65.71723283071276,
            69.89034454934503,
            49.87152723297242,
            0.0,
            69.29537505963651
        ],
        [
            0.0,
            48.695458596472456,
            77.44125205263148,
