{
    "vertices": [
        [
            37.91063299827172,
            9.045338473317221
        ],
        [
            66.40925923071786,
            72.5887148385521
        ],
        [
            40.43797524962945,
            35.84942860324348
        ],
        [
            50.87351672552746,
            89.51294064378379
        ],
        [
            39.09402694478202,
            41.52819574753973
        ],
        [
            35.18363892607117,
            78.28614143824686
        ],
        [
            72.22804103931861,
            17.010832531630527
        ],
        [
            14.877635342015715,
            59.912879192426104
        ],
        [
            9.798369324814471,
            36.51242618616608
        ],
        [
            40.69945704907397,
            1.845247322084076
        ],
        [
            83.75909640524044,
            64.6237274886716
        ],
        [
            21.317455797113016,
            11.080451445428386
        ],
        [
            85.85980229463188,
            74.33588665538842
        ],
        [
            78.3404582728721,
            4.58493030138738
        ],
        [
            41.21642645382079,
            98.80950128153609
        ],
        [
            37.91063299827172,
            9.045338473317221
        ]
    ],
    "distances": [
        [
            0.0,
            69.64145587960203,
            26.922977297258715,
            81.50503882331957,
            32.5044064386684,
            69.29448240587433,
            35.229725946262114,
            55.839284377965434,
            39.303184047495655,
            7.721324508942679,
            72.04886482327264,
            16.71751220840913,
            81.00604001015213,
            40.67512769242322,
            89.8250143057666,
            0.0
        ],
        [
            69.64145587960203,
            0.0,
            44.992029790911594,
            22.973652611068413,
            41.36275814108357,
            31.741141020273254,
            55.88165372873398,
            53.06774038843425,
            67.12891671156767,
            75.27039341250202,
            19.090779802464898,
            76.26622583118126,
            19.528856465208623,
            69.04251025245696,
            36.362184546768816,
            69.64145587960203
        ],
        [
            26.922977297258715,
            44.992029790911594,
            0.0,
            54.668757534998015,
            5.835631356180828,
            42.760760592412346,
            36.952685759795,
            35.10527923903732,
            30.64677824866618,
            34.005186624004764,
            52.00653626734889,
            31.29051763040083,
            59.53444234647391,
            49.13315655841745,
            62.96488495926276,
            26.922977297258715
        ],
        [
            81.50503882331957,
            22.973652611068413,
            54.668757534998015,
            0.0,
            49.40943353502757,
            19.292829905519724,
            75.58155455780636,
            46.60329510345807,
            67.05387585190317,
            88.25608161847902,
            41.24238453764963,
            83.8165622025521,
            38.136375623407005,
            89.25917218237821,
            13.404679489167094,
            81.50503882331957
        ],
        [
            32.5044064386684,
            41.36275814108357,
            5.835631356180828,
            49.40943353502757,
            0.0,
            36.96535818652177,
            41.21849086366175,
            30.404443879591177,
            29.721936337983855,
            39.715410127016696,
            50.282919727410466,
            35.25722074774035,
            57.12602145062757,
            53.898861155087175,
            57.320611854332206,
            32.5044064386684
        ],
        [
            69.29448240587433,
            31.741141020273254,
            42.760760592412346,
            19.292829905519724,
            36.96535818652177,
            0.0,
            71.60273185800403,
            27.38449464769024,
            48.882053953270145,
            76.63964080581573,
            50.4602479605494,
            68.62124891006155,
            50.82989323819744,
            85.40714009479741,
            21.391653152856332,
            69.29448240587433
        ],
        [
            35.229725946262114,
            55.88165372873398,
            36.952685759795,
            75.58155455780636,
            41.21849086366175,
            71.60273185800403,
            0.0,
            71.62160736349271,
            65.40470981089496,
            34.986377108496455,
            48.98931520282951,
            51.254825231693715,
            58.92356697632648,
            13.847912863410256,
            87.4799545522072,
            35.229725946262114
        ],
        [
            55.839284377965434,
            53.06774038843425,
            35.10527923903732,
            46.60329510345807,
            30.404443879591177,
            27.38449464769024,
            71.62160736349271,
            0.0,
            23.94535746594064,
            63.550108947984235,
            69.04236214002808,
            49.25522598831155,
            72.43266645351211,
            84.1944880787491,
            46.97530337501122,
            55.839284377965434
        ],
        [
            39.303184047495655,
            67.12891671156767,
            30.64677824866618,
            67.05387585190317,
            29.721936337983855,
            48.882053953270145,
            65.40470981089496,
            23.94535746594064,
            0.0,
            46.44018209413735,
            79.12290699402736,
            27.919073988401035,
            84.94678185363381,
            75.61337812077969,
            69.77119663012577,
            39.303184047495655
        ],
        [
            7.721324508942679,
            75.27039341250202,
            34.005186624004764,
            88.25608161847902,
            39.715410127016696,
            76.63964080581573,
            34.986377108496455,
            63.550108947984235,
            46.44018209413735,
            0.0,
            76.12667149895458,
            21.469768692998343,
            85.40696443293835,
            37.74057280907454,
            96.9656320728048,
            7.721324508942679
        ],
        [
            72.04886482327264,
            19.090779802464898,
            52.00653626734889,
            41.24238453764963,
            50.282919727410466,
            50.4602479605494,
            48.98931520282951,
            69.04236214002808,
            79.12290699402736,
            76.12667149895458,
            0.0,
            82.25473172576451,
            9.936750017654933,
            60.282823481530826,
            54.576056072350305,
            72.04886482327264
        ],
        [
            16.71751220840913,
            76.26622583118126,
            31.29051763040083,
            83.8165622025521,
            35.25722074774035,
            68.62124891006155,
            51.254825231693715,
            49.25522598831155,
            27.919073988401035,
            21.469768692998343,
            82.25473172576451,
            0.0,
            90.37125967367743,
            57.391764272263934,
            89.95751896502475,
            16.71751220840913
        ],
        [
            81.00604001015213,
            19.528856465208623,
            59.53444234647391,
            38.136375623407005,
            57.12602145062757,
            50.82989323819744,
            58.92356697632648,
            72.43266645351211,
            84.94678185363381,
            85.40696443293835,
            9.936750017654933,
            90.37125967367743,
            0.0,
            70.1550885311631,
            50.91157844079384,
            81.00604001015213
        ],
        [
            40.67512769242322,
            69.04251025245696,
