{
    "vertices": [
        [
            75.22943673120285,
            83.12034657122325
        ],
        [
            53.037068464540205,
            40.177410140794024
        ],
        [
            80.64958831351538,
            66.40966601420143
        ],
        [
            55.69903321339863,
            26.802965654653967
        ],
        [
            88.02021762603205,
            2.2847992124425676
        ],
        [
            35.644362621154954,
            76.23070071319084
        ],
        [
            35.1637816018187,
            43.82620610479785
        ],
        [
            74.35671542412197,
            58.69412857618671
        ],
        [
            43.171105808074564,
            77.8923272379452
        ],
        [
            99.38024287122091,
            33.32599031329436
        ],
        [
            16.72829119925553,
            53.217200331536304
        ],
        [
            59.596928169691196,
            46.170441632500555
        ],
        [
            27.40826808660438,
            65.91521998948508
        ],
        [
            52.925012985441725,
            34.51712165220543
        ],
        [
            91.45834031688518,
            84.61996916676297
        ],
        [
            62.11407298322512,
            67.13024287434493
        ],
        [
            11.34797669165727,
            52.39164927218722
        ],
        [
            46.114818009276625,
            25.956476587560438
        ],
        [
            81.30030479142555,
            35.93824310909368
        ],
        [
            75.22943673120285,
            83.12034657122325
        ]
    ],
    "distances": [
        [
            0.0,
            48.33835949379189,
            17.56772289894373,
            59.607751634080465,
            81.84124750205854,
            40.18016068095158,
            56.1185013693516,
            24.44180369819052,
            32.481822112158866,
            55.34202157813063,
            65.70070154558613,
            40.12070287153976,
            50.82204788503472,
            53.47673130585963,
            16.298042199062625,
            20.680816774941224,
            70.88789582488567,
            64.15114227223272,
            47.57106606032422,
            0.0
        ],
        [
            48.33835949379189,
            0.0,
            38.08651336914375,
            13.636781938456267,
            51.57199519334702,
            40.02931397928529,
            18.241932333611583,
            28.23820476051577,
            38.983999163551196,
            46.84689709832105,
            38.57931355945349,
            8.885279163416863,
            36.32176020816532,
            5.6613975487016015,
            58.74806535987828,
            28.440239158540837,
            43.44154705356051,
            15.816210117815256,
            28.579381812628945,
            48.33835949379189
        ],
        [
            17.56772289894373,
            38.08651336914375,
            0.0,
            46.810478668509035,
            64.54707366570422,
            46.06433612002948,
            50.78357287246999,
            9.95639328067495,
            39.19806321350459,
            38.01798282448563,
            65.26847152766626,
            29.203436487923792,
            53.243616109124666,
            42.25856674100429,
            21.176502562475783,
            18.549516424176655,
            70.70514950671026,
            53.18938704999551,
            30.478370130250553,
            17.56772289894373
        ],
        [
            59.607751634080465,
            13.636781938456267,
            46.810478668509035,
            0.0,
            40.5684538468431,
            53.341267378834544,
            26.673718791617922,
            36.94800912043959,
            52.60296409957659,
            44.16557401266124,
            47.07898179334714,
            19.755827262930694,
            48.27148050984093,
            8.19776743874046,
            67.98186478496076,
            40.83432408161376,
            51.203485661358165,
            9.62152403830247,
            27.18231779266594,
            59.607751634080465
        ],
        [
            81.84124750205854,
            51.57199519334702,
            64.54707366570422,
            40.5684538468431,
            0.0,
            90.61581835557341,
            67.22716203870264,
            58.04053524640318,
            87.90870903947355,
            33.0545869514494,
            87.61648393651264,
            52.28606883425193,
            87.87854616021825,
            47.650771228026876,
            82.40692264029876,
            69.82878986466103,
            91.59328006359719,
            48.129105817495024,
            34.31780171586976,
            81.84124750205854
        ],
        [
            40.18016068095158,
            40.02931397928529,
            46.06433612002948,
            53.341267378834544,
            90.61581835557341,
            0.0,
            32.40805808655491,
            42.49914848391363,
            7.707974163787007,
            76.83148186615779,
            29.789913693309245,
            38.4362403514593,
            13.20009074753651,
            45.151340568025276,
            56.44094197836861,
            27.990425140188506,
            34.038430381583545,
            51.352975059569474,
            60.892915804985556,
            40.18016068095158
        ],
        [
            56.1185013693516,
            18.241932333611583,
            50.78357287246999,
            26.673718791617922,
            67.22716203870264,
            32.40805808655491,
            0.0,
            41.91826785799568,
            34.99454028848442,
            65.06925871433279,
            20.689564493957665,
            24.54534765320066,
            23.410948812095963,
            20.05293977470868,
            69.52128052387857,
            35.62858873572053,
            25.309274588036825,
            20.95834992113394,
            46.80596898096149,
            56.1185013693516
        ],
        [
            24.44180369819052,
            28.23820476051577,
            9.95639328067495,
            36.94800912043959,
            58.04053524640318,
            42.49914848391363,
            41.91826785799568,
            0.0,
            36.62121077983159,
            35.63312173836215,
            57.88809913650839,
            19.357015639284697,
            47.500535455959586,
            32.30859844100904,
            31.058248249068228,
            14.867761041503131,
            63.32315849697755,
            43.236080156728526,
            23.79167410446745,
            24.44180369819052
        ],
        [
            32.481822112158866,
            38.983999163551196,
            39.19806321350459,
            52.60296409957659,
            87.90870903947355,
            7.707974163787007,
            34.99454028848442,
            36.62121077983159,
            0.0,
            71.73301524587593,
            36.16744851774531,
            35.722341281336824,
            19.7969227678071,
            44.45837564317757,
            48.753647888453,
            21.786657964178,
            40.77984947830804,
            52.01920822448739,
            56.691983473880356,
            32.481822112158866
        ],
        [
            55.34202157813063,
            46.84689709832105,
            38.01798282448563,
            44.16557401266124,
            33.0545869514494,
            76.83148186615779,
            65.06925871433279,
            35.63312173836215,
            71.73301524587593,
            0.0,
            85.01179536496514,
            41.80540704660593,
            79.00647470483028,
            46.470497927256254,
            51.902107921552435,
            50.31396336338709,
            90.0731882429303,
            53.77281114352507,
            18.267677072862767,
            55.34202157813063
        ],
        [
