{
    "vertices": [
        [
            58.546281433214006,
            36.05745278099201
        ],
        [
            5.213938457417234,
            18.102093353938166
        ],
        [
            94.36487009406073,
            94.94341816860282
        ],
        [
            35.8309089042083,
            7.385058590987692
        ],
        [
            73.42834301194155,
            48.85378440803675
        ],
        [
            13.13198513221524,
            61.27288169745657
        ],
        [
            44.726898721997266,
            15.252240842520248
        ],
        [
            43.296716293864904,
            53.13654839177687
        ],
        [
            19.542981819190775,
            5.222840498717163
        ],
        [
            18.973592405708317,
            56.82290147442608
        ],
        [
            93.54867717780627,
            34.44759793797644
        ],
        [
            62.61575390980868,
            94.29852378362753
        ],
        [
            29.40378266028838,
            13.027735093534499
        ],
        [
            83.5770726017455,
            44.81602706063088
        ],
        [
            58.546281433214006,
            36.05745278099201
        ]
    ],
    "distances": [
        [
            0.0,
            56.27373934121235,
            68.9240757158617,
            36.579971811340975,
            19.62706957093555,
            51.94493395853139,
            24.976632725886088,
            22.896391502190518,
            49.71952026497721,
            44.690061269898834,
            35.0393969764982,
            58.38307081485003,
            37.1436822554518,
            26.518920225653716,
            0.0
        ],
        [
            56.27373934121235,
            0.0,
            117.69654969859687,
            32.43846040504953,
            74.82560719042002,
            43.89091511173063,
            39.61559905147359,
            51.74660382613116,
            19.266464070303734,
            41.092931974737034,
            89.83430071473933,
            95.39845086507903,
            24.71634427487418,
            82.79139476423597,
            56.27373934121235
        ],
        [
            68.9240757158617,
            117.69654969859687,
            0.0,
            105.32184457413426,
            50.62205553356581,
            87.9345587666147,
            93.88616482502057,
            65.99826280362946,
            116.82507017945723,
            84.48087679773022,
            60.50132590491557,
            31.755665120556177,
            104.54722384756684,
            51.275061326406885,
            68.9240757158617
        ],
        [
            36.579971811340975,
            32.43846040504953,
            105.32184457413426,
            0.0,
            55.97519336612366,
            58.47340095770754,
            11.875655409998803,
            46.35662950400048,
            16.430817259205018,
            52.232838602723284,
            63.74732786864142,
            90.94711844674492,
            8.552645781726149,
            60.66937900133347,
            36.579971811340975
        ],
        [
            19.62706957093555,
            74.82560719042002,
            50.62205553356581,
            55.97519336612366,
            0.0,
            61.56203985447613,
            44.190911218417746,
            30.43447052304232,
            69.33463360609476,
            55.034777099620165,
            24.746031107153566,
            46.7133430617734,
            56.75973681793724,
            10.922462940357928,
            19.62706957093555
        ],
        [
            51.94493395853139,
            43.89091511173063,
            87.9345587666147,
            58.47340095770754,
            61.56203985447613,
            0.0,
            55.82237857208188,
            31.24277397600461,
            56.41549429811633,
            7.343480068951619,
            84.77287424838238,
            59.49232225790315,
            50.915278312394015,
            72.341816490377,
            51.94493395853139
        ],
        [
            24.976632725886088,
            39.61559905147359,
            93.88616482502057,
            11.875655409998803,
            44.190911218417746,
            55.82237857208188,
            0.0,
            37.91129357149925,
            27.10753662404129,
            48.90145817451351,
            52.45977302286178,
            81.04520952367312,
            15.483743464287683,
            48.81960124823655,
            24.976632725886088
        ],
        [
            22.896391502190518,
            51.74660382613116,
            65.99826280362946,
            46.35662950400048,
            30.43447052304232,
            31.24277397600461,
            37.91129357149925,
            0.0,
            53.47862475377218,
            24.600885242782848,
            53.61470359654877,
            45.47013781115656,
            42.44679621762078,
            41.130744942340534,
            22.896391502190518
        ],
        [
            49.71952026497721,
            19.266464070303734,
            116.82507017945723,
            16.430817259205018,
            69.33463360609476,
            56.41549429811633,
            27.10753662404129,
            53.47862475377218,
            0.0,
            51.60320239094725,
            79.56713764422938,
            98.94312026737369,
            12.57584084123205,
            75.2860226368412,
            49.71952026497721
        ],
        [
            44.690061269898834,
            41.092931974737034,
            84.48087679773022,
            52.232838602723284,
            55.034777099620165,
            7.343480068951619,
            48.90145817451351,
            24.600885242782848,
            51.60320239094725,
            0.0,
            77.85947262288546,
            57.524434184196,
            45.020056275805715,
            65.70977618762993,
            44.690061269898834
        ],
        [
            35.0393969764982,
            89.83430071473933,
            60.50132590491557,
            63.74732786864142,
            24.746031107153566,
            84.77287424838238,
            52.45977302286178,
            53.61470359654877,
            79.56713764422938,
            77.85947262288546,
            0.0,
            67.37194569318488,
            67.62675518563788,
            14.385312658848427,
            35.0393969764982
        ],
        [
            58.38307081485003,
            95.39845086507903,
            31.755665120556177,
            90.94711844674492,
            46.7133430617734,
            59.49232225790315,
            81.04520952367312,
            45.47013781115656,
            98.94312026737369,
            57.524434184196,
            67.37194569318488,
            0.0,
            87.79508032110179,
            53.73913251296781,
            58.38307081485003
        ],
        [
            37.1436822554518,
            24.71634427487418,
            104.54722384756684,
            8.552645781726149,
            56.75973681793724,
            50.915278312394015,
            15.483743464287683,
            42.44679621762078,
            12.57584084123205,
            45.020056275805715,
            67.62675518563788,
            87.79508032110179,
            0.0,
            62.81115226826,
            37.1436822554518
        ],
        [
            26.518920225653716,
            82.79139476423597,
            51.275061326406885,
            60.66937900133347,
            10.922462940357928,
            72.341816490377,
            48.81960124823655,
            41.130744942340534,
            75.2860226368412,
            65.70977618762993,
            14.385312658848427,
            53.73913251296781,
            62.81115226826,
            0.0,
            26.518920225653716
        ],
        [
            0.0,
            56.27373934121235,
            68.9240757158617,
