{
    "vertices": [
        [
            82.29447020925498,
            17.248232751848423
        ],
        [
            31.21535331883971,
            97.36569601502433
        ],
        [
            78.09685803122248,
            64.62988159385583
        ],
        [
            11.329472502787063,
            46.2026905142593
        ],
        [
            69.68572238241248,
            31.60436674902918
        ],
        [
            81.78189454142888,
            21.468685760506755
        ],
        [
            63.59564344389845,
            24.741225427107626
        ],
        [
            21.15961774037176,
            63.82880245616758
        ],
        [
            53.14276175425613,
            91.6609805040006
        ],
        [
            34.29648452731349,
            72.67049096033034
        ],
        [
            62.182801219759256,
            19.218991715340273
        ],
        [
            26.508584401471825,
            60.86184911120147
        ],
        [
            22.54596767548226,
            64.78650309686789
        ],
        [
            52.957242906376266,
            18.096101657462615
        ],
        [
            89.67242069486775,
            96.22082000656668
        ],
        [
            63.17611898713223,
            19.04095185019089
        ],
        [
            76.0146456257264,
            16.204032318864193
        ],
        [
            72.52372980943274,
            51.489800698711484
        ],
        [
            31.672159451513192,
            12.650522657699826
        ],
        [
            82.29447020925498,
            17.248232751848423
        ]
    ],
    "distances": [
        [
            0.0,
            95.01517827184796,
            47.56722185480742,
            76.64457921989157,
            19.10704333762591,
            4.251465325454335,
            20.14425629384966,
            76.85843909663436,
            79.91920378651605,
            73.31734674994385,
            20.20799644782301,
            70.81110497160633,
            76.3529351264534,
            29.349476784124786,
            79.31647805514466,
            19.202218497298805,
            6.366046759499521,
            35.60831845819679,
            50.83067267470711,
            0.0
        ],
        [
            95.01517827184796,
            0.0,
            57.17962075700005,
            54.891724218697696,
            76.18741183895229,
            91.19940381817283,
            79.51601673095902,
            35.01201290417552,
            22.657339202900364,
            24.886673586825832,
            84.05884975657484,
            36.80603907539139,
            33.71293607254798,
            82.19719187690666,
            58.468277444099755,
            84.59465757711958,
            92.7048663508366,
            61.73313323784784,
            84.7164049567992,
            95.01517827184796
        ],
        [
            47.56722185480742,
            57.17962075700005,
            0.0,
            69.26359174477375,
            34.07978629141544,
            43.31822156836847,
            42.44278637526852,
            56.94287540792891,
            36.788411616841195,
            44.53228175229932,
            48.118667102873346,
            51.72570004251625,
            55.55111114649893,
            52.89038592971381,
            33.6449259291155,
            47.96852060252282,
            48.470594039126546,
            14.273103520518818,
            69.69294364303033,
            47.56722185480742
        ],
        [
            76.64457921989157,
            54.891724218697696,
            69.26359174477375,
            0.0,
            60.154492407199015,
            74.66803038964908,
            56.5008593610089,
            20.181961688118694,
            61.76412621270079,
            35.04323189701229,
            57.56892427748857,
            21.10204655485095,
            21.706401223247852,
            50.22799623655064,
            92.9485385002705,
            58.530631287624175,
            71.30281281596667,
            61.42223263130782,
            39.237391352746876,
            76.64457921989157
        ],
        [
            19.10704333762591,
            76.18741183895229,
            34.07978629141544,
            60.154492407199015,
            0.0,
            15.781299376212926,
            9.175607352213763,
            58.25115525355512,
            62.29338971398614,
            54.21092799152941,
            14.480723072350845,
            52.156164720941774,
            57.64729522220543,
            21.501517420038073,
            67.63692882602396,
            14.149711314517907,
            16.650092191356908,
            20.086930316078654,
            42.476807466426436,
            19.10704333762591
        ],
        [
            4.251465325454335,
            91.19940381817283,
            43.31822156836847,
            74.66803038964908,
            15.781299376212926,
            0.0,
            18.47834529528829,
            73.9556619266841,
            75.81001364040786,
            69.83186249792662,
            19.727787061106792,
            67.87459121499295,
            73.38479631677208,
            29.021282973263734,
            75.16742630500973,
            18.763495834096606,
            7.808824233920899,
            31.41625306012282,
            50.879716501659416,
            4.251465325454335
        ],
        [
            20.14425629384966,
            79.51601673095902,
            42.44278637526852,
            56.5008593610089,
            9.175607352213763,
            18.47834529528829,
            0.0,
            57.694496752403296,
            67.73120665667344,
            56.175218804856215,
            5.7001042374407875,
            51.77015939461999,
            57.34718950689995,
            12.543254598016158,
            76.08765177767351,
            5.715690651314162,
            15.070344434009678,
            28.19923767074381,
            34.13640173876332,
            20.14425629384966
        ],
        [
            76.85843909663436,
            35.01201290417552,
            56.94287540792891,
            20.181961688118694,
            58.25115525355512,
            73.9556619266841,
            57.694496752403296,
            0.0,
            42.397542804968616,
            15.83517365179481,
            60.6047588652568,
            6.11671942243271,
            1.6849797208805413,
            55.700708151167994,
            75.78421319553934,
            61.411219975850585,
            72.64428962371386,
            52.82540083154657,
            52.246816710290986,
            76.85843909663436
        ],
        [
            79.91920378651605,
            22.657339202900364,
            36.788411616841195,
            61.76412621270079,
            62.29338971398614,
            75.81001364040786,
            67.73120665667344,
            42.397542804968616,
            0.0,
            26.754828693584013,
            73.00386327581741,
            40.718127385852036,
            40.72347411267092,
            73.56511277058394,
            36.813151435411896,
            73.30986849696738,
            78.8471565831285,
            44.602080777746735,
            81.87575472827486,
            79.91920378651605
        ],
        [
            73.31734674994385,
            24.886673586825832,
            44.53228175229932,
            35.04323189701229,
            54.21092799152941,
            69.83186249792662,
            56.175218804856215,
            15.83517365179481,
            26.754828693584013,
            0.0,
            60.28855140247237,
            14.145508498851578,
            14.15033253730784,
            57.67657991821919,
            60.175678680169845,
            60.9110889058694,
            70.2058823528452,
            43.70290518738936,
            60.07731416393584,
            73.31734674994385
        ],
        [
