{
    "vertices": [
        [
            25.10763727317612,
            99.89787179050745
        ],
        [
            89.27806942137877,
            57.26346723505645
        ],
        [
            91.61606121915217,
            91.28806692214565
        ],
        [
            33.6676506289657,
            3.3173567301872264
        ],
        [
            6.885978379737301,
            92.06123048067452
        ],
        [
            96.68798719079669,
            88.82127258679708
        ],
        [
            21.394148631661647,
            80.44712466978835
        ],
        [
            79.2431448609638,
            38.65126603815994
        ],
        [
            88.88929235838418,
            35.19591066498086
        ],
        [
            42.068982054856306,
            72.95306842712984
        ],
        [
            71.03809409560856,
            12.245076606457083
        ],
        [
            2.8028747807447574,
            17.596856606785792
        ],
        [
            39.382507976953995,
            38.52699245702668
        ],
        [
            68.96121203982747,
            85.51040684671729
        ],
        [
            60.31961734263626,
            26.272516829354853
        ],
        [
            23.536534458530046,
            45.84033654693588
        ],
        [
            86.56826801313807,
            58.29215602196122
        ],
        [
            44.778096518781396,
            32.43240763000863
        ],
        [
            17.013804515771024,
            17.62476497071389
        ],
        [
            77.91236455851828,
            52.155586519704485
        ],
        [
            25.10763727317612,
            99.89787179050745
        ]
    ],
    "distances": [
        [
            0.0,
            77.04243515027898,
            67.0633968394753,
            96.95911364058583,
            19.83536739886151,
            72.43229627899863,
            19.802059525332695,
            81.74227729865926,
            90.85396688586361,
            31.838807218457717,
            98.95766452122047,
            85.26992160260824,
            63.00917999604687,
            46.15338738730962,
            81.61235466256181,
            54.08036132150165,
            74.21889729420002,
            70.274574501199,
            82.67027418900946,
            71.18753420759907,
            0.0
        ],
        [
            77.04243515027898,
            0.0,
            34.104832348409595,
            77.4771031781076,
            89.43903506362435,
            32.416075641074826,
            71.73359515481981,
            21.145064301793358,
            22.07098096094048,
            49.747980014732875,
            48.57316331755499,
            95.13884215645245,
            53.29749092557842,
            34.794601467571226,
            42.41498501526887,
            66.72658641043571,
            2.8984865520486585,
            50.95909250998627,
            82.42178534555683,
            12.46072599939166,
            77.04243515027898
        ],
        [
            67.0633968394753,
            34.104832348409595,
            0.0,
            105.34165435195315,
            84.73361033180602,
            5.639991786762634,
            71.05380381347719,
            54.07145149251205,
            56.15839440367081,
            52.83072234529103,
            81.67770227536815,
            115.40440443538502,
            74.24335029495491,
            23.379981764003748,
            72.15600566262034,
            81.85547116844438,
            33.379789579678175,
            75.21823959642563,
            104.8416842654914,
            41.46254122233839,
            67.0633968394753
        ],
        [
            96.95911364058583,
            77.4771031781076,
            105.34165435195315,
            0.0,
            92.69699615795282,
            106.21903053210696,
            78.10019176477448,
            57.66810922403241,
            63.762621623219026,
            70.14067802115522,
            38.42205391546232,
            34.007918267466785,
            35.67040849954742,
            89.4501702878239,
            35.17480213000524,
            43.71319397338149,
            76.29353758214016,
            31.162929848936116,
            21.955694498764093,
            65.89967677979638,
            96.95911364058583
        ],
        [
            19.83536739886151,
            89.43903506362435,
            84.73361033180602,
            92.69699615795282,
            0.0,
            89.86043686548429,
            18.584252953650907,
            89.9343307249384,
            99.7908217283617,
            40.03705289688494,
            102.40172054265149,
            74.57623422666492,
            62.62538683820934,
            62.41993210696407,
            84.75440175420253,
            49.128525866007216,
            86.5425772150292,
            70.6499053900242,
            75.12230201383134,
            81.46906132733477,
            19.83536739886151
        ],
        [
            72.43229627899863,
            32.416075641074826,
            5.639991786762634,
            106.21903053210696,
            89.86043686548429,
            0.0,
            75.75809183384328,
            53.116401242959064,
            54.189473907160924,
            56.87737357941876,
            80.75785290988128,
            117.84452369092836,
            76.24586914515417,
            27.923751399502862,
            72.35333559841416,
            84.84395028346854,
            32.162644083843716,
            76.64424858197452,
            106.84997932456679,
            41.19340408366749,
            72.43229627899863
        ],
        [
            19.802059525332695,
            71.73359515481981,
            71.05380381347719,
            78.10019176477448,
            18.584252953650907,
            75.75809183384328,
            0.0,
            71.36806122834557,
            81.26048729610116,
            21.991125847599893,
            84.35662796283574,
            65.54228908873313,
            45.61664780177063,
            47.835785220686766,
            66.70892180985855,
            34.67303853444589,
            68.83682497716715,
            53.40619880873048,
            62.97488620659439,
            63.2037962661456,
            19.802059525332695
        ],
        [
            81.74227729865926,
            21.145064301793358,
            54.07145149251205,
            57.66810922403241,
            89.9343307249384,
            53.116401242959064,
            71.36806122834557,
            0.0,
            10.246347754051056,
            50.581933805133694,
            27.651576779001815,
            79.28684031061375,
            39.86083060752561,
            47.97392228966238,
            22.612680639663047,
            56.168578202663205,
            20.96239462824572,
            35.02161842533272,
            65.68564947488261,
            13.569732785933573,
            81.74227729865926
        ],
        [
            90.85396688586361,
            22.07098096094048,
            56.15839440367081,
            63.762621623219026,
            99.7908217283617,
            54.189473907160924,
            81.26048729610116,
            10.246347754051056,
            0.0,
            60.14768839443828,
            29.075867371392693,
            87.86693345676164,
            49.61872434570159,
            54.11725151192378,
            29.930808342761797,
            66.21394692565443,
            23.21257641023637,
            44.197675814731376,
            73.9921003460693,
            20.20206793921762,
            90.85396688586361
        ],
        [
            31.838807218457717,
            49.747980014732875,
            52.83072234529103,
            70.14067802115522,
            40.03705289688494,
            56.87737357941876,
            21.991125847599893,
            50.581933805133694,
