{
    "vertices": [
        [
            55.93772440048803,
            47.05326809409938
        ],
        [
            18.61034120196755,
            30.78301904973131
        ],
        [
            90.8271450725278,
            37.06294399228681
        ],
        [
            98.01278181084804,
            80.92575302370125
        ],
        [
            43.41744373063672,
            71.68276005884759
        ],
        [
            63.28529977948762,
            12.72893520722076
        ],
        [
            73.83312691468178,
            18.064494887400773
        ],
        [
            59.9165379679,
            16.78508953491781
        ],
        [
            93.73380972256602,
            36.94312702341923
        ],
        [
            19.620189498014096,
            6.418905780858653
        ],
        [
            30.861992109205072,
            79.72678550964055
        ],
        [
            52.29436116831647,
            26.191834040277552
        ],
        [
            76.11932168320936,
            30.359593371449677
        ],
        [
            36.693986104360135,
            46.739762306349554
        ],
        [
            73.69049140251505,
            4.580850212071663
        ],
        [
            27.861619221459023,
            32.013040059675
        ],
        [
            56.034983644001024,
            86.19852039897182
        ],
        [
            66.85206155042488,
            0.018810140441849477
        ],
        [
            86.82193975534362,
            90.504855781598
        ],
        [
            55.93772440048803,
            47.05326809409938
        ]
    ],
    "distances": [
        [
            0.0,
            40.71921586198523,
            36.29157271998298,
            54.01532830031857,
            27.629138649140856,
            35.1019471266102,
            34.06749775334871,
            30.52857007287961,
            39.1249155672297,
            54.498759086754724,
            41.18678295579497,
            21.17719354455393,
            26.191136757070677,
            19.24629183735953,
            46.033325069712774,
            31.85084208229642,
            39.14537312853934,
            48.28418985979644,
            53.309241512607166,
            0.0
        ],
        [
            40.71921586198523,
            0.0,
            72.48933865447454,
            93.90975106468504,
            47.83493650545271,
            48.1850793015383,
            56.668482587238394,
            43.61357497348291,
            75.37560913725899,
            24.38503247813061,
            50.45389207221729,
            33.995472946914944,
            57.510539254095676,
            24.11712811081496,
            60.99488993278121,
            9.332689680838476,
            66.86913826049899,
            57.216257584651295,
            90.6615682626033,
            40.71921586198523
        ],
        [
            36.29157271998298,
            72.48933865447454,
            0.0,
            44.44749027179633,
            58.70444144875078,
            36.75183295697551,
            25.489953345193577,
            36.96832445446922,
            2.909133117237924,
            77.52088492847741,
            73.59363384785784,
            40.03693878154675,
            16.163383878299122,
            54.99126942121168,
            36.72534976487839,
            63.16770516197512,
            60.2063066936168,
            44.12564427546885,
            53.59178673387665,
            36.29157271998298
        ],
        [
            54.01532830031857,
            93.90975106468504,
            44.44749027179633,
            0.0,
            55.37223003492731,
            76.5297587121029,
            67.35126936722351,
            74.60126344588753,
            44.19028164668087,
            108.15113876235641,
            67.16149254337675,
            71.31602816570371,
            55.10226944815884,
            70.20453452748515,
            80.12563881819884,
            85.51981701421089,
            42.30765432791402,
            86.70019546611961,
            14.73072148801923,
            54.01532830031857
        ],
        [
            27.629138649140856,
            47.83493650545271,
            58.70444144875078,
            55.37223003492731,
            0.0,
            62.211616026383325,
            61.64440074773855,
            57.32341877107508,
            61.14391866792646,
            69.46711440840659,
            14.911261209941815,
            46.348937563038,
            52.69740910803329,
            25.83327349240624,
            73.6146977201473,
            42.61068364827168,
            19.233034386629292,
            75.39829593742354,
            47.309846359454355,
            27.629138649140856
        ],
        [
            35.1019471266102,
            48.1850793015383,
            36.75183295697551,
            76.5297587121029,
            62.211616026383325,
            0.0,
            11.820526823060845,
            5.2726600566798005,
            38.90294131637603,
            44.11868455943356,
            74.43106089145347,
            17.37959655871375,
            21.807159960185125,
            43.17214753676097,
            13.215873100181236,
            40.332540760999706,
            73.82646566315135,
            13.201101042859307,
            81.25925942651028,
            35.1019471266102
        ],
        [
            34.06749775334871,
            56.668482587238394,
            25.489953345193577,
            67.35126936722351,
            61.64440074773855,
            11.820526823060845,
            0.0,
            13.97527552392621,
            27.43063848230894,
            55.449637771422275,
            75.15820987258819,
            23.021122291988366,
            12.505843964007568,
            46.92106927252537,
            13.484399082638504,
            48.041039039669144,
            70.4203048580102,
            19.34895376000091,
            73.5956190645291,
            34.06749775334871
        ],
        [
            30.52857007287961,
            43.61357497348291,
            36.96832445446922,
            74.60126344588753,
            57.32341877107508,
            5.2726600566798005,
            13.97527552392621,
            0.0,
            39.36945953803228,
            41.60833408861013,
            69.3240486932885,
            12.10720534860234,
            21.137581567745936,
            37.9021019984163,
            18.402859850258274,
            35.488142992066884,
            69.5218731644091,
            18.144134371674717,
            78.47614020075747,
            30.52857007287961
        ],
        [
            39.1249155672297,
            75.37560913725899,
            2.909133117237924,
            44.19028164668087,
            61.14391866792646,
            38.90294131637603,
            27.43063848230894,
            39.36945953803228,
            0.0,
            80.15333296410012,
            76.04805640825636,
            42.811426013269475,
            18.804603272477042,
            57.87499927656841,
            38.066409992185704,
            66.05642466016619,
            62.02656901910924,
            45.67311640412708,
            54.005858330448795,
            39.1249155672297
        ],
        [
            54.498759086754724,
            24.38503247813061,
            77.52088492847741,
            108.15113876235641,
            69.46711440840659,
            44.11868455943356,
            55.449637771422275,
            41.60833408861013,
            80.15333296410012,
            0.0,
            74.16483908348035,
            38.191231798575394,
            61.362109318295495,
            43.786824519529794,
            54.101534140150115,
            26.888303653606776,
            87.6973439809283,
            47.663518143143655,
            107.6407089589033,
            54.498759086754724
        ],
        [
