{
    "vertices": [
        [
            85.0478059645022,
            37.47834029723629
        ],
        [
            51.549021054514846,
            40.95084299715492
        ],
        [
            68.32262287080464,
            64.26874892953555
        ],
        [
            72.56320686735333,
            63.322957002565225
        ],
        [
            41.68262871485546,
            22.275423593191
        ],
        [
            16.08673875984037,
            16.897258146461237
        ],
        [
            92.98882067602187,
            54.0108691801473
        ],
        [
            78.26149590000324,
            78.3457387124813
        ],
        [
            86.83207774837123,
            61.489736166937256
        ],
        [
            89.49291233988662,
            12.923914214743892
        ],
        [
            64.35489352762552,
            70.86098140278193
        ],
        [
            60.18799277007902,
            77.86663666612506
        ],
        [
            26.36630422444821,
            96.41469749337756
        ],
        [
            16.202096120342546,
            51.309077815147695
        ],
        [
            55.27210920976928,
            81.11829308154557
        ],
        [
            83.07984688177199,
            67.91566364072845
        ],
        [
            60.34161505900981,
            30.689535005589697
        ],
        [
            66.42801433159944,
            88.91990861495093
        ],
        [
            74.99805359902435,
            10.055074351553506
        ],
        [
            85.0478059645022,
            37.47834029723629
        ]
    ],
    "distances": [
        [
            0.0,
            33.67828477589883,
            31.582554428090226,
            28.7020805389069,
            45.95288102179686,
            71.96672656514839,
            18.340780406320196,
            41.42702327614055,
            24.077598663699916,
            24.953533035004604,
            39.27591313135713,
            47.425992827170326,
            83.16858088256113,
            70.22122944121375,
            52.83027158974821,
            30.500877286851825,
            25.62193877025163,
            54.70769225107945,
            29.206729322796015,
            0.0
        ],
        [
            33.67828477589883,
            0.0,
            28.7241789258247,
            30.693769570510202,
            21.121481664742216,
            42.85030232935007,
            43.449065312974234,
            45.9557889490648,
            40.82572990531358,
            47.1725303842231,
            32.53623747825396,
            37.913159384470895,
            60.91312159560925,
            36.83338337495877,
            40.33962607280601,
            41.48848671244729,
            13.513110338691131,
            50.2236567484283,
            38.78666842455012,
            33.67828477589883
        ],
        [
            31.582554428090226,
            28.7241789258247,
            0.0,
            4.344775598452367,
            49.730560638636305,
            70.51698893078876,
            26.714142530109648,
            17.232029434738404,
            18.716912987973153,
            55.53803388754411,
            7.694179951239034,
            15.845338676485357,
            52.85541300021949,
            53.70756356546751,
            21.31250911899877,
            15.201172567291856,
            34.5146359308924,
            24.723859232584985,
            54.623107625386865,
            31.582554428090226
        ],
        [
            28.7020805389069,
            30.693769570510202,
            4.344775598452367,
            0.0,
            51.36642975744199,
            73.10907579894977,
            22.448177633680984,
            16.06718606985702,
            14.386152190608202,
            53.16651616680718,
            11.144425500734254,
            19.09619182218331,
            56.82620084529074,
            57.62732075818447,
            24.812417140777885,
            11.475742740977605,
            34.84691575394379,
            26.32193988477265,
            53.32350139224434,
            28.7020805389069
        ],
        [
            45.95288102179686,
            21.121481664742216,
            49.730560638636305,
            51.36642975744199,
            0.0,
            26.154813059198887,
            60.327968970940184,
            66.94694736972849,
            59.80163090302398,
            48.71625958508213,
            53.615184597364525,
            58.59037011093815,
            75.70483293913496,
            38.62914209221037,
            60.39169868239486,
            61.61786415931767,
            20.468391296132594,
            71.09023486483177,
            35.48597569181788,
            45.95288102179686
        ],
        [
            71.96672656514839,
            42.85030232935007,
            70.51698893078876,
            73.10907579894977,
            26.154813059198887,
            0.0,
            85.38940406750028,
            87.41633822867885,
            83.62650348190328,
            73.51362990400892,
            72.40095436091728,
            75.24749645237132,
            80.17912837161349,
            34.412013022065686,
            75.23187213828646,
            84.20780388428554,
            46.35429836825965,
            87.87210141278075,
            59.30732244137106,
            71.96672656514839
        ],
        [
            18.340780406320196,
            43.449065312974234,
            26.714142530109648,
            22.448177633680984,
            60.327968970940184,
            85.38940406750028,
            0.0,
            28.44433107341514,
            9.687049854484739,
            41.23541249246511,
            33.2239080460901,
            40.55850038722232,
            78.97242780843267,
            76.83424200556516,
            46.44741924368508,
            17.07428097010645,
            40.12137413251013,
            43.86476339759039,
            47.495048152751785,
            18.340780406320196
        ],
        [
            41.42702327614055,
            45.9557889490648,
            17.232029434738404,
            16.06718606985702,
            66.94694736972849,
            87.41633822867885,
            28.44433107341514,
            0.0,
            18.90977776270685,
            66.37891107768218,
            15.792883888907681,
            18.0798521608503,
            54.950870698000074,
            67.69305823708335,
            23.155970247919296,
            11.48925464013711,
            50.914004763995464,
            15.869604757398553,
            68.36859582080587,
            41.42702327614055
        ],
        [
            24.077598663699916,
            40.82572990531358,
            18.716912987973153,
            14.386152190608202,
            59.80163090302398,
            83.62650348190328,
            9.687049854484739,
            18.90977776270685,
            0.0,
            48.638658519901135,
            24.35249571940588,
            31.274752345794116,
            69.82737780770304,
            71.35993350089063,
            37.16600409927819,
            7.441221699068284,
            40.6250785239355,
            34.18684197821456,
            52.77848580274182,
            24.077598663699916
        ],
        [
            24.953533035004604,
            47.1725303842231,
            55.53803388754411,
            53.16651616680718,
            48.71625958508213,
            73.51362990400892,
            41.23541249246511,
            66.37891107768218,
            48.638658519901135,
            0.0,
            63.155551966211384,
            71.24840707264984,
            104.66938207823675,
            82.73430078725963,
            76.29899524829365,
            55.36442823239789,
            34.13818119411442,
            79.41901966789183,
            14.77603370590977,
            24.953533035004604
        ],
        [
