{
    "vertices": [
        [
            32.817234958939636,
            95.8080837497252
        ],
        [
            72.59659754895516,
            49.95388575670129
        ],
        [
            20.528497589033755,
            54.630601677440374
        ],
        [
            60.50837051933219,
            67.78943756879603
        ],
        [
            15.820515661870028,
            49.60854116223729
        ],
        [
            18.360578770821835,
            57.66320740248272
        ],
        [
            45.040304220355246,
            1.416797864595909
        ],
        [
            64.36126408736715,
            66.05402224511168
        ],
        [
            57.67838150926856,
            72.11930409479265
        ],
        [
            32.817234958939636,
            95.8080837497252
        ]
    ],
    "distances": [
        [
            0.0,
            60.70424335786885,
            42.97206180717723,
            39.39344517094352,
            49.226884952802855,
            40.79248092097199,
            95.17940046678993,
            43.362771471337105,
            34.339989652544716,
            0.0
        ],
        [
            60.70424335786885,
            0.0,
            52.27770753619234,
            21.546046996180607,
            56.7771321690161,
            54.78119543365356,
            55.8139606465784,
            18.084112147655876,
            26.718138780786347,
            60.70424335786885
        ],
        [
            42.97206180717723,
            52.27770753619234,
            0.0,
            42.0897279812835,
            6.883762462844151,
            3.7278102803008863,
            58.5878620583069,
            45.29686475202576,
            41.06054782305789,
            42.97206180717723
        ],
        [
            39.39344517094352,
            21.546046996180607,
            42.0897279812835,
            0.0,
            48.24468225522504,
            43.34716699689787,
            68.15121698350741,
            4.225689907255808,
            5.172676476450752,
            39.39344517094352
        ],
        [
            49.226884952802855,
            56.7771321690161,
            6.883762462844151,
            48.24468225522504,
            0.0,
            8.445683444174747,
            56.35814196252699,
            51.25093273058141,
            47.5269963400226,
            49.226884952802855
        ],
        [
            40.79248092097199,
            54.78119543365356,
            3.7278102803008863,
            43.34716699689787,
            8.445683444174747,
            0.0,
            62.25324357787444,
            46.75969229277616,
            41.89114875193593,
            40.79248092097199
        ],
        [
            95.17940046678993,
            55.8139606465784,
            58.5878620583069,
            68.15121698350741,
            56.35814196252699,
            62.25324357787444,
            0.0,
            67.46310299563626,
            71.8231535425141,
            95.17940046678993
        ],
        [
            43.362771471337105,
            18.084112147655876,
            45.29686475202576,
            4.225689907255808,
            51.25093273058141,
            46.75969229277616,
            67.46310299563626,
            0.0,
            9.024885787018196,
            43.362771471337105
        ],
        [
            34.339989652544716,
            26.718138780786347,
            41.06054782305789,
            5.172676476450752,
            47.5269963400226,
            41.89114875193593,
            71.8231535425141,
            9.024885787018196,
            0.0,
            34.339989652544716
        ],
        [
            0.0,
            60.70424335786885,
            42.97206180717723,
            39.39344517094352,
            49.226884952802855,
            40.79248092097199,
            95.17940046678993,
            43.362771471337105,
            34.339989652544716,
            0.0
        ]
    ],
    "scores_ave": [
        0,
        19.23576953145498,
        14.224030225948347,
        18.73590420874022,
        18.419285548903847,
        17.196848775148734,
        17.40698553959278,
        13.218013603195903,
        12.499702670478715,
        0
    ],
    "scores_var": [
        0,
        323.4771404241935,
        396.54224074192723,
        23.997364679618293,
        362.44293694733653,
        18.8336209155428,
        23.39630588975749,
        277.07957804802084,
        375.6641102521043,
        0
    ],
    "vertex_number": 10,
    "minimum_distances": {
        "cost": 225.39862445712956,
        "path": [
            0,
            8,
            3,
            7,
            1,
            6,
            4,
            2,
            5,
            9
        ]
    }
}