{
    "vertices": [
        [
            50.26673830271988,
            47.89275163097398
        ],
        [
            99.82084209547446,
            96.07726906616038
        ],
        [
            37.28785868820448,
            1.1461428758854142
        ],
        [
            59.96411609537496,
            5.198732043902787
        ],
        [
            27.290121434700055,
            57.18812088189728
        ],
        [
            25.979887701440063,
            41.34170383988286
        ],
        [
            98.09905401617813,
            11.644759707141173
        ],
        [
            55.19847998821431,
            97.37198057802121
        ],
        [
            35.384906030091955,
            60.31203780992808
        ],
        [
            4.336606082141015,
            95.9611100476517
        ],
        [
            68.57373853551185,
            54.272245231162685
        ],
        [
            33.64032205680858,
            15.279839109626625
        ],
        [
            10.442556565152717,
            53.70377853910122
        ],
        [
            8.139946128216657,
            82.09353417397267
        ],
        [
            96.32989323410128,
            74.36178614077308
        ],
        [
            6.942516469048988,
            85.0423607132378
        ],
        [
            3.276458246809577,
            28.300267985209526
        ],
        [
            50.26673830271988,
            47.89275163097398
        ]
    ],
    "distances": [
        [
            0.0,
            69.11842679897218,
            48.51491261611636,
            43.781485179864546,
            24.785657389118878,
            25.154867109369622,
            60.015392567425515,
            49.72440219094403,
            19.38317829937573,
            66.4841644805291,
            19.386701527549597,
            36.606553789005574,
            40.245912647047234,
            54.26195854802211,
            53.12649085073643,
            57.07084765848623,
            50.911215219658914,
            0.0
        ],
        [
            69.11842679897218,
            0.0,
            113.67626284131535,
            99.23440481381874,
            82.29867122905972,
            91.9155517116769,
            84.4500632969027,
            44.641141091266825,
            73.69627957660983,
            95.48430666851775,
            52.19235095999943,
            104.44178244442804,
            98.9140567552787,
            92.74120727537537,
            21.994292956026353,
            93.53155923818294,
            117.95990813935707,
            69.11842679897218
        ],
        [
            48.51491261611636,
            113.67626284131535,
            0.0,
            23.03554056151029,
            56.92677796095988,
            41.75587777843906,
            61.71079672623333,
            97.87850732837187,
            59.196489356761624,
            100.37760232288737,
            61.65378357638362,
            14.596776791642924,
            59.016737563044444,
            86.03534718108801,
            94.05579334634396,
            89.21555448356607,
            43.52151043378141,
            48.51491261611636
        ],
        [
            43.781485179864546,
            99.23440481381874,
            23.03554056151029,
            0.0,
            61.40428713725124,
            49.61090797169653,
            38.675893821070844,
            92.29636522007915,
            60.345787258869244,
            106.45294327151245,
            49.823039801901686,
            28.188133181455104,
            69.31900456445337,
            92.72839472032022,
            78.1408842982348,
            95.84516193330295,
            61.21414473145487,
            43.781485179864546
        ],
        [
            24.785657389118878,
            82.29867122905972,
            56.92677796095988,
            61.40428713725124,
            0.0,
            15.900491989407666,
            84.190870528951,
            48.92462628604623,
            8.676658032850632,
            45.05783567691499,
            41.38646362927119,
            42.38666215975327,
            17.204100778459974,
            31.416696604164674,
            71.14369169882397,
            34.494690959914756,
            37.565463722442146,
            24.785657389118878
        ],
        [
            25.154867109369622,
            91.9155517116769,
            41.75587777843906,
            49.61090797169653,
            15.900491989407666,
            0.0,
            77.99411927034006,
            63.19112316277588,
            21.173755942140485,
            58.7512652948134,
            44.513312947328004,
            27.16437092463369,
            19.855214672919026,
            44.48567399640549,
            77.71389266793311,
            47.667272993140436,
            26.18252772657641,
            25.154867109369622
        ],
        [
            60.015392567425515,
            84.4500632969027,
            61.71079672623333,
            38.675893821070844,
            84.190870528951,
            77.99411927034006,
            0.0,
            95.8624830169418,
            79.3824181765378,
            126.09775405345937,
            51.85409122078541,
            64.5611487511818,
            97.22459879314901,
            114.26141481653542,
            62.7419742640421,
            117.03299607816302,
            96.27424694300066,
            60.015392567425515
        ],
        [
            49.72440219094403,
            44.641141091266825,
            97.87850732837187,
            92.29636522007915,
            48.92462628604623,
            63.19112316277588,
            95.8624830169418,
            0.0,
            42.024005889114406,
            50.881438392509736,
            45.127427670722625,
            84.87563763685279,
            62.530029192084086,
            49.47662613370003,
            47.130268444428474,
            49.80619982665889,
            86.41063489072907,
            49.72440219094403
        ],
        [
            19.38317829937573,
            73.69627957660983,
            59.196489356761624,
            60.345787258869244,
            8.676658032850632,
            21.173755942140485,
            79.3824181765378,
            42.024005889114406,
            0.0,
            47.27423485439365,
            33.73392502314733,
            45.065979330568965,
            25.802904631487202,
            34.88153413930759,
            62.54348002355595,
            37.69029576487947,
            45.339892218250064,
            19.38317829937573
        ],
        [
            66.4841644805291,
            95.48430666851775,
            100.37760232288737,
            106.45294327151245,
            45.05783567691499,
            58.7512652948134,
            126.09775405345937,
            50.881438392509736,
            47.27423485439365,
            0.0,
            76.57917886422787,
            85.83807575953108,
            42.696190667605514,
            14.379675104755579,
            94.49495052253997,
            11.225411171639054,
            67.66914704672655,
            66.4841644805291
        ],
        [
            19.386701527549597,
            52.19235095999943,
            61.65378357638362,
            49.823039801901686,
            41.38646362927119,
            44.513312947328004,
            51.85409122078541,
            45.127427670722625,
            33.73392502314733,
            76.57917886422787,
            0.0,
            52.35218545601836,
            58.13396143091395,
            66.5301990314727,
            34.263592596383376,
            68.88546682854009,
            70.27288534823126,
            19.386701527549597
        ],
        [
            36.606553789005574,
            104.44178244442804,
            14.596776791642924,
            28.188133181455104,
            42.38666215975327,
            27.16437092463369,
            64.5611487511818,
