{
    "vertices": [
        [
            47.44900689656654,
            27.679115699433677
        ],
        [
            70.43243361944658,
            86.57503107875596
        ],
        [
            91.33115927307097,
            12.786263700192158
        ],
        [
            24.51412010742029,
            55.1916673778709
        ],
        [
            42.5913827821233,
            17.631339119107103
        ],
        [
            80.51855658752686,
            21.64078751857709
        ],
        [
            40.573894384550954,
            97.43120305289888
        ],
        [
            47.80121975951683,
            21.191551824357504
        ],
        [
            73.18975864444047,
            16.60255763125471
        ],
        [
            58.33008637169521,
            91.8046583532821
        ],
        [
            55.64222852251227,
            63.254679644508
        ],
        [
            16.39691328886913,
            74.38336559565506
        ],
        [
            95.63862175655913,
            87.09516796612465
        ],
        [
            29.902327593529286,
            67.22044708429526
        ],
        [
            54.177676026727205,
            2.4041254540377532
        ],
        [
            75.49868099612536,
            34.57007284339898
        ],
        [
            52.98830405334829,
            4.541934627245626
        ],
        [
            38.5381094984804,
            1.8654657869319524
        ],
        [
            47.44900689656654,
            27.679115699433677
        ]
    ],
    "distances": [
        [
            0.0,
            63.221568726932794,
            46.340482710758046,
            35.818284882021274,
            11.160390953966605,
            33.6163133609654,
            70.09009104158956,
            6.497117740507788,
            28.022784286780208,
            65.04216410294632,
            36.50684361351905,
            56.08493091544196,
            76.50167480070337,
            43.259713848465005,
            26.155307686357585,
            28.883723919388018,
            23.79102690003833,
            27.30839823652091,
            0.0
        ],
        [
            63.221568726932794,
            0.0,
            76.69119196617861,
            55.6184055234485,
            74.35292040500742,
            65.71290484569882,
            31.77088030215669,
            69.18938647064468,
            70.02677974642789,
            13.183922418446755,
            27.615013268622782,
            55.39380980441843,
            25.211554152513383,
            44.914245135265624,
            85.7260666196886,
            52.251148729410026,
            83.86731526489697,
            90.51496209502073,
            63.221568726932794
        ],
        [
            46.340482710758046,
            76.69119196617861,
            0.0,
            79.13744362772269,
            48.98000171705294,
            13.975513188637535,
            98.69683732008228,
            44.33401067469439,
            18.53846045756604,
            85.63280624966923,
            61.81230286962821,
            97.0017741236773,
            74.43364485399178,
            82.0766817202525,
            38.576807953725364,
            26.929569420575884,
            39.21917271263694,
            53.91075895927143,
            46.340482710758046
        ],
        [
            35.818284882021274,
            55.6184055234485,
            79.13744362772269,
            0.0,
            41.68411789538434,
            65.2852084685885,
            45.18954219589251,
            41.21039756977526,
            62.116319739848024,
            49.84005098865892,
            32.155424119635875,
            20.837714054512634,
            77.95208839167209,
            13.180452235756082,
            60.551227338001084,
            54.99705092237434,
            58.104858480993705,
            55.13942377789259,
            35.818284882021274
        ],
        [
            11.160390953966605,
            74.35292040500742,
            48.98000171705294,
            41.68411789538434,
            0.0,
            38.13851320297243,
            79.8253627820508,
            6.310112188990256,
            30.615665871598843,
            75.82471943169482,
            47.453279920740115,
            62.50554168414049,
            87.40270637056183,
            51.186831806259235,
            19.134007085595766,
            37.01095751163061,
            16.71611443702196,
            16.278568310453007,
            11.160390953966605
        ],
        [
            33.6163133609654,
            65.71290484569882,
            13.975513188637535,
            65.2852084685885,
            38.13851320297243,
            0.0,
            85.67241752965198,
            32.72042086872389,
            8.89353921046597,
            73.58870144952971,
            48.482447502852494,
            83.02628909891713,
            67.17806405731025,
            68.11393399077434,
            32.617344406061015,
            13.869591557209006,
            32.40810970721742,
            46.40497050302161,
            33.6163133609654
        ],
        [
            70.09009104158956,
            31.77088030215669,
            98.69683732008228,
            45.18954219589251,
            79.8253627820508,
            85.67241752965198,
            0.0,
            76.58145109310254,
            87.16114112445648,
            18.62633509687592,
            37.350896187073474,
            33.40253323262305,
            56.02640289960274,
            32.04016407526272,
            95.99587674451432,
            71.91149011861532,
            93.71517356371801,
            95.58741841524005,
            70.09009104158956
        ],
        [
            6.497117740507788,
            69.18938647064468,
            44.33401067469439,
            41.21039756977526,
            6.310112188990256,
            32.72042086872389,
            76.58145109310254,
            0.0,
            25.7999374885989,
            71.3937521482258,
            42.78771015648874,
            61.77053923338185,
            81.43527276547931,
            49.38653196591122,
            19.840024802097208,
            30.75929426385408,
            17.438910409818515,
            21.43135117611797,
            6.497117740507788
        ],
        [
            28.022784286780208,
            70.02677974642789,
            18.53846045756604,
            62.116319739848024,
            30.615665871598843,
            8.89353921046597,
            87.16114112445648,
            25.7999374885989,
            0.0,
            76.65615313240905,
            49.84311689410535,
            81.0188191261805,
            73.98080539471339,
            66.60309617178186,
            23.728774973727255,
            18.115262220700693,
            23.527800467548868,
            37.65526078203044,
            28.022784286780208
        ],
        [
            65.04216410294632,
            13.183922418446755,
            85.63280624966923,
            49.84005098865892,
            75.82471943169482,
            73.58870144952971,
            18.62633509687592,
            71.3937521482258,
            76.65615313240905,
            0.0,
            28.676224718202853,
            45.4080658709573,
            37.60460227512547,
            37.583519165556716,
            89.49691499902032,
            59.75414981293043,
            87.42606928384217,
            92.09115434197186,
            65.04216410294632
        ],
        [
            36.50684361351905,
            27.615013268622782,
            61.81230286962821,
            32.155424119635875,
            47.453279920740115,
            48.482447502852494,
            37.350896187073474,
            42.78771015648874,
            49.84311689410535,
            28.676224718202853,
            0.0,
            40.79267604346742,
            46.562649786558,
