{
    "vertices": [
        [
            78.1607040599573,
            78.33371137756596
        ],
        [
            40.27717476166088,
            27.139869686684438
        ],
        [
            17.723087152047867,
            65.95297131095974
        ],
        [
            96.61172891655696,
            60.09080623726446
        ],
        [
            32.672733949508626,
            31.08238029535072
        ],
        [
            36.443796498548465,
            35.29204121216911
        ],
        [
            35.072780623629285,
            72.73625980685851
        ],
        [
            68.88316717222578,
            89.66114603000726
        ],
        [
            30.555471254590692,
            44.71143790400836
        ],
        [
            10.822149846676943,
            42.27463168042526
        ],
        [
            78.05744310815011,
            22.74681503674516
        ],
        [
            97.51753314086915,
            21.48840808608662
        ],
        [
            32.562969504215886,
            23.83026339682107
        ],
        [
            48.45424668044448,
            54.0633430771566
        ],
        [
            70.17542849739512,
            88.27654999841876
        ],
        [
            84.11292646708782,
            84.59306723415881
        ],
        [
            14.29204275123741,
            0.17399034391362145
        ],
        [
            32.07642990377014,
            28.896449551706226
        ],
        [
            30.026946635011154,
            39.32682442678453
        ],
        [
            89.87819550371755,
            60.06002254861009
        ],
        [
            10.086314839101906,
            90.75021763741276
        ],
        [
            78.1607040599573,
            78.33371137756596
        ]
    ],
    "distances": [
        [
            0.0,
            63.686507355686594,
            61.69269212884204,
            25.946944063162764,
            65.58844192241642,
            59.94068524061051,
            43.4499782524834,
            14.641839587584165,
            58.28134747913647,
            76.38545746501518,
            55.586992252048724,
            60.050606477935816,
            71.06179872762594,
            38.36045343160489,
            12.752437635619893,
            8.637620466506377,
            100.9363556377301,
            67.58552493945155,
            61.954788623919946,
            21.707770708944327,
            69.19748619345451,
            0.0
        ],
        [
            63.686507355686594,
            0.0,
            44.89035225522764,
            65.2636668552363,
            8.565682107396528,
            9.008478755540573,
            45.89244502459077,
            68.75472927291209,
            20.08162166498137,
            33.11584988112952,
            38.034820960405334,
            57.5186721474273,
            8.394191834113345,
            28.137837951278737,
            68.05585394354809,
            72.2664724198501,
            37.44844101331868,
            8.386762727442656,
            15.924479347394984,
            59.53148514111241,
            70.4113938881791,
            63.686507355686594
        ],
        [
            61.69269212884204,
            44.89035225522764,
            0.0,
            79.1061488052623,
            37.940085096724566,
            35.92433148938307,
            18.628603446754337,
            56.38644638722936,
            24.816785110763746,
            24.66346900481763,
            74.20920730360554,
            91.34687183172534,
            44.66032501276752,
            32.95098519768127,
            57.00517764224579,
            68.95697165843993,
            65.86840215720547,
            39.739202974423726,
            29.331495974023873,
            72.39534865139383,
            25.94655500706338,
            61.69269212884204
        ],
        [
            25.946944063162764,
            65.2636668552363,
            79.1061488052623,
            0.0,
            70.21170737863967,
            65.0780979917816,
            62.824753505130325,
            40.53736710576372,
            67.82296179491159,
            87.62002027406156,
            41.69934292821063,
            38.61302402447703,
            73.60075101073072,
            48.533219628085114,
            38.64342287144896,
            27.506014917301012,
            101.81628335956093,
            71.67909533256984,
            69.74723056944123,
            6.733603779352619,
            91.79676894465622,
            25.946944063162764
        ],
        [
            65.58844192241642,
            8.565682107396528,
            37.940085096724566,
            70.21170737863967,
            0.0,
            5.651739359114068,
            41.72296612654914,
            68.8670259933782,
            13.792534669863983,
            24.55024473812071,
            46.14383462170161,
            65.55068485469853,
            7.252947521069605,
            27.87796252338821,
            68.3931659332672,
            74.22591880811405,
            35.9607894562439,
            2.265804874867705,
            8.658582421498867,
            64.12619263754833,
            63.79966411596318,
            65.58844192241642
        ],
        [
            59.94068524061051,
            9.008478755540573,
            35.92433148938307,
            65.0780979917816,
            5.651739359114068,
            0.0,
            37.469309984254636,
            63.31123382463263,
            11.108438603911111,
            26.556079281413904,
            43.46352820401667,
            62.61422837450787,
            12.100957352554587,
            22.284808441588382,
            62.8106771864926,
            68.57796379871891,
            41.52081033490182,
            7.744513132571215,
            7.57993652744673,
            58.895567715456345,
            61.402981782984384,
            59.94068524061051
        ],
        [
            43.4499782524834,
            45.89244502459077,
            18.628603446754337,
            62.824753505130325,
            41.72296612654914,
            37.469309984254636,
            0.0,
            37.80997239131557,
            28.386558907730844,
            38.93589450870723,
            65.92894506461016,
            80.78173941512746,
            48.970354672125126,
            22.972623990830446,
            38.38875495490184,
            50.45314446806825,
            75.47928203244972,
            43.94208780706893,
            33.7883236200915,
            56.25229320841956,
            30.803021753106368,
            43.4499782524834
        ],
        [
            14.641839587584165,
            68.75472927291209,
            56.38644638722936,
            40.53736710576372,
            68.8670259933782,
            63.31123382463263,
            37.80997239131557,
            0.0,
            59.07189293536472,
            74.94373539583428,
            67.54032152147573,
            73.94220116548247,
            75.18551633730826,
            41.0432012339377,
            1.893949709791427,
            16.050887541203608,
            104.82433829190144,
            71.04283388526369,
            63.58733997969497,
            36.2907388461721,
            58.80693769657821,
            14.641839587584165
        ],
        [
            58.28134747913647,
            20.08162166498137,
            24.816785110763746,
            67.82296179491159,
            13.792534669863983,
            11.108438603911111,
            28.386558907730844,
            59.07189293536472,
            0.0,
            19.88320895527984,
            52.33432895984674,
            70.87472642618008,
            20.97745213370434,
            20.194659990024693,
            58.88684066682635,
            66.77533501874889,
            47.41395724733249,
            15.88795681627962,
            5.41048986438402,
            61.276134529932996,
