{
    "vertices": [
        [
            15.290742545598935,
            22.359808668944027
        ],
        [
            70.34253370445514,
            75.19178239312058
        ],
        [
            17.525966525747783,
            95.58513329377021
        ],
        [
            77.51230543732699,
            67.54606582535395
        ],
        [
            93.52819994798071,
            54.20805554767188
        ],
        [
            45.06899277728418,
            39.10541541017051
        ],
        [
            34.87579193931661,
            13.650323135364061
        ],
        [
            17.62214372915296,
            91.72834750634439
        ],
        [
            72.05320756917324,
            71.11449054473432
        ],
        [
            81.59672293529306,
            66.10568434548222
        ],
        [
            33.12634942748086,
            3.6330764946223226
        ],
        [
            15.290742545598935,
            22.359808668944027
        ]
    ],
    "distances": [
        [
            0.0,
            76.30148856601947,
            73.25943210708509,
            76.89811912195562,
            84.47135946602198,
            34.16371660098872,
            21.43430190171819,
            69.40770570991812,
            74.82644212016238,
            79.43667084001972,
            25.861155634924934,
            0.0
        ],
        [
            76.30148856601947,
            0.0,
            56.6169456037672,
            10.481536554156042,
            31.271263349608464,
            44.05652906239363,
            71.02985977044531,
            55.25303163530335,
            4.421618921656021,
            14.464230120362641,
            80.65787476747374,
            76.30148856601947
        ],
        [
            73.25943210708509,
            56.6169456037672,
            0.0,
            66.21593585016556,
            86.53555366422663,
            62.83770227581397,
            83.75159435840834,
            3.8579847931976934,
            59.766482014242435,
            70.52729781571108,
            93.26603184586769,
            73.25943210708509
        ],
        [
            76.89811912195562,
            10.481536554156042,
            66.21593585016556,
            0.0,
            20.842538116648377,
            43.144398621327056,
            68.72134576222747,
            64.58803462507588,
            6.521917242035941,
            4.330954294984988,
            77.81377317736373,
            76.89811912195562
        ],
        [
            84.47135946602198,
            31.271263349608464,
            86.53555366422663,
            20.842538116648377,
            0.0,
            50.758097863644906,
            71.30942871488432,
            84.67290994975822,
            27.331352728683896,
            16.849739307027264,
            78.77951543718208,
            84.47135946602198
        ],
        [
            34.16371660098872,
            44.05652906239363,
            62.83770227581397,
            43.144398621327056,
            50.758097863644906,
            0.0,
            27.420121554107915,
            59.35067400686726,
            41.865603290827615,
            45.42344761326984,
            37.428779813401825,
            34.16371660098872
        ],
        [
            21.43430190171819,
            71.02985977044531,
            83.75159435840834,
            68.72134576222747,
            71.30942871488432,
            27.420121554107915,
            0.0,
            79.96165497434056,
            68.44187876561571,
            70.24535794495435,
            10.168863228683422,
            21.43430190171819
        ],
        [
            69.40770570991812,
            55.25303163530335,
            3.8579847931976934,
            64.58803462507588,
            84.67290994975822,
            59.35067400686726,
            79.96165497434056,
            0.0,
            58.20370958616025,
            68.91493054525773,
            89.44918763725484,
            69.40770570991812
        ],
        [
            74.82644212016238,
            4.421618921656021,
            59.766482014242435,
            6.521917242035941,
            27.331352728683896,
            41.865603290827615,
            68.44187876561571,
            58.20370958616025,
            0.0,
            10.778071491924306,
            77.90405334118434,
            74.82644212016238
        ],
        [
            79.43667084001972,
            14.464230120362641,
            70.52729781571108,
            4.330954294984988,
            16.849739307027264,
            45.42344761326984,
            70.24535794495435,
            68.91493054525773,
            10.778071491924306,
            0.0,
            79.07087858165067,
            79.43667084001972
        ],
        [
            25.861155634924934,
            80.65787476747374,
            93.26603184586769,
            77.81377317736373,
            78.77951543718208,
            37.428779813401825,
            10.168863228683422,
            89.44918763725484,
            77.90405334118434,
            79.07087858165067,
            0.0,
            25.861155634924934
        ],
        [
            0.0,
            76.30148856601947,
            73.25943210708509,
            76.89811912195562,
            84.47135946602198,
            34.16371660098872,
            21.43430190171819,
            69.40770570991812,
            74.82644212016238,
            79.43667084001972,
            25.861155634924934,
            0.0
        ]
    ],
    "scores_ave": [
        0,
        15.441376719666435,
        10.197039520387808,
        16.415405269950817,
        12.174460236657012,
        14.273404116870765,
        17.236854951797213,
        19.821141694417626,
        18.78337308171416,
        14.905517615747124,
        11.923832126285083,
        0
    ],
    "scores_var": [
        0,
        334.80407409277404,
        254.88952521519275,
        18.859485496577555,
        24.513591577010658,
        18.651856171253183,
        22.052747500515352,
        365.74196455850733,
        344.6075908668611,
        396.47754621589206,
        235.622658521616,
        0
    ],
    "vertex_number": 12,
    "minimum_distances": {
        "cost": 276.2151041539484,
        "path": [
            0,
            10,
            6,
            5,
            4,
            9,
            3,
            8,
            1,
            2,
            7,
            11
        ]
    }
}