{
    "vertices": [
        [
            44.27678955456472,
            64.91606213541873
        ],
        [
            42.12144837249865,
            79.66522420606229
        ],
        [
            62.25933992029448,
            69.08733748445161
        ],
        [
            93.17115584946558,
            93.15202747199564
        ],
        [
            21.014431031115834,
            80.10655795547773
        ],
        [
            70.61054462410189,
            13.428191657762378
        ],
        [
            56.390985640129855,
            27.404919067793365
        ],
        [
            71.81295593797145,
            69.8797341631703
        ],
        [
            89.56381066386766,
            37.7018994729059
        ],
        [
            34.518747941295345,
            67.066827294491
        ],
        [
            76.28086820404644,
            50.07116765819028
        ],
        [
            92.81290345973842,
            39.04337832000937
        ],
        [
            94.60872117959885,
            60.5569817966203
        ],
        [
            44.27678955456472,
            64.91606213541873
        ]
    ],
    "distances": [
        [
            0.0,
            14.905813543621855,
            18.4600015084901,
            56.461746287803656,
            27.782881192070505,
            57.83137091913256,
            39.4187721909166,
            27.979966030961194,
            52.83488365063518,
            9.992255345805372,
            35.279341578922065,
            55.001364717869876,
            50.52034167053118,
            0.0
        ],
        [
            14.905813543621855,
            0.0,
            22.747007791927587,
            52.801197863475444,
            21.11163083534306,
            72.10390479050116,
            54.173417715493024,
            31.262460506013714,
            63.337969358401814,
            14.714640960217405,
            45.19595276334583,
            64.95966426985197,
            55.85730690522913,
            14.905813543621855
        ],
        [
            18.4600015084901,
            22.747007791927587,
            0.0,
            39.17460488933561,
            42.691518233318064,
            56.28217421316942,
            42.093486277794774,
            9.586421204477634,
            41.60023848204745,
            27.81407745680316,
            23.62663688029399,
            42.85043438792086,
            33.4551854877648,
            18.4600015084901
        ],
        [
            56.461746287803656,
            52.801197863475444,
            39.17460488933561,
            0.0,
            73.32651097261787,
            82.85451813749705,
            75.33567006499399,
            31.587534555760193,
            55.56734323686433,
            64.19145287128869,
            46.27355939455866,
            54.10983513029299,
            32.62673132047104,
            56.461746287803656
        ],
        [
            27.782881192070505,
            21.11163083534306,
            42.691518233318064,
            73.32651097261787,
            0.0,
            83.10101693517763,
            63.47411564923481,
            51.81773883132431,
            80.60504022118394,
            18.772350703138844,
            62.90074521100585,
            82.71157938800602,
            76.14660511441117,
            27.782881192070505
        ],
        [
            57.83137091913256,
            72.10390479050116,
            56.28217421316942,
            82.85451813749705,
            83.10101693517763,
            0.0,
            19.938524689479195,
            56.46434666413487,
            30.796739838318892,
            64.65076195036514,
            37.07910812936593,
            33.8981197945863,
            52.887005378838715,
            57.83137091913256
        ],
        [
            39.4187721909166,
            54.173417715493024,
            42.093486277794774,
            75.33567006499399,
            63.47411564923481,
            19.938524689479195,
            0.0,
            45.18790861783679,
            34.73419245525648,
            45.29306509982851,
            30.155700183681077,
            38.23623715042855,
            50.59302889668563,
            39.4187721909166
        ],
        [
            27.979966030961194,
            31.262460506013714,
            9.586421204477634,
            31.587534555760193,
            51.81773883132431,
            56.46434666413487,
            45.18790861783679,
            0.0,
            36.74922977225311,
            37.40013897235147,
            20.306194793696818,
            37.307889750065094,
            24.62845152743877,
            27.979966030961194
        ],
        [
            52.83488365063518,
            63.337969358401814,
            41.60023848204745,
            55.56734323686433,
            80.60504022118394,
            30.796739838318892,
            34.73419245525648,
            36.74922977225311,
            0.0,
            62.38796291031486,
            18.15035415165251,
            3.5151343492682265,
            23.40525390025704,
            52.83488365063518
        ],
        [
            9.992255345805372,
            14.714640960217405,
            27.81407745680316,
            64.19145287128869,
            18.772350703138844,
            64.65076195036514,
            45.29306509982851,
            37.40013897235147,
            62.38796291031486,
            0.0,
            45.08799325001577,
            64.68015352512549,
            60.44156659275286,
            9.992255345805372
        ],
        [
            35.279341578922065,
            45.19595276334583,
            23.62663688029399,
            46.27355939455866,
            62.90074521100585,
            37.07910812936593,
            30.155700183681077,
            20.306194793696818,
            18.15035415165251,
            45.08799325001577,
            0.0,
            19.872602431054144,
            21.11545625458195,
            35.279341578922065
        ],
        [
            55.001364717869876,
            64.95966426985197,
            42.85043438792086,
            54.10983513029299,
            82.71157938800602,
            33.8981197945863,
            38.23623715042855,
            37.307889750065094,
            3.5151343492682265,
            64.68015352512549,
            19.872602431054144,
            0.0,
            21.588425042874494,
            55.001364717869876
        ],
        [
            50.52034167053118,
            55.85730690522913,
            33.4551854877648,
            32.62673132047104,
            76.14660511441117,
            52.887005378838715,
            50.59302889668563,
            24.62845152743877,
            23.40525390025704,
            60.44156659275286,
            21.11545625458195,
            21.588425042874494,
            0.0,
            50.52034167053118
        ],
        [
            0.0,
            14.905813543621855,
            18.4600015084901,
            56.461746287803656,
            27.782881192070505,
            57.83137091913256,
            39.4187721909166,
            27.979966030961194,
            52.83488365063518,
            9.992255345805372,
            35.279341578922065,
            55.001364717869876,
            50.52034167053118,
            0.0
        ]
    ],
    "scores_ave": [
        0,
        16.655239933677652,
        13.67400581004449,
        11.700186609107408,
        13.629709481522028,
        10.747086019646762,
        11.913850965150086,
        19.254733485497486,
        10.10198124863333,
        10.276240539912493,
        15.748939954854443,
        16.20876844541482,
        19.96650615230881,
        0
    ],