{
    "vertices": [
        [
            74.58268369210089,
            75.52193368852753
        ],
        [
            42.219819141637394,
            32.571254054982255
        ],
        [
            27.261869048384035,
            81.12614012237887
        ],
        [
            99.75220847857,
            47.33951012058765
        ],
        [
            49.71812659692202,
            93.97662909269404
        ],
        [
            76.95245568270198,
            44.303397148872946
        ],
        [
            87.75550992871018,
            46.41266377141709
        ],
        [
            32.26535794711195,
            42.28794912898063
        ],
        [
            12.385912131720145,
            28.634504193376465
        ],
        [
            82.46665870576265,
            43.87633858839992
        ],
        [
            99.5152260650983,
            38.25413532055831
        ],
        [
            3.639618749973772,
            20.450837118488685
        ],
        [
            24.062588931754448,
            32.24132479868499
        ],
        [
            89.02079719057477,
            43.37725845108028
        ],
        [
            43.98508050557815,
            55.05945410007327
        ],
        [
            3.159485233877002,
            75.4167393044584
        ],
        [
            82.81128395601831,
            7.674197750803257
        ],
        [
            74.58268369210089,
            75.52193368852753
        ]
    ],
    "distances": [
        [
            0.0,
            53.778396061012145,
            47.651512340095024,
            37.78563187429126,
            30.96485075048763,
            31.308351009997086,
            31.95110242491005,
            53.80756255315516,
            77.89011129274978,
            32.612892408635936,
            44.83882764275757,
            89.80948803333314,
            66.52436456269162,
            35.2383210087508,
            36.80932479233779,
            71.42327592501812,
            68.34489837711739,
            0.0
        ],
        [
            53.778396061012145,
            0.0,
            50.8066652321339,
            59.39761956539746,
            61.86149608776056,
            36.660594957927536,
            47.59289609168707,
            13.910624027497011,
            30.09252410399039,
            41.80446185765531,
            57.576547256705204,
            40.43929238964701,
            18.160227482298968,
            48.0322941087099,
            22.55737770555464,
            57.97797246583235,
            47.61859330545773,
            53.778396061012145
        ],
        [
            47.651512340095024,
            50.8066652321339,
            0.0,
            79.97740729469488,
            25.873124470431883,
            61.84714059805463,
            69.74601083450328,
            39.15916215650399,
            54.55883005242485,
            66.59667045308075,
            84.01521526433231,
            65.11146676104471,
            48.989392346673554,
            72.38192642300965,
            30.96995191516272,
            24.769379548981064,
            92.09193957528404,
            47.651512340095024
        ],
        [
            37.78563187429126,
            59.39761956539746,
            79.97740729469488,
            0.0,
            68.3990512782002,
            23.001015402144873,
            12.03244863904182,
            67.6756474893834,
            89.34621975272707,
            17.62906089414735,
            9.088464992577292,
            99.80295907512595,
            77.18078586770284,
            11.439520380008304,
            56.29893513559955,
            100.59068039569797,
            43.13156534455205,
            37.78563187429126
        ],
        [
            30.96485075048763,
            61.86149608776056,
            25.873124470431883,
            68.3990512782002,
            0.0,
            56.64925994659779,
            60.90298291391837,
            54.555648377917585,
            75.25481727593156,
            59.85403465012555,
            74.73116771220123,
            86.77137183907716,
            66.85397825980682,
            64.0702444596599,
            39.33718758238495,
            50.121618035774745,
            92.42979346247444,
            30.96485075048763
        ],
        [
            31.308351009997086,
            36.660594957927536,
            61.84714059805463,
            23.001015402144873,
            56.64925994659779,
            0.0,
            11.007042596772967,
            44.732524350309845,
            66.4405956668936,
            5.53071550467069,
            23.359627051737046,
            77.09550362458164,
            54.24787179525252,
            12.103825826497767,
            34.677666980445856,
            80.08397185299745,
            37.09479905970323,
            31.308351009997086
        ],
        [
            31.95110242491005,
            47.59289609168707,
            69.74601083450328,
            12.03244863904182,
            60.90298291391837,
            11.007042596772967,
            0.0,
            55.64324071998683,
            77.43797020882147,
            5.865568403188274,
            14.312669565524779,
            88.03124213567436,
            65.25040255358215,
            3.2885615873457157,
            44.616336412497205,
            89.42999380350639,
            39.052709510343746,
            31.95110242491005
        ],
        [
            53.80756255315516,
            13.910624027497011,
            39.15916215650399,
            67.6756474893834,
            54.555648377917585,
            44.732524350309845,
            55.64324071998683,
            0.0,
            24.11656950183159,
            50.22642311508254,
            67.37073857193178,
            36.00406095902717,
            12.969968386753969,
            56.76589185873514,
            17.333875391096637,
            44.09839639816699,
            61.2617533259383,
            53.80756255315516
        ],
        [
            77.89011129274978,
            30.09252410399039,
            54.55883005242485,
            89.34621975272707,
            75.25481727593156,
            66.4405956668936,
            77.43797020882147,
            24.11656950183159,
            0.0,
            71.7190668936824,
            87.65873972128627,
            11.977898593333586,
            12.221044798679756,
            78.04008208021634,
            41.192055295783234,
            47.68337734776964,
            73.4783467611869,
            77.89011129274978
        ],
        [
            32.612892408635936,
            41.80446185765531,
            66.59667045308075,
            17.62906089414735,
            59.85403465012555,
            5.53071550467069,
            5.865568403188274,
            50.22642311508254,
            71.7190668936824,
            0.0,
            17.951680104957692,
            82.23415560038511,
            59.551733073472136,
            6.573112828908554,
            40.073606442699216,
            85.34884089095355,
            36.203781125571645,
            32.612892408635936
        ],
        [
            44.83882764275757,
            57.576547256705204,
            84.01521526433231,
            9.088464992577292,
            74.73116771220123,
            23.359627051737046,
            14.312669565524779,
            67.37073857193178,
            87.65873972128627,
            17.951680104957692,
            0.0,
            97.51456047645283,
            75.6918380061418,
            11.678160300874557,
            58.01737502802599,
            103.27384918747666,
            34.84471643956386,
            44.83882764275757
        ],
        [
            89.80948803333314,
            40.43929238964701,
            65.11146676104471,
            99.80295907512595,
            86.77137183907716,
            77.09550362458164,
            88.03124213567436,
