{
    "vertices": [
        [
            17.898170561481884,
            15.93571767245825
        ],
        [
            96.5084736773709,
            63.892509356643956
        ],
        [
            57.63455373801344,
            39.05925038470029
        ],
        [
            76.54602928462856,
            5.501036981894658
        ],
        [
            28.09341214723171,
            93.64607177762998
        ],
        [
            81.129658153245,
            56.46351561837197
        ],
        [
            31.634532999017516,
            35.70965118368265
        ],
        [
            17.898170561481884,
            15.93571767245825
        ]
    ],
    "distances": [
        [
            0.0,
            92.08384019257849,
            45.974752996033246,
            59.56890039210219,
            78.37628522801386,
            75.1047497127319,
            24.07687894062815,
            0.0
        ],
        [
            92.08384019257849,
            0.0,
            46.12886734593854,
            61.70950682208083,
            74.60492692116415,
            17.079166106352503,
            70.73119307586835,
            92.08384019257849
        ],
        [
            45.974752996033246,
            46.12886734593854,
            0.0,
            38.520093381746435,
            62.067705904682995,
            29.239158329312875,
            26.214898306796385,
            45.974752996033246
        ],
        [
            59.56890039210219,
            61.70950682208083,
            38.520093381746435,
            0.0,
            100.58430924654478,
            51.168192096053396,
            54.125805958017125,
            59.56890039210219
        ],
        [
            78.37628522801386,
            74.60492692116415,
            62.067705904682995,
            100.58430924654478,
            0.0,
            64.77179843841559,
            58.04453779750268,
            78.37628522801386
        ],
        [
            75.1047497127319,
            17.079166106352503,
            29.239158329312875,
            51.168192096053396,
            64.77179843841559,
            0.0,
            53.67019939413403,
            75.1047497127319
        ],
        [
            24.07687894062815,
            70.73119307586835,
            26.214898306796385,
            54.125805958017125,
            58.04453779750268,
            53.67019939413403,
            0.0,
            24.07687894062815
        ],
        [
            0.0,
            92.08384019257849,
            45.974752996033246,
            59.56890039210219,
            78.37628522801386,
            75.1047497127319,
            24.07687894062815,
            0.0
        ]
    ],
    "scores_ave": [
        0,
        19.909675202511554,
        11.589118426145586,
        18.72284773979716,
        10.59449143359959,
        18.448864292496413,
        13.261043505165457,
        0
    ],
    "scores_var": [
        0,
        21.390352711379006,
        388.29608975940283,
        18.433089921035723,
        22.187631082626506,
        320.0674936893874,
        24.675479781597687,
        0
    ],
    "vertex_number": 8,
    "minimum_distances": {
        "cost": 301.133661868809,
        "path": [
            0,
            6,
            4,
            1,
            5,
            2,
            3,
            7
        ]
    }
}