{
    "vertices": [
        [
            35.293730042255824,
            5.942776082998369
        ],
        [
            78.58457497584324,
            18.85076756458488
        ],
        [
            36.479294329206205,
            68.49668671834111
        ],
        [
            66.90485203246003,
            52.41501196868955
        ],
        [
            76.03708209231146,
            2.442267749407534
        ],
        [
            33.73633712360059,
            31.114941209447267
        ],
        [
            76.9360237433549,
            41.88928974911429
        ],
        [
            94.62994384058295,
            48.43531742755401
        ],
        [
            73.30677385894384,
            78.88123164129442
        ],
        [
            74.34568115160575,
            73.10217811592626
        ],
        [
            41.58590332780329,
            87.39437744820067
        ],
        [
            18.16660186106943,
            70.4680145448062
        ],
        [
            18.71879954658021,
            47.1070838419005
        ],
        [
            42.36479338795478,
            22.389945739520012
        ],
        [
            59.09712994831827,
            78.81057232486444
        ],
        [
            36.603078900599805,
            15.595444402195913
        ],
        [
            35.293730042255824,
            5.942776082998369
        ]
    ],
    "distances": [
        [
            0.0,
            45.17425704040545,
            62.56514443724187,
            56.204374755839915,
            40.89345051311166,
            25.22029678366786,
            55.01120312660735,
            72.98220562465592,
            82.24967963122393,
            77.68809539992274,
            81.69427648012548,
            66.75960543837833,
            44.375990740557974,
            17.902774269629095,
            76.65714302160005,
            9.741067709100816,
            0.0
        ],
        [
            45.17425704040545,
            0.0,
            65.09663545033159,
            35.53835154382746,
            16.605077120456865,
            46.494885671895865,
            23.09742898275028,
            33.65560061267761,
            60.26202620137045,
            54.416759988659315,
            77.89177209177352,
            79.46490836284087,
            66.199172784187,
            36.39228435298176,
            63.04711492678828,
            42.10751882511324,
            45.17425704040545
        ],
        [
            62.56514443724187,
            65.09663545033159,
            0.0,
            34.414166041146615,
            76.99353763813099,
            37.48224528391394,
            48.42210784721855,
            61.51387304028512,
            38.263586107029745,
            38.14542963445063,
            19.575499237209065,
            18.418491763223958,
            27.80198349282874,
            46.48086340483178,
            24.858453781311972,
            52.90138713882299,
            62.56514443724187
        ],
        [
            56.204374755839915,
            35.53835154382746,
            34.414166041146615,
            0.0,
            50.80032274180783,
            39.41882032237848,
            14.540124969790245,
            28.009260690164403,
            27.229494795735505,
            21.984648761890732,
            43.18107424391216,
            51.97430068584213,
            48.47751803847967,
            38.777816858892066,
            27.52609908177449,
            47.68519697682202,
            56.204374755839915
        ],
        [
            40.89345051311166,
            16.605077120456865,
            76.99353763813099,
            50.80032274180783,
            0.0,
            51.102595122498286,
            39.45726347248792,
            49.60902263385953,
            76.48771001876302,
            70.68015117518271,
            91.67194042093732,
            89.31122387061028,
            72.66588821839652,
            39.13735918258621,
            78.2245480803215,
            41.569780655945046,
            40.89345051311166
        ],
        [
            25.22029678366786,
            46.494885671895865,
            37.48224528391394,
            39.41882032237848,
            51.102595122498286,
            0.0,
            44.52302225252913,
            63.308978599715836,
            62.02771932809859,
            58.412728796262115,
            56.82420815942859,
            42.32116535592379,
            21.937982150916874,
            12.270933275677285,
            54.01891372654769,
            15.7820464315081,
            25.22029678366786
        ],
        [
            55.01120312660735,
            23.09742898275028,
            48.42210784721855,
            14.540124969790245,
            39.45726347248792,
            44.52302225252913,
            0.0,
            18.865982263693294,
            37.169546939368644,
            31.320189573846708,
            57.622426362446255,
            65.3497395505594,
            58.450582275733076,
            39.691238140056036,
            41.004966026921515,
            48.14678330705371,
            55.01120312660735
        ],
        [
            72.98220562465592,
            33.65560061267761,
            61.51387304028512,
            28.009260690164403,
            49.60902263385953,
            63.308978599715836,
            18.865982263693294,
            0.0,
            37.17030091856018,
            31.93595667981464,
            65.81396957799886,
            79.57438286871353,
            75.92276359882432,
            58.39526811483703,
            46.74651830007128,
            66.67514015796809,
            72.98220562465592
        ],
        [
            82.24967963122393,
            60.26202620137045,
            38.263586107029745,
            27.229494795735505,
            76.48771001876302,
            62.02771932809859,
            37.169546939368644,
            37.17030091856018,
            0.0,
            5.8716937941122405,
            32.843374960302526,
            55.77831827751546,
            63.16204087824428,
            64.41018194589334,
            14.209819590894769,
            73.15908754261233,
            82.24967963122393
        ],
        [
            77.68809539992274,
            54.416759988659315,
            38.14542963445063,
            21.984648761890732,
            70.68015117518271,
            58.412728796262115,
            31.320189573846708,
            31.93595667981464,
            5.8716937941122405,
            0.0,
            35.74171239348171,
            56.240801627037484,
            61.40109838932049,
            59.95421331941456,
            16.282017020133555,
            68.78610649760263,
            77.68809539992274
        ],
        [
            81.69427648012548,
            77.89177209177352,
            19.575499237209065,
            43.18107424391216,
            91.67194042093732,
            56.82420815942859,
            57.622426362446255,
            65.81396957799886,
            32.843374960302526,
            35.74171239348171,
            0.0,
            28.895768588621607,
            46.324620467538224,
            65.0090979132485,
            19.501917037831074,
            71.97162861723368,
            81.69427648012548
        ],
        [
            66.75960543837833,
            79.46490836284087,
            18.418491763223958,
            51.97430068584213,
            89.31122387061028,
            42.32116535592379,
            65.3497395505594,
            79.57438286871353,
            55.77831827751546,
            56.240801627037484,
            28.895768588621607,
            0.0,
            23.36745612149182,
            53.824280517417584,
            41.77207679556616,
            57.88698160799902,
            66.75960543837833
        ],
        [
            44.375990740557974,
            66.199172784187,
            27.80198349282874,
