{
    "vertices": [
        [
            32.865466806024514,
            42.288325827833106
        ],
        [
            18.03808670541779,
            6.431846139243557
        ],
        [
            40.97785083013093,
            9.326314215589814
        ],
        [
            44.927419380642284,
            7.307272347974947
        ],
        [
            68.43695238848349,
            6.972009456315975
        ],
        [
            53.32527316387983,
            56.79171232773969
        ],
        [
            55.427857843541325,
            24.941249920875585
        ],
        [
            73.75270899916353,
            88.42030925268112
        ],
        [
            52.317940640430095,
            75.064675599075
        ],
        [
            27.73403314751074,
            46.61626827486627
        ],
        [
            31.79274669166803,
            46.30521510053958
        ],
        [
            10.71681064739426,
            4.902192530993121
        ],
        [
            28.962400334755912,
            45.07371283305447
        ],
        [
            13.213559156953158,
            29.765147585325234
        ],
        [
            6.980110548635898,
            42.27059419379352
        ],
        [
            41.55967324045381,
            17.78251504850976
        ],
        [
            65.64005886429145,
            58.009861882868364
        ],
        [
            32.865466806024514,
            42.288325827833106
        ]
    ],
    "distances": [
        [
            0.0,
            38.801267199746235,
            33.945618039450075,
            37.00222699342602,
            50.12557020719242,
            25.078913376911075,
            28.460192055774414,
            61.6435436105912,
            38.114142291346695,
            6.712875480489676,
            4.1576589413910945,
            43.45441211801533,
            4.795029577385023,
            23.302949760518555,
            25.885362330529077,
            26.002384265225984,
            36.350248699501186,
            0.0
        ],
        [
            38.801267199746235,
            0.0,
            23.121650536725614,
            26.90357936717398,
            50.401760272323905,
            61.49228935954086,
            41.720414836297465,
            99.12732832593775,
            76.7174925650473,
            41.33762402197131,
            42.179096999117924,
            7.47936650252026,
            40.15637545713502,
            23.826855068170694,
            37.50592884866959,
            26.117096274528116,
            70.18717447984204,
            38.801267199746235
        ],
        [
            33.945618039450075,
            23.121650536725614,
            0.0,
            4.435721113682653,
            27.55984414490509,
            49.04511042125241,
            21.275077432710273,
            85.6157192279994,
            66.70929316288209,
            39.57195194267566,
            38.102562232654996,
            30.58273051284535,
            37.712697576847,
            34.476104792001934,
            47.34101739010542,
            8.476193122140973,
            54.5739161009396,
            33.945618039450075
        ],
        [
            37.00222699342602,
            26.90357936717398,
            4.435721113682653,
            0.0,
            23.511923431597396,
            50.19196896193231,
            20.523556537664035,
            86.08264678491162,
            68.15926569310706,
            42.90465814969275,
            41.15044550887383,
            34.29504568921639,
            41.002266523310254,
            38.86032797679508,
            51.5987608580474,
            11.003291493905914,
            54.770119772769405,
            37.00222699342602
        ],
        [
            50.12557020719242,
            50.401760272323905,
            27.55984414490509,
            23.511923431597396,
            0.0,
            52.06117212649234,
            22.184006485583495,
            81.62158297939683,
            69.97452195022933,
            56.81896595336237,
            53.75777969188558,
            57.75724114529523,
            54.86328517370623,
            59.74236608783021,
            70.87265688117616,
            28.969901027790275,
            51.11443038614641,
            50.12557020719242
        ],
        [
            25.078913376911075,
            61.49228935954086,
            49.04511042125241,
            50.19196896193231,
            52.06117212649234,
            0.0,
            31.919787246568713,
            37.65167032476843,
            18.300707787634035,
            27.539993232543967,
            23.950288523785627,
            67.1416662196859,
            27.03444256213742,
            48.36718724868541,
            48.566829932510764,
            40.74489923816233,
            12.374887279717852,
            25.078913376911075
        ],
        [
            28.460192055774414,
            41.720414836297465,
            21.275077432710273,
            20.523556537664035,
            22.184006485583495,
            31.919787246568713,
            0.0,
            66.07110672242895,
            50.21981069984422,
            35.16751835060738,
            31.85965296985046,
            48.99634233747549,
            33.252616499451356,
            42.489022138401374,
            51.45376945259044,
            15.60685840129717,
            34.60956727237516,
            28.460192055774414
        ],
        [
            61.6435436105912,
            99.12732832593775,
            85.6157192279994,
            86.08264678491162,
            81.62158297939683,
            37.65167032476843,
            66.07110672242895,
            0.0,
            25.25514293924896,
            62.17150769616509,
            59.45014375331813,
            104.63651514529758,
            62.330563702078756,
            84.29363353089755,
            81.16881238414126,
            77.6278913882918,
            31.47396386607495,
            61.6435436105912
        ],
        [
            38.114142291346695,
            76.7174925650473,
            66.70929316288209,
            68.15926569310706,
            69.97452195022933,
            18.300707787634035,
            50.21981069984422,
            25.25514293924896,
            0.0,
            37.598941300314685,
            35.33256507531145,
            81.56854814802297,
            38.01235471005185,
            59.84312733701167,
            55.9550767370453,
            58.28367039566164,
            21.641291663508646,
            38.114142291346695
        ],
        [
            6.712875480489676,
            41.33762402197131,
            39.57195194267566,
            42.90465814969275,
            56.81896595336237,
            27.539993232543967,
            35.16751835060738,
            62.17150769616509,
            37.598941300314685,
            0.0,
            4.070615397060318,
            45.051636782519424,
            1.9718933129771028,
            22.244199994693833,
            21.204013451679266,
            31.977080058973794,
            39.58131833258648,
            6.712875480489676
        ],
        [
            4.1576589413910945,
            42.179096999117924,
            38.102562232654996,
            41.15044550887383,
            53.75777969188558,
            23.950288523785627,
            31.85965296985046,
            59.45014375331813,
            35.33256507531145,
            4.070615397060318,
            0.0,
            46.45864137097308,
            3.086658117593629,
            24.8748877958867,
            25.138517820819445,
            30.148586574953033,
            35.813953951080315,
            4.1576589413910945
        ],
        [
            43.45441211801533,
            7.47936650252026,
            30.58273051284535,
            34.29504568921639,
            57.75724114529523,
            67.1416662196859,
