{
    "vertices": [
        [
            20.31527122325879,
            77.64310727498864
        ],
        [
            20.074064761861454,
            25.38163853012637
        ],
        [
            36.433705653988014,
            70.98776986852742
        ],
        [
            84.24647835315326,
            40.07212154401619
        ],
        [
            1.4957908839912881,
            42.89163822560471
        ],
        [
            74.3298917792494,
            58.75941632944773
        ],
        [
            55.9539542593107,
            84.97502445693227
        ],
        [
            84.09754129259215,
            79.64814446221654
        ],
        [
            0.8025950052882536,
            8.328823928208717
        ],
        [
            42.87925688442685,
            39.95236721358298
        ],
        [
            8.460050340698055,
            91.24978042931649
        ],
        [
            15.89275568857329,
            82.25315697543829
        ],
        [
            11.9120583353446,
            44.70933810895744
        ],
        [
            58.90300472298527,
            44.58250618792754
        ],
        [
            0.8897354147423764,
            6.989696004600554
        ],
        [
            56.585570358817996,
            9.546975132138346
        ],
        [
            13.337698836401724,
            8.941160693842832
        ],
        [
            90.47608173320188,
            99.57645744451871
        ],
        [
            46.46892509173375,
            36.625783014022886
        ],
        [
            98.32839809939688,
            69.5153905353836
        ],
        [
            22.852235066715608,
            55.84724147997181
        ],
        [
            20.31527122325879,
            77.64310727498864
        ]
    ],
    "distances": [
        [
            0.0,
            52.26202537146103,
            17.43838996271041,
            74.15374713311799,
            39.520089085557046,
            57.220389875763225,
            36.3850620187331,
            63.813777112153026,
            72.0084329024389,
            43.92863912408222,
            18.04682289221597,
            6.388364571245953,
            33.9889267015161,
            50.81354662768285,
            73.27520703205522,
            77.15320999284137,
            69.05536894733414,
            73.50925915196919,
            48.64601217161798,
            78.43537304298154,
            21.943016002760235,
            0.0
        ],
        [
            52.26202537146103,
            0.0,
            48.451595079778606,
            65.83243089323985,
            25.529440840269192,
            63.70063434661851,
            69.56103878300263,
            83.92770229881552,
            25.733014444986647,
            27.06257419600035,
            66.8842092591879,
            57.02502043701357,
            20.980427067055835,
            43.31697008467874,
            26.57634366049964,
            39.79731907910595,
            17.76704638838502,
            102.28057072275446,
            28.690058156236052,
            89.84168716227259,
            30.592011920441003,
            52.26202537146103
        ],
        [
            17.43838996271041,
            48.451595079778606,
            0.0,
            56.93714555987941,
            44.833586760061905,
            39.82026560832029,
            24.014233207297185,
            48.44422892241021,
            72.08133983502017,
            31.69765525427305,
            34.54090999890251,
            23.427325330695023,
            35.94255365110148,
            34.67141979634016,
            73.20606039571463,
            64.66118548960317,
            66.20579461794901,
            61.138297895875596,
            35.79737098940162,
            61.91220278598091,
            20.33941845770434,
            17.43838996271041
        ],
        [
            74.15374713311799,
            65.83243089323985,
            56.93714555987941,
            0.0,
            82.7987074231034,
            21.155464440076642,
            53.07294611765423,
            39.57630316578252,
            89.27776101413964,
            41.36739480729137,
            91.4479930882423,
            80.32105049221656,
            72.48290899779703,
            25.741702066472833,
            89.68162282692755,
            41.193572247835704,
            77.44153753645591,
            59.82954077404026,
            37.93442736727028,
            32.63750224262978,
            63.3885440573301,
            74.15374713311799
        ],
        [
            39.520089085557046,
            25.529440840269192,
            44.833586760061905,
            82.7987074231034,
            0.0,
            74.54255586692368,
            68.82370924985132,
            90.41067371326727,
            34.5697650076267,
            41.487715920394045,
            48.85704480599231,
            41.91183310090211,
            10.573677717996844,
            57.432109792536714,
            35.9070572237844,
            64.39526659158898,
            35.956441823239814,
            105.50194732558765,
            45.40752957385066,
            100.42598272949822,
            24.978898370712564,
            39.520089085557046
        ],
        [
            57.220389875763225,
            63.70063434661851,
            39.82026560832029,
            21.155464440076642,
            74.54255586692368,
            0.0,
            32.01457776124065,
            23.059617083122433,
            89.16001357573955,
            36.64488411407489,
            73.44698612252198,
            62.982971698874834,
            63.97961104784036,
            20.951697434992408,
            89.85299388087263,
            52.313720105439025,
            78.75218215739825,
            43.89453605425749,
            35.58273722614016,
            26.298655606644925,
            51.559964148236126,
            57.220389875763225
        ],
        [
            36.3850620187331,
            69.56103878300263,
            24.014233207297185,
            53.07294611765423,
            68.82370924985132,
            32.01457776124065,
            0.0,
            28.643273932600493,
            94.42622772861124,
            46.88269805266019,
            47.90661198564746,
            40.1535576694129,
            59.67423307970491,
            40.500030009238024,
            95.46611781559243,
            75.43069377806825,
            87.16245559307438,
            37.48305124472353,
            49.27083241040821,
            45.106471506258565,
            44.09253400132869,
            36.3850620187331
        ],
        [
            63.813777112153026,
            83.92770229881552,
            48.44422892241021,
            39.57630316578252,
            90.41067371326727,
            23.059617083122433,
            28.643273932600493,
            0.0,
            109.6562517982326,
            57.22500940083397,
            76.52207521108512,
            68.25451537798962,
            80.19640976478695,
            43.17827764675821,
            110.4662350733199,
            75.30658992482086,
            100.03215911918502,
            20.9242308454358,
            57.15624499361835,
            17.46968767887762,
            65.70746165749837,
            63.813777112153026
        ],
        [
            72.0084329024389,
            25.733014444986647,
            72.08133983502017,
            89.27776101413964,
            34.5697650076267,
            89.16001357573955,
            94.42622772861124,
            109.6562517982326,
            0.0,
            52.63548199468962,
            83.2737752793303,
            75.44879035428652,
            38.03895355471185,
            68.48348039310585,
            1.3419601509534258,
            55.79627435275712,
            12.550051170068706,
            127.93539324310579,
            53.72272886840763,
            115.13070052043068,
