{
    "vertices": [
        [
            95.21116855567628,
            66.78271249734516
        ],
        [
            34.66229328920154,
            73.5549168067483
        ],
        [
            85.07475556384506,
            88.95480990508945
        ],
        [
            27.72799985150255,
            26.06563384841141
        ],
        [
            56.930396471507436,
            44.14842399814993
        ],
        [
            47.90812725258328,
            70.0318262062923
        ],
        [
            2.2863844273839917,
            67.26685502536725
        ],
        [
            7.375776917226451,
            22.823245448335783
        ],
        [
            82.49635347816968,
            57.834021227453206
        ],
        [
            85.6725496329572,
            62.19531523594045
        ],
        [
            40.1657861137932,
            48.96450330863603
        ],
        [
            20.695761672049173,
            51.30732583561364
        ],
        [
            34.436558811857545,
            63.778918200820996
        ],
        [
            91.72397606566149,
            96.5076923970573
        ],
        [
            35.71584958866718,
            38.26311570062085
        ],
        [
            48.729013645694394,
            57.89052337615503
        ],
        [
            92.55123563309121,
            23.64305792236241
        ],
        [
            9.0268148277726,
            23.762625026495144
        ],
        [
            88.50435539660594,
            7.447088132824719
        ],
        [
            45.060791375157386,
            52.917777527497876
        ],
        [
            89.63898227468292,
            12.536395393347666
        ],
        [
            95.21116855567628,
            66.78271249734516
        ]
    ],
    "distances": [
        [
            0.0,
            60.926423227064745,
            24.379269304051462,
            78.81534464848473,
            44.4716598208891,
            47.41449626871291,
            92.92604532248836,
            98.22164103451338,
            15.548170242798012,
            10.584397223592752,
            57.85743432667723,
            76.10541015829689,
            60.848795959240626,
            29.928831275221995,
            65.97772639636713,
            47.32506473785921,
            43.221580720763576,
            96.32481899020632,
            59.71346298346924,
            52.0316898924723,
            54.53175386229148,
            0.0
        ],
        [
            60.926423227064745,
            0.0,
            52.71217183945935,
            47.99287886110919,
            36.886450610487984,
            13.706359281898987,
            32.98089137053729,
            57.604309339979395,
            50.351205268364,
            52.259800995633,
            25.1987473751866,
            26.268218619309323,
            9.778604440172138,
            61.50500425640527,
            35.30752336529145,
            21.05340454976781,
            76.4350920911922,
            56.00401839757798,
            85.25967783165983,
            23.10887881475014,
            82.13218788808672,
            60.926423227064745
        ],
        [
            24.379269304051462,
            52.71217183945935,
            0.0,
            85.10992219370745,
            52.912353630886955,
            41.70656509582668,
            85.58201786761799,
            102.03193176758667,
            31.227418164707554,
            26.766171050362793,
            60.133519427554184,
            74.57873632129554,
            56.551326186023715,
            10.062711722952736,
            70.75273464952295,
            47.81216218842807,
            65.73828946115866,
            100.16641283105834,
            81.57984348794616,
            53.84965211287036,
            76.55459647830634,
            24.379269304051462
        ],
        [
            78.81534464848473,
            47.99287886110919,
            85.10992219370745,
            0.0,
            34.347740361653386,
            48.37627117062696,
            48.42330453264401,
            20.608883058123723,
            63.315108746969116,
            68.28561141660693,
            26.05871734492767,
            26.202965255660494,
            38.305307464766045,
            95.17125923394127,
            14.580271155177458,
            38.129597084639144,
            64.86848827676586,
            18.842456605379393,
            63.5642638430448,
            31.960339206034472,
            63.37199726833078,
            78.81534464848473
        ],
        [
            44.4716598208891,
            36.886450610487984,
            52.912353630886955,
            34.347740361653386,
            0.0,
            27.41079808628737,
            59.33321081349393,
            53.94834158109942,
            28.998512534080362,
            33.938203424826085,
            17.442671251011745,
            36.935059693583185,
            29.855134153103148,
            62.86561992252644,
            22.01576374330883,
            16.003373880857414,
            41.101267869464536,
            52.06086758795603,
            48.41387132323973,
            14.757678898322267,
            45.48815161945503,
            44.4716598208891
        ],
        [
            47.41449626871291,
            13.706359281898987,
            41.70656509582668,
            48.37627117062696,
            27.41079808628737,
            0.0,
            45.705453548126705,
            62.22155190035525,
            36.676039040961534,
            38.56893182228063,
            22.444953561625226,
            33.03210188014354,
            14.852003729397747,
            51.193750573305536,
            34.02796793561417,
            12.169021689663229,
            64.38109154692793,
            60.436706012921306,
            74.5982786614147,
            17.349293466277572,
            71.04356990777984,
            47.41449626871291
        ],
        [
            92.92604532248836,
            32.98089137053729,
            85.58201786761799,
            48.42330453264401,
            59.33321081349393,
            45.705453548126705,
            0.0,
            44.734062504441376,
            80.76272338515503,
            83.54024816534177,
            42.06928987376986,
            24.36414871270888,
            32.33882212208857,
            94.0962771221737,
            44.25772289428464,
            47.37967289783117,
            100.25357368629109,
            44.02330552988095,
            104.93780552845446,
            45.117024666677494,
            103.08200406571488,
            92.92604532248836
        ],
        [
            98.22164103451338,
            57.604309339979395,
            102.03193176758667,
            20.608883058123723,
            53.94834158109942,
            62.22155190035525,
            44.734062504441376,
            0.0,
            82.87855840628606,
            87.63871574286567,
            41.9350696390222,
            31.44463116936843,
            49.088216991019884,
            112.00007331123945,
            32.2730431231692,
            54.21996098474831,
            85.17940396569203,
            1.8995684178053323,
            82.57283124536897,
            48.22697560243831,
            82.90388555271015,
            98.22164103451338
        ],
        [
            15.548170242798012,
            50.351205268364,
            31.227418164707554,
            63.315108746969116,
            28.998512534080362,
            36.676039040961534,
            80.76272338515503,
            82.87855840628606,
            0.0,
            5.395285668262037,
            43.24980094176427,
            62.144274879707055,
            48.42608453501111,
            39.7592990425115,
            50.7093274190849,
            33.76738710434493,
            35.63877981748849,
            80.98538848820107,
            50.743857891714356,
