{
    "vertices": [
        [
            26.25326603470827,
            66.21820910863488
        ],
        [
            60.61386301755769,
            94.17516994716166
        ],
        [
            84.24122848159615,
            59.77853604951861
        ],
        [
            92.24173295605227,
            16.534267311872995
        ],
        [
            26.368677933160644,
            0.4978360858552411
        ],
        [
            78.2546054815645,
            65.51851799021205
        ],
        [
            12.343821582592652,
            43.682908134740494
        ],
        [
            22.810366898396694,
            35.870681017678116
        ],
        [
            80.47172502458567,
            75.43438542383876
        ],
        [
            7.728466056180472,
            21.622381837934256
        ],
        [
            15.520999497389242,
            84.54158316776808
        ],
        [
            75.96779143673086,
            22.353125600906086
        ],
        [
            10.162843066662097,
            21.857360303035033
        ],
        [
            37.173626214000336,
            84.79245381722957
        ],
        [
            67.92065847404301,
            59.093001640697985
        ],
        [
            26.25326603470827,
            66.21820910863488
        ]
    ],
    "distances": [
        [
            0.0,
            44.297204024009474,
            58.344435705986456,
            82.60128230901343,
            65.72047436042749,
            52.00604649392574,
            26.48230418506847,
            30.542200570591255,
            54.99617442249908,
            48.290330545592965,
            21.23505549648913,
            66.29992147120818,
            47.188839973492854,
            21.546619988764498,
            42.27221515552117,
            0.0
        ],
        [
            44.297204024009474,
            0.0,
            41.72985528682941,
            83.83574368292264,
            99.7405413100775,
            33.65114405281278,
            69.85317031507823,
            69.48753663902392,
            27.304792400598547,
            89.78180369197811,
            46.11043628816198,
            73.44487165198532,
            88.17693012239539,
            25.248367538946606,
            35.835007924178825,
            44.297204024009474
        ],
        [
            58.344435705986456,
            41.72985528682941,
            0.0,
            43.97811785990285,
            82.84584174937872,
            8.293795730785444,
            73.67704090672929,
            65.9191647935387,
            16.10325358254706,
            85.4990930839989,
            73.04572796695557,
            38.32898521722777,
            83.22032657758085,
            53.3015503086955,
            16.334961365032985,
            58.344435705986456
        ],
        [
            82.60128230901343,
            83.83574368292264,
            43.97811785990285,
            0.0,
            67.79695055469462,
            50.94209015643087,
            84.3843880132473,
            72.07365321415459,
            60.06460688550542,
            84.66629312494604,
            102.52348975897522,
            17.28294779145451,
            82.25131904393507,
            87.70220296636835,
            49.0179613165516,
            82.60128230901343
        ],
        [
            65.72047436042749,
            99.7405413100775,
            82.84584174937872,
            67.79695055469462,
            0.0,
            83.18556697448041,
            45.40536359860449,
            35.55136756850445,
            92.4263281281962,
            28.172751588199407,
            84.74092016856103,
            54.20079095480742,
            26.81153405727673,
            84.98428964126339,
            71.8328651333726,
            65.72047436042749
        ],
        [
            52.00604649392574,
            33.65114405281278,
            8.293795730785444,
            50.94209015643087,
            83.18556697448041,
            0.0,
            69.43360347797983,
            62.873347526731735,
            10.16071090176791,
            83.07109672652707,
            65.5544226465865,
            43.225925306445454,
            80.88748234029819,
            45.377653749902336,
            12.168718959370162,
            52.00604649392574
        ],
        [
            26.48230418506847,
            69.85317031507823,
            73.67704090672929,
            84.3843880132473,
            45.40536359860449,
            69.43360347797983,
            0.0,
            13.06060731269202,
            75.16360513866832,
            22.538152699972173,
            40.982017824368086,
            67.1041665095466,
            21.934247318771018,
            48.02617977993389,
            57.673700945242196,
            26.48230418506847
        ],
        [
            30.542200570591255,
            69.48753663902392,
            65.9191647935387,
            72.07365321415459,
            35.55136756850445,
            62.873347526731735,
            13.06060731269202,
            0.0,
            69.92938529184046,
            20.747958032778357,
            49.21373378652043,
            54.849212282349086,
            18.876785121565046,
            50.986695048985155,
            50.73671827343744,
            30.542200570591255
        ],
        [
            54.99617442249908,
            27.304792400598547,
            16.10325358254706,
            60.06460688550542,
            92.4263281281962,
            10.16071090176791,
            75.16360513866832,
            69.92938529184046,
            0.0,
            90.48377454148265,
            65.58610978901125,
            53.271996040635585,
            88.3959077274987,
            44.29784198656398,
            20.60509877443074,
            54.99617442249908
        ],
        [
            48.290330545592965,
            89.78180369197811,
            85.4990930839989,
            84.66629312494604,
            28.172751588199407,
            83.07109672652707,
            22.538152699972173,
            20.747958032778357,
            90.48377454148265,
            0.0,
            63.39991698272577,
            68.24323786896217,
            2.4456913763233845,
            69.6955913282111,
            70.90237920177474,
            48.290330545592965
        ],
        [
            21.23505549648913,
            46.11043628816198,
            73.04572796695557,
            102.52348975897522,
            84.74092016856103,
            65.5544226465865,
            40.982017824368086,
            49.21373378652043,
            65.58610978901125,
            63.39991698272577,
            0.0,
            86.72496128741396,
            62.91280979650856,
            21.654079980725612,
            58.2525069212437,
            21.23505549648913
        ],
        [
            66.29992147120818,
            73.44487165198532,
            38.32898521722777,
            17.28294779145451,
            54.20079095480742,
            43.225925306445454,
            67.1041665095466,
            54.849212282349086,
            53.271996040635585,
            68.24323786896217,
            86.72496128741396,
            0.0,
            65.80681585685475,
            73.50957055672605,
            37.610834081929795,
            66.29992147120818
        ],
        [
            47.188839973492854,
            88.17693012239539,
            83.22032657758085,
            82.25131904393507,
            26.81153405727673,
            80.88748234029819,
            21.934247318771018,
            18.876785121565046,
            88.3959077274987,
            2.4456913763233845,
            62.91280979650856,
            65.80681585685475,
            0.0,
            68.48655635869672,
            68.72014425523393,
            47.188839973492854
        ],
        [
            21.546619988764498,
            25.248367538946606,
