{
    "vertices": [
        [
            76.95536460402512,
            86.52505932044392
        ],
        [
            7.285296931748276,
            16.413981877887974
        ],
        [
            98.98452412598319,
            65.40885634891556
        ],
        [
            45.04342182115143,
            20.321576294679012
        ],
        [
            50.895974736588414,
            48.315913937126886
        ],
        [
            61.75576547664537,
            10.694575197806921
        ],
        [
            48.461792306549945,
            18.624905079392974
        ],
        [
            74.69148116322573,
            68.01341127749028
        ],
        [
            83.56601457932484,
            63.39602899177853
        ],
        [
            92.93010733797831,
            63.103146236163795
        ],
        [
            12.62479696745027,
            77.75869769366166
        ],
        [
            72.44394842338848,
            26.53835552815619
        ],
        [
            56.39104489478286,
            18.810429311868525
        ],
        [
            99.41453087083786,
            23.053045503913914
        ],
        [
            15.395043911517037,
            97.69608901046439
        ],
        [
            76.95536460402512,
            86.52505932044392
        ]
    ],
    "distances": [
        [
            0.0,
            98.84068752095824,
            30.51520763781001,
            73.49335518888864,
            46.2496550385678,
            77.33880097277526,
            73.63636742961968,
            18.649565182591118,
            24.05520187070259,
            28.350986189964583,
            64.92511862611768,
            60.15610948040587,
            70.76837120000847,
            67.32837950913503,
            62.56568538823624,
            0.0
        ],
        [
            98.84068752095824,
            0.0,
            103.96752373915453,
            37.959785158637324,
            54.03354964936018,
            54.769914700251086,
            41.235809107546515,
            84.88872002222924,
            89.588284032239,
            97.54440844042871,
            61.57665482266226,
            65.94052476299586,
            49.16418862661019,
            92.36813796994025,
            81.68567154640708,
            98.84068752095824
        ],
        [
            30.51520763781001,
            103.96752373915453,
            0.0,
            70.30295399589895,
            51.03603886146519,
            66.17879594290915,
            68.85698604272072,
            24.43226642713161,
            15.549337947643743,
            6.478600293807375,
            87.23830039688215,
            47.06716469771486,
            63.13175013688191,
            42.3579935565671,
            89.60840694636644,
            30.51520763781001
        ],
        [
            73.49335518888864,
            37.959785158637324,
            70.30295399589895,
            0.0,
            28.599568452467317,
            19.286824014816563,
            3.8162743596633435,
            56.15619775927551,
            57.787530038640156,
            64.2136852738233,
            65.95445513387614,
            28.09692513635065,
            11.447799553838701,
            54.43967692165239,
            82.86037370587783,
            73.49335518888864
        ],
        [
            46.2496550385678,
            54.03354964936018,
            51.03603886146519,
            28.599568452467317,
            0.0,
            39.15737712687718,
            29.790623543201335,
            30.890411579869905,
            35.98251482855967,
            44.55929243846798,
            48.28623575275921,
            30.636207667777,
            30.012820910651445,
            54.70157960083185,
            60.81708460391673,
            46.2496550385678
        ],
        [
            77.33880097277526,
            54.769914700251086,
            66.17879594290915,
            19.286824014816563,
            39.15737712687718,
            0.0,
            15.479659385076719,
            58.76037533792353,
            57.036218299595,
            60.979487606651425,
            83.13512249819885,
            19.111845276147786,
            9.728685158961097,
            39.63476251123196,
            98.58285809274037,
            77.33880097277526
        ],
        [
            73.63636742961968,
            41.235809107546515,
            68.85698604272072,
            3.8162743596633435,
            29.790623543201335,
            15.479659385076719,
            0.0,
            55.921562227798304,
            56.8925298941308,
            62.894713435504414,
            69.14546741386589,
            25.254039479208995,
            7.9314226875658305,
            51.14479440588211,
            85.7068374033352,
            73.63636742961968
        ],
        [
            18.649565182591118,
            84.88872002222924,
            24.43226642713161,
            56.15619775927551,
            30.890411579869905,
            58.76037533792353,
            55.921562227798304,
            0.0,
            10.003877374591536,
            18.88804350689724,
            62.82709522484179,
            41.535907993289506,
            52.49608939649352,
            51.309489154919845,
            66.31085000318895,
            18.649565182591118
        ],
        [
            24.05520187070259,
            89.588284032239,
            15.549337947643743,
            57.787530038640156,
            35.98251482855967,
            57.036218299595,
            56.8925298941308,
            10.003877374591536,
            0.0,
            9.36867191768411,
            72.38054026114614,
            38.49920062453292,
            52.214506376800756,
            43.3443397151747,
            76.31366430120208,
            24.05520187070259
        ],
        [
            28.350986189964583,
            97.54440844042871,
            6.478600293807375,
            64.2136852738233,
            44.55929243846798,
            60.979487606651425,
            62.894713435504414,
            18.88804350689724,
            9.36867191768411,
            0.0,
            81.63166090574298,
            41.912607012618864,
            57.41905482297222,
            40.57164425084181,
            84.90204797489521,
            28.350986189964583
        ],
        [
            64.92511862611768,
            61.57665482266226,
            87.23830039688215,
            65.95445513387614,
            48.28623575275921,
            83.13512249819885,
            69.14546741386589,
            62.82709522484179,
            72.38054026114614,
            81.63166090574298,
            0.0,
            78.75185288270957,
            73.41922638416082,
            102.59223310039839,
            20.12893043980311,
            64.92511862611768
        ],
        [
            60.15610948040587,
            65.94052476299586,
            47.06716469771486,
            28.09692513635065,
            30.636207667777,
            19.111845276147786,
            25.254039479208995,
            41.535907993289506,
            38.49920062453292,
            41.912607012618864,
            78.75185288270957,
            0.0,
            17.81618801267838,
            27.194847003058296,
            91.20307308607441,
            60.15610948040587
        ],
        [
            70.76837120000847,
            49.16418862661019,
            63.13175013688191,
            11.447799553838701,
            30.012820910651445,
            9.728685158961097,
            7.9314226875658305,
            52.49608939649352,
            52.214506376800756,
            57.41905482297222,
            73.41922638416082,
            17.81618801267838,
            0.0,
            43.23216554470534,
            88.90230257255773,
            70.76837120000847
        ],
        [
            67.32837950913503,
            92.36813796994025,
