{
    "vertices": [
        [
            14.574107554061522,
            15.579110629217519
        ],
        [
            84.26922214075682,
            55.06821830976393
        ],
        [
            53.264287076690074,
            27.59155245024132
        ],
        [
            2.0893641583779266,
            40.13718141124984
        ],
        [
            6.045554834924216,
            6.453149521613854
        ],
        [
            65.24153096077212,
            71.16633427328034
        ],
        [
            78.06898218951216,
            68.21909690046
        ],
        [
            27.706015380540084,
            26.351559093118972
        ],
        [
            60.600573723118,
            23.227854844963513
        ],
        [
            95.74314675479235,
            79.10255040977307
        ],
        [
            13.395302813842058,
            79.53619973560862
        ],
        [
            53.119449960300614,
            60.630661249752315
        ],
        [
            38.53671988406846,
            80.38059537003815
        ],
        [
            95.23162171776409,
            69.68036199223177
        ],
        [
            14.574107554061522,
            15.579110629217519
        ]
    ],
    "distances": [
        [
            0.0,
            80.10492258693205,
            40.51208153127543,
            27.549367655018415,
            12.490771698361916,
            75.21387655964783,
            82.47767734125513,
            16.985071359006465,
            46.65767756853323,
            103.07104504332749,
            63.96795156622115,
            59.29068758691219,
            69.09008043339513,
            97.1214702839281,
            0.0
        ],
        [
            80.10492258693205,
            0.0,
            41.427927356830814,
            83.52523523384266,
            92.09976677522125,
            24.923931656456,
            14.539208477776183,
            63.43534405647966,
            39.67384104782891,
            26.63268791433002,
            74.97862732681564,
            31.642520101201647,
            52.27024196518993,
            18.267154882002117,
            80.10492258693205
        ],
        [
            40.51208153127543,
            41.427927356830814,
            0.0,
            52.69027938550417,
            51.734328572936796,
            45.19088383716601,
            47.60115826001038,
            25.588333975074054,
            8.5359802336266,
            66.76703101335859,
            65.4811597923589,
            33.03942626705568,
            54.804965904572335,
            59.4367316189058,
            40.51208153127543
        ],
        [
            27.549367655018415,
            83.52523523384266,
            52.69027938550417,
            0.0,
            33.915563521946765,
            70.36337470000053,
            81.00306373033182,
            29.090483023422795,
            60.90555778953385,
            101.43633952291226,
            40.989107013989425,
            54.991384532876594,
            54.294954705326205,
            97.71529901760283,
            27.549367655018415
        ],
        [
            12.490771698361916,
            92.09976677522125,
            51.734328572936796,
            33.915563521946765,
            0.0,
            87.70381901716296,
            94.88101150129037,
            29.412960655526472,
            57.07574637774259,
            115.42787118210083,
            73.45169177040708,
            71.77154296326306,
            80.75235634904061,
            109.32444796492251,
            12.490771698361916
        ],
        [
            75.21387655964783,
            24.923931656456,
            45.19088383716601,
            70.36337470000053,
            87.70381901716296,
            0.0,
            13.161675925103653,
            58.457497417544744,
            48.162602649575426,
            31.51717139292725,
            52.51748300252973,
            16.060674140293383,
            28.249770657505504,
            30.026882242961214,
            75.21387655964783
        ],
        [
            82.47767734125513,
            14.539208477776183,
            47.60115826001038,
            81.00306373033182,
            94.88101150129037,
            13.161675925103653,
            0.0,
            65.49289387292909,
            48.26341426013152,
            20.756340076467843,
            65.65639055391566,
            26.078027419292987,
            41.36063113652832,
            17.22473486719451,
            82.47767734125513
        ],
        [
            16.985071359006465,
            63.43534405647966,
            25.588333975074054,
            29.090483023422795,
            29.412960655526472,
            58.457497417544744,
            65.49289387292909,
            0.0,
            33.04254071319588,
            86.09133713984804,
            55.07633334234779,
            42.67199903689389,
            55.103910215658914,
            80.23149426428446,
            16.985071359006465
        ],
        [
            46.65767756853323,
            39.67384104782891,
            8.5359802336266,
            60.90555778953385,
            57.07574637774259,
            48.162602649575426,
            48.26341426013152,
            33.04254071319588,
            0.0,
            66.00743930608667,
            73.47766535445973,
            38.14363825998644,
            61.263769029969495,
            57.94087422083385,
            46.65767756853323
        ],
        [
            103.07104504332749,
            26.63268791433002,
            66.76703101335859,
            101.43633952291226,
            115.42787118210083,
            31.51717139292725,
            20.756340076467843,
            86.09133713984804,
            66.00743930608667,
            0.0,
            82.34898574640067,
            46.45417330626881,
            57.220701448304,
            9.436063397368434,
            103.07104504332749
        ],
        [
            63.96795156622115,
            74.97862732681564,
            65.4811597923589,
            40.989107013989425,
            73.45169177040708,
            52.51748300252973,
            65.65639055391566,
            55.07633334234779,
            73.47766535445973,
            82.34898574640067,
            0.0,
            43.99349101803226,
            25.155592942455467,
            82.42766907639812,
            63.96795156622115
        ],
        [
            59.29068758691219,
            31.642520101201647,
            33.03942626705568,
            54.991384532876594,
            71.77154296326306,
            16.060674140293383,
            26.078027419292987,
            42.67199903689389,
            38.14363825998644,
            46.45417330626881,
            43.99349101803226,
            0.0,
            24.550273200758408,
            43.07356606619119,
            59.29068758691219
        ],
        [
            69.09008043339513,
            52.27024196518993,
            54.804965904572335,
            54.294954705326205,
            80.75235634904061,
            28.249770657505504,
            41.36063113652832,
            55.103910215658914,
            61.263769029969495,
            57.220701448304,
            25.155592942455467,
            24.550273200758408,
            0.0,
            57.695813437994836,
            69.09008043339513
        ],
        [
            97.1214702839281,
            18.267154882002117,
            59.4367316189058,
            97.71529901760283,
            109.32444796492251,
            30.026882242961214,
            17.22473486719451,
            80.23149426428446,
            57.94087422083385,
            9.436063397368434,
            82.42766907639812,
            43.07356606619119,
            57.695813437994836,
            0.0,
            97.1214702839281
        ],
        [
            0.0,
            80.10492258693205,
