{
    "vertices": [
        [
            60.15954242686825,
            55.572036724997595
        ],
        [
            99.18093840521237,
            9.629037606022361
        ],
        [
            27.577701396997067,
            57.812352738213534
        ],
        [
            79.4341036236574,
            48.4796518232171
        ],
        [
            94.72111435573694,
            42.13137268392663
        ],
        [
            54.234745582279444,
            18.671047730627166
        ],
        [
            54.91189386861396,
            14.13365699329413
        ],
        [
            17.482456584475305,
            66.6567492909632
        ],
        [
            44.91043380606461,
            99.98642683104889
        ],
        [
            8.224519791232844,
            92.25065775557096
        ],
        [
            10.872439155133673,
            79.69481864726197
        ],
        [
            63.62608208965126,
            73.29322448802387
        ],
        [
            94.00819997342587,
            31.086282159329336
        ],
        [
            23.10717244810071,
            43.997385193469775
        ],
        [
            60.15954242686825,
            55.572036724997595
        ]
    ],
    "distances": [
        [
            0.0,
            60.27792723829255,
            32.6587718803826,
            20.538028944467243,
            37.083064922674644,
            37.3736030697108,
            41.769332412426714,
            44.093134484509626,
            46.95927344222412,
            63.581190747487426,
            54.87373831431347,
            18.057059366521447,
            41.776593857736614,
            38.81817459798662,
            0.0
        ],
        [
            60.27792723829255,
            0.0,
            86.30559313962621,
            43.581047588869666,
            32.80688671710019,
            45.84668141065091,
            44.49763926330832,
            99.63333695020981,
            105.40277727369929,
            122.87962484976009,
            112.72801210311516,
            72.91965783632428,
            22.07194070996257,
            83.47695000890367,
            60.27792723829255
        ],
        [
            32.6587718803826,
            86.30559313962621,
            0.0,
            52.689522281588,
            68.95020695553293,
            47.356517633721786,
            51.526561500381895,
            13.421524436778329,
            45.596887375700405,
            39.50370224085631,
            27.530130781202143,
            39.231914823222674,
            71.60512544294863,
            14.52029467143294,
            32.6587718803826
        ],
        [
            20.538028944467243,
            43.581047588869666,
            52.689522281588,
            0.0,
            16.552744339023228,
            39.032813422123816,
            42.20173138779312,
            64.5632514920008,
            62.006706487133904,
            83.5865167949787,
            75.3331830905039,
            29.42119870452677,
            22.69214826051041,
            56.50498995483538,
            20.538028944467243
        ],
        [
            37.083064922674644,
            32.80688671710019,
            68.95020695553293,
            16.552744339023228,
            0.0,
            46.79244493905827,
            48.668738628465206,
            81.03890640934793,
            76.34337683904187,
            99.96801292087859,
            91.87824990462474,
            44.022290257202975,
            11.068074431130956,
            71.63824871000176,
            37.083064922674644
        ],
        [
            37.3736030697108,
            45.84668141065091,
            47.356517633721786,
            39.032813422123816,
            46.79244493905827,
            0.0,
            4.587640407107057,
            60.44301697314382,
            81.8482355848027,
            86.7807575950216,
            74.86113968921133,
            55.4236357081614,
            41.666121971263856,
            40.129156214720375,
            37.3736030697108
        ],
        [
            41.769332412426714,
            44.49763926330832,
            51.526561500381895,
            42.20173138779312,
            48.668738628465206,
            4.587640407107057,
            0.0,
            64.49525563881993,
            86.43336908970554,
            91.00536636009372,
            78.97936115769983,
            59.7979222257358,
            42.61352662079546,
            43.62777288208075,
            41.769332412426714
        ],
        [
            44.093134484509626,
            99.63333695020981,
            13.421524436778329,
            64.5632514920008,
            81.03890640934793,
            60.44301697314382,
            64.49525563881993,
            0.0,
            43.1643526465313,
            27.216861394407562,
            14.61791992575746,
            46.618418868545156,
            84.38866945979275,
            23.3470385670066,
            44.093134484509626
        ],
        [
            46.95927344222412,
            105.40277727369929,
            45.596887375700405,
            62.006706487133904,
            76.34337683904187,
            81.8482355848027,
            86.43336908970554,
            43.1643526465313,
            0.0,
            37.49264474924049,
            39.62744557173893,
            32.60065247814216,
            84.60390403763155,
            60.08456531704502,
            46.95927344222412
        ],
        [
            63.581190747487426,
            122.87962484976009,
            39.50370224085631,
            83.5865167949787,
            99.96801292087859,
            86.7807575950216,
            91.00536636009372,
            27.216861394407562,
            37.49264474924049,
            0.0,
            12.832013586006772,
            58.55525067147299,
            105.3561608434879,
            50.496253950737795,
            63.581190747487426
        ],
        [
            54.87373831431347,
            112.72801210311516,
            27.530130781202143,
            75.3331830905039,
            91.87824990462474,
            74.86113968921133,
            78.97936115769983,
            14.61791992575746,
            39.62744557173893,
            12.832013586006772,
            0.0,
            53.14063652838728,
            96.3033984152946,
            37.73586429297676,
            54.87373831431347
        ],
        [
            18.057059366521447,
            72.91965783632428,
            39.231914823222674,
            29.42119870452677,
            44.022290257202975,
            55.4236357081614,
            59.7979222257358,
            46.618418868545156,
            32.60065247814216,
            58.55525067147299,
            53.14063652838728,
            0.0,
            52.00479850784275,
            50.00028238432736,
            18.057059366521447
        ],
        [
            41.776593857736614,
            22.07194070996257,
            71.60512544294863,
            22.69214826051041,
            11.068074431130956,
            41.666121971263856,
            42.61352662079546,
            84.38866945979275,
            84.60390403763155,
            105.3561608434879,
            96.3033984152946,
            52.00479850784275,
            0.0,
            72.06699858954241,
            41.776593857736614
        ],
        [
            38.81817459798662,
            83.47695000890367,
            14.52029467143294,
            56.50498995483538,
            71.63824871000176,
            40.129156214720375,
            43.62777288208075,
            23.3470385670066,
            60.08456531704502,
            50.496253950737795,
            37.73586429297676,
            50.00028238432736,
            72.06699858954241,
            0.0,
            38.81817459798662
        ],
        [
            0.0,
            60.27792723829255,
            32.6587718803826,
