{
    "vertices": [
        [
            78.24472849861034,
            99.23802557229499
        ],
        [
            96.28163237281898,
            71.63007933966603
        ],
        [
            74.66749449236485,
            68.70284873794297
        ],
        [
            10.036102203316288,
            5.622174020821635
        ],
        [
            20.479612667230185,
            52.82088664495096
        ],
        [
            36.30507713319292,
            15.722881517095876
        ],
        [
            77.24076327980704,
            25.588489624308476
        ],
        [
            97.18466395137128,
            4.669473094752918
        ],
        [
            56.71717714540514,
            13.609115668864336
        ],
        [
            18.860743727688778,
            81.76637767475829
        ],
        [
            5.519000601642676,
            19.32180259028815
        ],
        [
            45.134330402196674,
            80.99945302280581
        ],
        [
            3.669257548621019,
            45.92339810635764
        ],
        [
            62.352708503754016,
            85.5894830974391
        ],
        [
            39.14087827259056,
            59.52797693077609
        ],
        [
            78.24472849861034,
            99.23802557229499
        ]
    ],
    "distances": [
        [
            0.0,
            32.97769847262198,
            30.74400148712895,
            115.82894440854831,
            74.10370701397551,
            93.45433988431687,
            73.65637848492365,
            96.44652545660927,
            88.29352002562098,
            61.900857243890755,
            108.05384858418334,
            37.80137551394095,
            91.67306239700069,
            20.948484699492194,
            55.73149078941621,
            0.0
        ],
        [
            32.97769847262198,
            0.0,
            21.811456515119428,
            108.60633056502795,
            78.100780542024,
            81.99269447203152,
            49.82351532494004,
            66.96669511569284,
            70.22662132503972,
            78.08161462559316,
            104.7569145332166,
            51.99838134104115,
            96.1139190263755,
            36.688374564503874,
            58.408275628185,
            32.97769847262198
        ],
        [
            30.74400148712895,
            21.811456515119428,
            0.0,
            90.31272552629645,
            56.46736452693711,
            65.41064127771054,
            43.191083269951235,
            67.87706620580693,
            57.94422591029629,
            57.315348897077165,
            84.97059447827853,
            31.990846473879152,
            74.563080812134,
            20.900056792664486,
            36.69221624139206,
            30.74400148712895
        ],
        [
            115.82894440854831,
            108.60633056502795,
            90.31272552629645,
            0.0,
            48.340308068784836,
            28.143975124203358,
            70.10791844851788,
            87.15376901665863,
            47.35941294651101,
            76.65385866429595,
            14.425118017582577,
            83.14817985045522,
            40.80104623229175,
            95.56044064229856,
            61.261109828417695,
            115.82894440854831
        ],
        [
            74.10370701397551,
            78.100780542024,
            56.46736452693711,
            48.340308068784836,
            0.0,
            40.332459756749415,
            62.95579136468329,
            90.56612788115052,
            53.39217229511229,
            28.990725889499014,
            36.68798912285009,
            37.441777598052724,
            18.170398656985366,
            53.17082911146607,
            19.829974636797093,
            74.10370701397551
        ],
        [
            93.45433988431687,
            81.99269447203152,
            65.41064127771054,
            28.143975124203358,
            40.332459756749415,
            0.0,
            42.10772641237229,
            61.87488932437164,
            20.521253201734638,
            68.3084778976194,
            30.995721335331687,
            65.87098375482392,
            44.46535642739189,
            74.5642080116396,
            43.896789772189905,
            93.45433988431687
        ],
        [
            73.65637848492365,
            49.82351532494004,
            43.191083269951235,
            70.10791844851788,
            62.95579136468329,
            42.10772641237229,
            0.0,
            28.90267161632362,
            23.763900946195417,
            81.01963829044526,
            71.99501793905804,
            64.0405956942478,
            76.33003968639903,
            61.82049330745767,
            51.024406279632444,
            73.65637848492365
        ],
        [
            96.44652545660927,
            66.96669511569284,
            67.87706620580693,
            87.15376901665863,
            90.56612788115052,
            61.87488932437164,
            28.90267161632362,
            0.0,
            41.44315019088087,
            109.90254398795432,
            92.82933047798798,
            92.387786305319,
            102.21065288674488,
            88.09831518899567,
            79.86574045891767,
            96.44652545660927
        ],
        [
            88.29352002562098,
            70.22662132503972,
            57.94422591029629,
            47.35941294651101,
            53.39217229511229,
            20.521253201734638,
            23.763900946195417,
            41.44315019088087,
            0.0,
            77.96487616388592,
            51.51590116913879,
            68.37850471716017,
            62.1151722447661,
            72.2006406401187,
            49.167754694079775,
            88.29352002562098
        ],
        [
            61.900857243890755,
            78.08161462559316,
            57.315348897077165,
            76.65385866429595,
            28.990725889499014,
            68.3084778976194,
            81.01963829044526,
            109.90254398795432,
            77.96487616388592,
            0.0,
            63.85395106899359,
            26.28477753690625,
            38.9294289281206,
            43.659674015679855,
            30.097015214291044,
            61.900857243890755
        ],
        [
            108.05384858418334,
            104.7569145332166,
            84.97059447827853,
            14.425118017582577,
            36.68798912285009,
            30.995721335331687,
            71.99501793905804,
            92.82933047798798,
            51.51590116913879,
            63.85395106899359,
            0.0,
            73.3042080516699,
            26.665828945726965,
            87.30106433314742,
            52.41151699023693,
            108.05384858418334
        ],
        [
            37.80137551394095,
            51.99838134104115,
            31.990846473879152,
            83.14817985045522,
            37.441777598052724,
            65.87098375482392,
            64.0405956942478,
            92.387786305319,
            68.37850471716017,
            26.28477753690625,
            73.3042080516699,
            0.0,
            54.31097398550338,
            17.8196779020898,
            22.29228014359419,
            37.80137551394095
        ],
        [
            91.67306239700069,
            96.1139190263755,
            74.563080812134,
            40.80104623229175,
            18.170398656985366,
            44.46535642739189,
            76.33003968639903,
            102.21065288674488,
            62.1151722447661,
            38.9294289281206,
            26.665828945726965,
            54.31097398550338,
            0.0,
            70.83181287051178,
            37.99105739216744,
            91.67306239700069
        ],
        [
            20.948484699492194,
            36.688374564503874,
