{
    "vertices": [
        [
            79.27451478457222,
            39.334609840816235
        ],
        [
            11.815954838060517,
            1.7942145377503826
        ],
        [
            23.878775241581884,
            89.03735626686482
        ],
        [
            15.039282804275278,
            82.36286626033933
        ],
        [
            99.72254435829018,
            53.24786149557206
        ],
        [
            80.65433429707447,
            99.78087755115975
        ],
        [
            82.66925530482392,
            99.70135470307534
        ],
        [
            55.564674356244225,
            44.4842366584196
        ],
        [
            98.40052264529416,
            68.20256611207107
        ],
        [
            26.429341440132394,
            44.409760718959134
        ],
        [
            52.075130270737304,
            39.76578929185565
        ],
        [
            89.36896029975381,
            74.70769803616852
        ],
        [
            65.00406906750493,
            21.363531471601117
        ],
        [
            94.11341395824735,
            2.067161145413887
        ],
        [
            48.15459528238388,
            87.29528562504697
        ],
        [
            41.747036089588526,
            39.79082540666396
        ],
        [
            28.58719977451438,
            23.826590790675397
        ],
        [
            49.79895028258934,
            68.4406219818703
        ],
        [
            79.27451478457222,
            39.334609840816235
        ]
    ],
    "distances": [
        [
            0.0,
            77.20063853082797,
            74.42480071728045,
            77.31491368466237,
            24.732579425854677,
            60.46201437264226,
            60.46212160075864,
            24.26262948440165,
            34.62893408650458,
            53.08831794509794,
            27.2028019448446,
            36.785230714719475,
            22.947881791490815,
            40.113036047536255,
            57.172334319168556,
            37.53025166242529,
            53.0066274892901,
            41.42425431393714,
            0.0
        ],
        [
            77.20063853082797,
            0.0,
            88.07313673790642,
            80.6331041419938,
            101.85797104958603,
            119.7501925470128,
            120.8552782562104,
            61.12600468003724,
            109.1190017420615,
            45.05147993467417,
            55.34113927112135,
            106.44644067330539,
            56.673923991037746,
            82.29791174440247,
            92.90279837774942,
            48.369536512243045,
            27.689352828641255,
            76.71017903868261,
            77.20063853082797
        ],
        [
            74.42480071728045,
            88.07313673790642,
            0.0,
            11.076346121190387,
            83.8639687220498,
            57.783106144009125,
            59.74982350362183,
            54.671534362490554,
            77.37945022353796,
            44.70042138862496,
            56.76902103350905,
            67.03956625726458,
            79.18987532941665,
            111.78872624340869,
            24.33824662490064,
            52.387933224141634,
            65.38052611881385,
            33.107113093157714,
            74.42480071728045
        ],
        [
            77.31491368466237,
            80.6331041419938,
            11.076346121190387,
            0.0,
            89.54852477778805,
            67.88756955238446,
            69.81716380592853,
            55.471595803256164,
            84.5553688899819,
            39.6253915559633,
            56.446124435765874,
            74.72283825660132,
            78.85048326420575,
            112.69480235422857,
            33.48063143538542,
            50.25617124290474,
            60.083621729160704,
            37.44413664316922,
            77.31491368466237
        ],
        [
            24.732579425854677,
            101.85797104958603,
            83.8639687220498,
            89.54852477778805,
            0.0,
            50.2883507203033,
            49.484762288209744,
            45.01909154352124,
            15.013025397179932,
            73.82415336012882,
            49.51810113622043,
            23.826902593629278,
            47.13791496867846,
            51.48714822339033,
            61.79385456295485,
            59.516815937283376,
            76.97953246768476,
            52.18414717736965,
            24.732579425854677
        ],
        [
            60.46201437264226,
            119.7501925470128,
            57.783106144009125,
            67.88756955238446,
            50.2883507203033,
            0.0,
            2.016489660483662,
            60.72239726795348,
            36.22315494589845,
            77.5003898672815,
            66.47241323700432,
            26.544472821240028,
            79.96381036392114,
            98.63628743595496,
            34.81555746743709,
            71.50233709540942,
            92.08713360010864,
            43.9802949265887,
            60.46201437264226
        ],
        [
            60.46212160075864,
            120.8552782562104,
            59.74982350362183,
            69.81716380592853,
            49.484762288209744,
            2.016489660483662,
            0.0,
            61.5108806111208,
            35.208613361479124,
            78.86753626690945,
            67.29244004911637,
            25.876029846216824,
            80.30487751964301,
            98.30261705030863,
            36.67659071442481,
            72.55273631005207,
            93.1764376285438,
            45.361772039034804,
            60.46212160075864
        ],
        [
            24.26262948440165,
            61.12600468003724,
            54.671534362490554,
            55.471595803256164,
            45.01909154352124,
            60.72239726795348,
            61.5108806111208,
            0.0,
            48.96395664889076,
            29.13542810391205,
            5.868616828157262,
            45.34520223576956,
            24.973369433273348,
            57.31678305678951,
            43.44761426711287,
            14.592985864663005,
            33.978264634984065,
            24.640453970232922,
            24.26262948440165
        ],
        [
            34.62893408650458,
            109.1190017420615,
            77.37945022353796,
            84.5553688899819,
            15.013025397179932,
            36.22315494589845,
            35.208613361479124,
            48.96395664889076,
            0.0,
            75.80203501582743,
            54.35708099759765,
            11.130402497272692,
            57.525805319218044,
            66.27421135704517,
            53.75114096426258,
            63.378581151906566,
            82.7231964807022,
            48.6021553711806,
            34.62893408650458
        ],
        [
            53.08831794509794,
            45.05147993467417,
            44.70042138862496,
            39.6253915559633,
            73.82415336012882,
            77.5003898672815,
            78.86753626690945,
            29.13542810391205,
            75.80203501582743,
            0.0,
            26.062865447984287,
            69.8524203436929,
            44.93482273301808,
            79.83751881968176,
            48.0744724462052,
            15.998947865192397,
            20.695971513506336,
            33.52045510560269,
            53.08831794509794
        ],
        [
            27.2028019448446,
            55.34113927112135,
            56.76902103350905,
            56.446124435765874,
            49.51810113622043,
            66.47241323700432,
            67.29244004911637,
            5.868616828157262,
            54.35708099759765,
            26.062865447984287,
            0.0,
            51.10544731170115,
            22.490010033205454,
