{
    "vertices": [
        [
            14.878964912062177,
            2.0055729244261133
        ],
        [
            13.800100431395023,
            74.80344602558785
        ],
        [
            47.32758547332933,
            64.5891079757162
        ],
        [
            67.09444160877993,
            58.48160732304931
        ],
        [
            25.171367606630547,
            19.175264185479215
        ],
        [
            62.849656715160926,
            34.425957983828205
        ],
        [
            51.67437748661082,
            59.67067259607269
        ],
        [
            62.91361448302044,
            19.002928354574568
        ],
        [
            79.54809892821632,
            76.7557130854098
        ],
        [
            14.094335951624126,
            65.80853871553161
        ],
        [
            28.582888008910544,
            4.7784495909309
        ],
        [
            1.2557088402419314,
            32.67201218011452
        ],
        [
            15.723634857787172,
            44.645665512655796
        ],
        [
            89.625421375032,
            14.217212082574193
        ],
        [
            22.703983064073107,
            56.57374933785735
        ],
        [
            76.96618021322368,
            47.397199651290165
        ],
        [
            82.6351544332766,
            61.895758401769044
        ],
        [
            65.07899503695756,
            24.410311143893882
        ],
        [
            53.64896814347344,
            56.76334637114081
        ],
        [
            15.60686541811508,
            85.09512934253742
        ],
        [
            14.878964912062177,
            2.0055729244261133
        ]
    ],
    "distances": [
        [
            0.0,
            72.80586704806483,
            70.49547386779626,
            76.91552813353066,
            20.01828791947607,
            57.898779257146586,
            68.40443046084214,
            50.95328891272435,
            98.84169337119842,
            63.807790169747584,
            13.981643438880168,
            33.55627516011297,
            42.64845792347024,
            75.73742063669359,
            55.12637105929116,
            76.91048095522315,
            90.43083287764891,
            54.97285984213742,
            67.09341922577336,
            83.09274471880931,
            0.0
        ],
        [
            72.80586704806483,
            0.0,
            35.04889377760993,
            55.737682228122736,
            56.77851998781565,
            63.53109878002081,
            40.78555742078666,
            74.33596057664334,
            65.77697661804532,
            8.999718443255187,
            71.56836545734201,
            43.95929342320788,
            30.21906203302313,
            97.05756559693394,
            20.2879512830438,
            68.85532641221772,
            70.03479891622476,
            71.89570971325752,
            43.74217019624319,
            10.449073892628748,
            72.80586704806483
        ],
        [
            70.49547386779626,
            35.04889377760993,
            0.0,
            20.688889909850836,
            50.53033938101612,
            33.922710874421995,
            6.563962781007888,
            48.17700771884782,
            34.44107674263068,
            33.255614339553645,
            62.67917149623212,
            56.047469349829164,
            37.370450783834926,
            65.7756400032482,
            25.895323317205893,
            34.263800285303475,
            35.410147666861164,
            43.92548527163391,
            10.05994152836112,
            37.771695661140235,
            70.49547386779626
        ],
        [
            76.91552813353066,
            55.737682228122736,
            20.688889909850836,
            0.0,
            57.467666949669166,
            24.427289328221928,
            15.465841514619148,
            39.69943839088125,
            22.114170164034828,
            53.50415986911505,
            66.08455879459589,
            70.71685749529006,
            53.20143862743223,
            49.66871988719114,
            44.431438553134825,
            14.843022485606427,
            15.91132246803509,
            34.13085478290284,
            13.55482118676283,
            57.9590377445252,
            76.91552813353066
        ],
        [
            20.01828791947607,
            56.77851998781565,
            50.53033938101612,
            57.467666949669166,
            0.0,
            40.64771988041887,
            48.39718623059709,
            37.74264032784374,
            79.19808712801998,
            47.930813926755384,
            14.795497353079146,
            27.461262546740873,
            27.166173780291665,
            64.6444686561434,
            37.479790263200506,
            58.98457641102881,
            71.60396233828315,
            40.24952724908202,
            47.15758321555554,
            66.61012178669887,
            20.01828791947607
        ],
        [
            57.898779257146586,
            63.53109878002081,
            33.922710874421995,
            24.427289328221928,
            40.64771988041887,
            0.0,
            27.607652592890503,
            15.423162241930322,
            45.504352970926014,
            57.982304853612405,
            45.312097628277776,
            61.61891544566979,
            48.221409747916375,
            33.54601293778818,
            45.84975217775179,
            19.171054902301524,
            33.85344672193753,
            10.260756842227451,
            24.158054353751854,
            69.27659240836309,
            57.898779257146586
        ],
        [
            68.40443046084214,
            40.78555742078666,
            6.563962781007888,
            15.465841514619148,
            48.39718623059709,
            27.607652592890503,
            0.0,
            42.19224893216012,
            32.693163742998415,
            38.07798474541066,
            59.551431827832324,
            57.192392958579454,
            38.96417243341177,
            59.214008518871935,
            29.135454118044557,
            28.112513642294783,
            31.04063008355182,
            37.72236553305428,
            3.5144777763340302,
            44.12786452644114,
            68.40443046084214
        ],
        [
            50.95328891272435,
            74.33596057664334,
            48.17700771884782,
            39.69943839088125,
            37.74264032784374,
            15.423162241930322,
            42.19224893216012,
            0.0,
            60.10066735838844,
            67.63199773470974,
            37.16092808767698,
            63.15489831266785,
            53.70702138443698,
            27.137127844932408,
            55.03072821801906,
            31.6813706470091,
            47.20946946818042,
            5.824831463106532,
            38.880365746514045,
            81.27796465539231,
            50.95328891272435
        ],
        [
            98.84169337119842,
            65.77697661804532,
            34.44107674263068,
            22.114170164034828,
            79.19808712801998,
            45.504352970926014,
            32.693163742998415,
            60.10066735838844,
            0.0,
            66.36290917734414,
            88.19398609997718,
            89.85027006745767,
            71.44660502082675,
            63.345217146827785,
            60.320520298515824,
            29.47182748511215,
            15.177225203942244,
            54.3083425620309,
            32.71788046684911,
            64.48276673889652,
            98.84169337119842
        ],
        [
            63.807790169747584,
            8.999718443255187,
            33.255614339553645,
            53.50415986911505,
            47.930813926755384,
            57.982304853612405,
            38.07798474541066,
            67.63199773470974,
