{
    "vertices": [
        [
            53.07827917981195,
            16.16982635327153
        ],
        [
            15.495787570963483,
            50.49564599047488
        ],
        [
            64.1345209357702,
            41.42416246917493
        ],
        [
            97.72621362622272,
            62.09635624784612
        ],
        [
            45.73007623186373,
            28.00798316001114
        ],
        [
            95.30817904235752,
            48.41775333394782
        ],
        [
            68.63962639563334,
            35.77685365915752
        ],
        [
            26.467378369181617,
            12.780714635399459
        ],
        [
            11.895252543939282,
            2.1905421180789975
        ],
        [
            37.38412305217438,
            45.581462305152755
        ],
        [
            21.498993832369916,
            85.39343626551242
        ],
        [
            95.25749517296055,
            26.07299775293972
        ],
        [
            42.7318991659581,
            2.8506412840220707
        ],
        [
            63.742720965115154,
            20.104674143553314
        ],
        [
            3.2157686726117407,
            51.68585304204109
        ],
        [
            14.759811503164045,
            1.5039016716669296
        ],
        [
            96.64515602175564,
            38.31679429131219
        ],
        [
            53.07827917981195,
            16.16982635327153
        ]
    ],
    "distances": [
        [
            0.0,
            50.89897414776629,
            27.56849604931719,
            64.05219901368139,
            13.933342856084115,
            53.13467076167553,
            25.03180071319502,
            26.825847986399683,
            43.49094239746134,
            33.33692946155443,
            76.08652595786761,
            43.326193758139986,
            16.86559427651431,
            11.367204833414695,
            61.218119097519185,
            41.02918853514909,
            48.872906058568795,
            0.0
        ],
        [
            50.89897414776629,
            0.0,
            49.477451395660815,
            83.0446834403319,
            37.68032895832069,
            79.83943555834485,
            55.14445078804334,
            39.278389118720185,
            48.439105200279904,
            22.43319931331958,
            35.41036926519539,
            83.41699914598256,
            54.88034482665821,
            57.0208536567113,
            12.337562845613954,
            48.997272089084966,
            82.05817709815774,
            50.89897414776629
        ],
        [
            27.56849604931719,
            49.477451395660815,
            0.0,
            39.44288799559095,
            22.77536941774569,
            31.94850971376024,
            7.224131228057048,
            47.32082768652643,
            65.33160129652168,
            27.071515082405504,
            61.246103627594714,
            34.70299386960438,
            44.113362547453484,
            21.323088183547,
            61.776991434621706,
            63.49400880158175,
            32.65879867182658,
            27.56849604931719
        ],
        [
            64.05219901368139,
            83.0446834403319,
            39.44288799559095,
            0.0,
            62.17407404785768,
            13.890682809886455,
            39.22685015698649,
            86.65941443280934,
            104.6692908491247,
            62.56124692479413,
            79.70786018235523,
            36.10785133532625,
            80.83581733692779,
            54.02017344840292,
            95.08208444458718,
            102.73689421435424,
            23.804122592290852,
            64.05219901368139
        ],
        [
            13.933342856084115,
            37.68032895832069,
            22.77536941774569,
            62.17407404785768,
            0.0,
            53.61480203116307,
            24.190966031532998,
            24.55445449749612,
            42.55978801576172,
            19.454616514912185,
            62.2915370044338,
            49.56520347474118,
            25.335368874044754,
            19.670222766810596,
            48.66320858094965,
            40.76301795631096,
            51.94821399193524,
            13.933342856084115
        ],
        [
            53.13467076167553,
            79.83943555834485,
            31.94850971376024,
            13.890682809886455,
            53.61480203116307,
            0.0,
            29.512777654080832,
            77.51809056295033,
            95.36598640934342,
            57.99345488202867,
            82.552994794967,
            22.344813063205738,
            69.57461394942823,
            42.402931465497716,
            92.1503799417653,
            93.21453208067663,
            10.189056925174333,
            53.13467076167553
        ],
        [
            25.03180071319502,
            55.14445078804334,
            7.224131228057048,
            39.22685015698649,
            24.190966031532998,
            29.512777654080832,
            0.0,
            48.03458039375976,
            65.93909528311112,
            32.75724103086368,
            68.44007969017754,
            28.33153292174019,
            41.89684703626013,
            16.419406005235466,
            67.33036031929996,
            63.85663388234296,
            28.120472756596463,
            25.03180071319502
        ],
        [
            26.825847986399683,
            39.278389118720185,
            47.32082768652643,
            86.65941443280934,
            24.55445449749612,
            77.51809056295033,
            48.03458039375976,
            0.0,
            18.013844814844614,
            34.56970295169568,
            72.78249918378664,
            70.06257888740889,
            19.056258644143924,
            37.98804481045707,
            45.323803325863594,
            16.25526476380125,
            74.67939368023309,
            26.825847986399683
        ],
        [
            43.49094239746134,
            48.439105200279904,
            65.33160129652168,
            104.6692908491247,
            42.55978801576172,
            95.36598640934342,
            65.93909528311112,
            18.013844814844614,
            0.0,
            50.323498233594435,
            83.75531888330507,
            86.71583006170731,
            30.8437109602613,
            54.855046330405685,
            50.25056461107991,
            2.945704182962678,
            92.12845508084473,
            43.49094239746134
        ],
        [
            33.33692946155443,
            22.43319931331958,
            27.071515082405504,
            62.56124692479413,
            19.454616514912185,
            57.99345488202867,
            32.75724103086368,
            34.56970295169568,
            50.323498233594435,
            0.0,
            42.864094542521734,
            61.07296775019159,
            43.06415881569103,
            36.65845630911235,
            34.709365123493484,
            49.544836506595736,
            59.704651661098524,
            33.33692946155443
        ],
        [
            76.08652595786761,
            35.41036926519539,
            61.246103627594714,
            79.70786018235523,
            62.2915370044338,
            82.552994794967,
            68.44007969017754,
            72.78249918378664,
            83.75531888330507,
            42.864094542521734,
            0.0,
            94.65321413102583,
            85.22997871794563,
            77.76345505109452,
            38.34680546029435,
            84.15979201993242,
            88.67443775610023,
            76.08652595786761
        ],
        [
            43.326193758139986,
            83.41699914598256,
            34.70299386960438,
            36.10785133532625,
            49.56520347474118,
            22.344813063205738,
            28.33153292174019,
