{
    "vertices": [
        [
            64.84663581161205,
            62.62978417156867
        ],
        [
            30.670494031013675,
            42.40496055668728
        ],
        [
            17.45196488740254,
            89.83161364126227
        ],
        [
            28.155991449811346,
            6.665212225913408
        ],
        [
            31.666864062350875,
            1.2463505109925332
        ],
        [
            1.955373129477167,
            4.606750186424047
        ],
        [
            15.545787997297221,
            6.0523260828939325
        ],
        [
            26.298349888959105,
            46.38148501010998
        ],
        [
            41.3715657078096,
            16.373065413089826
        ],
        [
            35.391394380854166,
            18.078085663746368
        ],
        [
            73.40417552184519,
            52.61859175137387
        ],
        [
            17.566574898522703,
            91.24128004446229
        ],
        [
            42.027072878699634,
            35.7162659718952
        ],
        [
            53.08759364975856,
            31.963845829437354
        ],
        [
            36.76445078347837,
            52.73753866473279
        ],
        [
            90.93836042980293,
            77.22466246412161
        ],
        [
            8.513735540604905,
            50.772365383533824
        ],
        [
            70.44315035850408,
            8.90769790228173
        ],
        [
            64.84663581161205,
            62.62978417156867
        ]
    ],
    "distances": [
        [
            0.0,
            39.71211600079535,
            54.646082737122164,
            66.91962863573409,
            69.77695308119596,
            85.5685888313845,
            75.0438695629828,
            41.83273327449286,
            51.872564489134795,
            53.408473931354116,
            13.170249032056418,
            55.26320526381045,
            35.285548236258215,
            32.84318570065407,
            29.773572797396184,
            29.896296859744034,
            57.56730003446469,
            54.01280892712656,
            0.0
        ],
        [
            39.71211600079535,
            0.0,
            49.23430648973461,
            35.82809419963511,
            41.17066837121923,
            47.46854617095971,
            39.37347794888797,
            5.910024630030807,
            28.145559148810253,
            24.780713108583516,
            43.937293907805824,
            50.563809169631355,
            13.179928617877072,
            24.729400155772627,
            11.995769223345844,
            69.60335739879864,
            23.684075036585995,
            51.999334579231835,
            39.71211600079535
        ],
        [
            54.646082737122164,
            49.23430648973461,
            0.0,
            83.85240908302929,
            89.71851649694769,
            86.62229336035625,
            83.80096976839913,
            44.34154040693044,
            77.25480963149386,
            73.96209777832615,
            67.19716417422948,
            1.4143177941890737,
            59.43405409494111,
            67.96011027663018,
            41.82035999188096,
            74.55994600183756,
            40.068900887281856,
            96.73027383483573,
            54.646082737122164
        ],
        [
            66.91962863573409,
            35.82809419963511,
            83.85240908302929,
            0.0,
            6.456801745981934,
            26.281355869434318,
            12.625088535852113,
            39.759692604914825,
            16.39798208537982,
            13.51313197162435,
            64.49117188908623,
            85.23641821747606,
            32.19271072399422,
            35.51908853647238,
            46.86965794183412,
            94.44713798023733,
            48.283114821566144,
            42.3465766098955,
            66.91962863573409
        ],
        [
            69.77695308119596,
            41.17066837121923,
            89.71851649694769,
            6.456801745981934,
            0.0,
            29.900919374375043,
            16.822202432884904,
            45.45328712737209,
            17.972165639029193,
            17.238893071943437,
            66.18995647322011,
            91.09283998338046,
            35.993179890086495,
            37.44879403526264,
            51.742901424864996,
            96.3629294328679,
            54.67077381471446,
            39.52589812731967,
            69.77695308119596
        ],
        [
            85.5685888313845,
            47.46854617095971,
            86.62229336035625,
            26.281355869434318,
            29.900919374375043,
            0.0,
            13.66707964240785,
            48.34986025938396,
            41.1349293348786,
            36.047807099254975,
            86.08175354720359,
            88.0298323547033,
            50.73010046509187,
            57.99064284309722,
            59.39902934110947,
            114.85352938617652,
            46.6291340691987,
            68.62269144406505,
            85.5685888313845
        ],
        [
            75.0438695629828,
            39.37347794888797,
            83.80096976839913,
            12.625088535852113,
            16.822202432884904,
            13.66707964240785,
            0.0,
            41.7379760770772,
            27.811660408444702,
            23.20489142891085,
            74.26984654116515,
            85.21291836785299,
            39.764403411949644,
            45.61572127263459,
            51.28099769159287,
            103.67999538943491,
            45.269544694026344,
            54.97157031088529,
            75.0438695629828
        ],
        [
            41.83273327449286,
            5.910024630030807,
            44.34154040693044,
            39.759692604914825,
            45.45328712737209,
            48.34986025938396,
            41.7379760770772,
            0.0,
            33.58135020859745,
            29.728199957133615,
            47.51694759828104,
            45.70169695982536,
            19.003673961134233,
            30.422555790393396,
            12.244945324283849,
            71.62145319790747,
            18.318633627358913,
            57.90551034831463,
            41.83273327449286
        ],
        [
            51.872564489134795,
            28.145559148810253,
            77.25480963149386,
            16.39798208537982,
            17.972165639029193,
            41.1349293348786,
            27.811660408444702,
            33.58135020859745,
            0.0,
            6.218483991688716,
            48.37175075431414,
            78.561613715093,
            19.35430436645184,
            19.5022497350253,
            36.6551554736227,
            78.48429143894569,
            47.57046186188921,
            30.01480878123204,
            51.872564489134795
        ],
        [
            53.408473931354116,
            24.780713108583516,
            73.96209777832615,
            13.51313197162435,
            17.238893071943437,
            36.047807099254975,
            23.20489142891085,
            29.728199957133615,
            6.218483991688716,
            0.0,
            51.36164026647042,
            75.30323500068324,
            18.84509574689229,
            22.493772559174303,
            34.68663959239023,
            81.14051382907157,
            42.32404129012888,
            36.23150022856267,
            53.408473931354116
        ],
        [
            13.170249032056418,
            43.937293907805824,
            67.19716417422948,
            64.49117188908623,
            66.18995647322011,
            86.08175354720359,
            74.26984654116515,
            47.51694759828104,
            48.37175075431414,
            51.36164026647042,
            0.0,
            67.89366461132241,
            35.6400222647815,
