{
    "vertices": [
        [
            48.81537627772962,
            49.668649549395596
        ],
        [
            44.095398765216466,
            79.09179648514127
        ],
        [
            63.563525381661854,
            30.900903284263357
        ],
        [
            16.310657082264434,
            8.042715726880811
        ],
        [
            44.716555056532734,
            13.162519329053858
        ],
        [
            99.51051006538148,
            19.237831323193166
        ],
        [
            13.781242103666635,
            28.949355817590817
        ],
        [
            93.93366361016629,
            23.987182458150713
        ],
        [
            47.558417088659525,
            50.03101952542512
        ],
        [
            40.49394753532971,
            62.22140455085711
        ],
        [
            5.688326189988302,
            16.454460757978694
        ],
        [
            31.89983072466893,
            57.362071547372906
        ],
        [
            56.0258544178909,
            83.3496020578835
        ],
        [
            95.41133708831701,
            53.066042035840034
        ],
        [
            65.85301706574526,
            74.3315426541848
        ],
        [
            3.187110796916448,
            2.2541027486335796
        ],
        [
            60.05141981801779,
            20.67592422667428
        ],
        [
            48.81537627772962,
            49.668649549395596
        ]
    ],
    "distances": [
        [
            0.0,
            29.799324880290662,
            23.869147489263252,
            52.81358855988128,
            36.73551250585572,
            59.12724657604221,
            40.7023302781432,
            51.915292581001694,
            1.3081507567996091,
            15.060472583606279,
            54.4345918175422,
            18.582906753159808,
            34.44412224006821,
            46.71965153518106,
            29.97564844869437,
            65.80332711276246,
            31.093838554897292,
            0.0
        ],
        [
            29.799324880290662,
            0.0,
            51.97470674715126,
            76.28868688725865,
            65.93220322014449,
            81.56795759375966,
            58.593621241563525,
            74.29920006177029,
            29.26638435835338,
            17.250523904438758,
            73.4747511108144,
            24.918122435342053,
            12.667465428241993,
            57.53838215170446,
            22.272269095147028,
            87.04894716906524,
            60.55583158998787,
            29.799324880290662
        ],
        [
            23.869147489263252,
            51.97470674715126,
            0.0,
            52.491240230429646,
            25.88162583337321,
            37.79170484935385,
            49.820520530051056,
            31.147148050501997,
            24.942430492457888,
            38.89960438871686,
            59.650971351195416,
            41.264791107915215,
            52.987569170551865,
            38.80175880522953,
            43.4909439797719,
            66.82776832303482,
            10.811340445028767,
            23.869147489263252
        ],
        [
            52.81358855988128,
            76.28868688725865,
            52.491240230429646,
            0.0,
            28.86360041036745,
            83.94966438066972,
            21.059096372267206,
            79.2436569182371,
            52.33966145568879,
            59.33095195446111,
            13.549589220828938,
            51.72447383397289,
            85.13767690205266,
            91.0165781017005,
            82.75659495249225,
            14.34348309566415,
            45.52858752152018,
            52.81358855988128
        ],
        [
            36.73551250585572,
            65.93220322014449,
            25.88162583337321,
            28.86360041036745,
            0.0,
            55.12972810868809,
            34.73064632003797,
            50.393423243897395,
            36.97786481855695,
            49.24027450658846,
            39.16681665429096,
            46.02030898308813,
            71.09238239100158,
            64.51551789810819,
            64.71784484064112,
            42.93819154091802,
            17.076572560341923,
            36.73551250585572
        ],
        [
            59.12724657604221,
            81.56795759375966,
            37.79170484935385,
            83.94966438066972,
            55.12972810868809,
            0.0,
            86.27758163773943,
            7.325131574802514,
            60.392386973194235,
            73.0105623884754,
            93.86346114890176,
            77.61869396983964,
            77.46763468390094,
            34.07566667161674,
            64.56116373829701,
            97.80922391536723,
            39.48528731500677,
            59.12724657604221
        ],
        [
            40.7023302781432,
            58.593621241563525,
            49.820520530051056,
            21.059096372267206,
            34.73064632003797,
            86.27758163773943,
            0.0,
            80.30587673268205,
            39.81625415150259,
            42.668464448438364,
            14.886829431970645,
            33.6981552723368,
            68.87665831458135,
            85.11807658395797,
            69.07251718138615,
            28.720587643018987,
            47.00403191224359,
            40.7023302781432
        ],
        [
            51.915292581001694,
            74.29920006177029,
            31.147148050501997,
            79.2436569182371,
            50.393423243897395,
            7.325131574802514,
            80.30587673268205,
            0.0,
            53.187826982470924,
            65.70889584518633,
            88.56625470580377,
            70.4420303809004,
            70.43364862402557,
            29.11638015356655,
            57.646138759683865,
            93.31271939638332,
            34.0436613111179,
            51.915292581001694
        ],
        [
            1.3081507567996091,
            29.26638435835338,
            24.942430492457888,
            52.33966145568879,
            36.97786481855695,
            60.392386973194235,
            39.81625415150259,
            53.187826982470924,
            0.0,
            14.089436366945286,
            53.670194806119106,
            17.289755656661455,
            34.377688067941705,
            47.949070002788844,
            30.417228878597236,
            65.2031180138814,
            31.902926781010187,
            1.3081507567996091
        ],
        [
            15.060472583606279,
            17.250523904438758,
            38.89960438871686,
            59.33095195446111,
            49.24027450658846,
            73.0105623884754,
            42.668464448438364,
            65.70889584518633,
            14.089436366945286,
            0.0,
            57.49821233200018,
            9.872788916716138,
            26.222907186360324,
            55.67531174673329,
            28.102274860411562,
            70.62490603792392,
            45.918641720494904,
            15.060472583606279
        ],
        [
            54.4345918175422,
            73.4747511108144,
            59.650971351195416,
            13.549589220828938,
            39.16681665429096,
            93.86346114890176,
            14.886829431970645,
            88.56625470580377,
            53.670194806119106,
            57.49821233200018,
            0.0,
            48.58472589680984,
            83.71873552335296,
            96.90524530863672,
            83.4838106281424,
            14.41895440162398,
            54.52675217384061,
            54.4345918175422
        ],
        [
            18.582906753159808,
            24.918122435342053,
            41.264791107915215,
            51.72447383397289,
            46.02030898308813,
            77.61869396983964,
