{
    "vertices": [
        [
            80.48841864094275,
            54.34021735543284
        ],
        [
            86.30516784999313,
            85.22577214551555
        ],
        [
            31.664905903184916,
            87.85801327924341
        ],
        [
            25.258784718373118,
            36.606110776571256
        ],
        [
            46.976815933031816,
            45.323939015208545
        ],
        [
            86.65750453486004,
            30.776659741210988
        ],
        [
            99.02235769649593,
            25.11960007110512
        ],
        [
            69.35207383924083,
            8.58032028792185
        ],
        [
            40.24896260503095,
            36.622130897957206
        ],
        [
            77.90305809843503,
            39.97750230002389
        ],
        [
            38.78141762113692,
            16.814313507654887
        ],
        [
            60.624987465288015,
            63.04279384710198
        ],
        [
            93.45398557658604,
            24.55350225373063
        ],
        [
            80.48841864094275,
            54.34021735543284
        ]
    ],
    "distances": [
        [
            0.0,
            31.428523128715245,
            59.221432266065754,
            58.00699095256947,
            34.70332536171803,
            24.357727073872923,
            34.6027653720351,
            47.095502494098035,
            43.96753813645541,
            14.59354901652188,
            56.104076444218926,
            21.68618767011217,
            32.48621742389564,
            0.0
        ],
        [
            31.428523128715245,
            0.0,
            54.70362802412566,
            78.04186290115936,
            56.02566868555181,
            54.45025236632146,
            61.43678734301323,
            78.49797887202013,
            66.95885291794832,
            46.02174890513894,
            83.29846642510552,
            33.934586939859464,
            61.09197925022269,
            31.428523128715245
        ],
        [
            59.221432266065754,
            54.70362802412566,
            0.0,
            51.65071053507305,
            45.206217075315635,
            79.26201376446578,
            92.04963228586695,
            87.77969715752451,
            51.949992038974386,
            66.56207666578825,
            71.39924380739166,
            38.13766431690585,
            88.46101674220786,
            59.221432266065754
        ],
        [
            58.00699095256947,
            78.04186290115936,
            51.65071053507305,
            0.0,
            23.402423144607724,
            61.67483517997536,
            74.65255941148727,
            52.24617764018821,
            14.99018644707045,
            52.75211655013572,
            23.97033249157791,
            44.15502812259977,
            69.25208150154661,
            58.00699095256947
        ],
        [
            34.70332536171803,
            56.02566868555181,
            45.206217075315635,
            23.402423144607724,
            0.0,
            42.26322730448941,
            55.82968502168628,
            43.0202938570343,
            10.999339748937372,
            31.38497793567231,
            29.66417536476556,
            22.365831143232793,
            50.907154127276364,
            34.70332536171803
        ],
        [
            24.357727073872923,
            54.45025236632146,
            79.26201376446578,
            61.67483517997536,
            42.26322730448941,
            0.0,
            13.597496748297294,
            28.14525566923348,
            46.775231662676525,
            12.700229769586745,
            49.87050040370628,
            41.45835687912512,
            9.215196344328412,
            24.357727073872923
        ],
        [
            34.6027653720351,
            61.43678734301323,
            92.04963228586695,
            74.65255941148727,
            55.82968502168628,
            13.597496748297294,
            0.0,
            33.96871383959816,
            59.888397757830546,
            25.822123734440687,
            60.810760939689146,
            53.967829925282885,
            5.5970737715904715,
            34.6027653720351
        ],
        [
            47.095502494098035,
            78.49797887202013,
            87.77969715752451,
            52.24617764018821,
            43.0202938570343,
            28.14525566923348,
            33.96871383959816,
            0.0,
            40.41452988468238,
            32.54078010899633,
            31.66012738363674,
            55.15725757108332,
            28.914437423329154,
            47.095502494098035
        ],
        [
            43.96753813645541,
            66.95885291794832,
            51.949992038974386,
            14.99018644707045,
            10.999339748937372,
            46.775231662676525,
            59.888397757830546,
            40.41452988468238,
            0.0,
            37.80329912417963,
            19.86210759328716,
            33.365158770461825,
            54.55663357242592,
            43.96753813645541
        ],
        [
            14.59354901652188,
            46.02174890513894,
            66.56207666578825,
            52.75211655013572,
            31.38497793567231,
            12.700229769586745,
            25.822123734440687,
            32.54078010899633,
            37.80329912417963,
            0.0,
            45.46466835539328,
            28.81908046686655,
            21.90276518750011,
            14.59354901652188
        ],
        [
            56.104076444218926,
            83.29846642510552,
            71.39924380739166,
            23.97033249157791,
            29.66417536476556,
            49.87050040370628,
            60.810760939689146,
            31.66012738363674,
            19.86210759328716,
            45.46466835539328,
            0.0,
            51.129384291529995,
            55.21761249176378,
            56.104076444218926
        ],
        [
            21.68618767011217,
            33.934586939859464,
            38.13766431690585,
            44.15502812259977,
            22.365831143232793,
            41.45835687912512,
            53.967829925282885,
            55.15725757108332,
            33.365158770461825,
            28.81908046686655,
            51.129384291529995,
            0.0,
            50.58822673657553,
            21.68618767011217
        ],
        [
            32.48621742389564,
            61.09197925022269,
            88.46101674220786,
            69.25208150154661,
            50.907154127276364,
            9.215196344328412,
            5.5970737715904715,
            28.914437423329154,
            54.55663357242592,
            21.90276518750011,
            55.21761249176378,
            50.58822673657553,
            0.0,
            32.48621742389564
        ],
        [
            0.0,
            31.428523128715245,
            59.221432266065754,
            58.00699095256947,
            34.70332536171803,
            24.357727073872923,
            34.6027653720351,
            47.095502494098035,
            43.96753813645541,
            14.59354901652188,
            56.104076444218926,
            21.68618767011217,
            32.48621742389564,
            0.0
        ]
    ],
    "scores_ave": [
        0,
        17.66726137106476,
        14.254317998482886,
        16.987259383170212,
        17.115316532930468,
        18.06089051666691,
        13.80314794518784,
        16.31001056045376,
        17.22823472544343,
        15.824416264661249,
        13.602049643559702,
        17.018808131789882,
        11.895589255243186,
        0
    ],