{
    "vertices": [
        [
            29.853952055545996,
            28.887294263752715
        ],
        [
            49.62853946283988,
            24.68253227956012
        ],
        [
            6.145751817962941,
            4.236042856562571
        ],
        [
            6.787308633931621,
            60.469238230958965
        ],
        [
            60.49276264359531,
            65.52825954051697
        ],
        [
            88.63307579005311,
            57.798902571770974
        ],
        [
            75.31091177824705,
            68.25350156571906
        ],
        [
            98.34670115092838,
            6.557066405294599
        ],
        [
            50.87070902926576,
            2.919602084952444
        ],
        [
            2.6556693500245254,
            85.71185954865086
        ],
        [
            15.317766220169604,
            27.56381545165525
        ],
        [
            29.853952055545996,
            28.887294263752715
        ]
    ],
    "distances": [
        [
            0.0,
            20.216684457952475,
            34.20179753237872,
            39.1086847578343,
            47.762925482673346,
            65.50470580006271,
            60.13346376663043,
            72.04093110762562,
            33.406962010714516,
            62.99823649870781,
            14.596310999929681,
            0.0
        ],
        [
            20.216684457952475,
            0.0,
            48.050096265191954,
            55.821674838611614,
            42.26588199479264,
            51.16686266942426,
            50.57680903618375,
            51.98068671560523,
            21.798351219464312,
            77.01317623337714,
            34.43154009375325,
            20.216684457952475
        ],
        [
            34.20179753237872,
            48.050096265191954,
            0.0,
            56.23685497219019,
            81.91662475782447,
            98.3521151625508,
            94.24465168862497,
            92.23015888641757,
            44.74432716957565,
            81.55053268542017,
            25.06612898799181,
            34.20179753237872
        ],
        [
            39.1086847578343,
            55.821674838611614,
            56.23685497219019,
            0.0,
            53.943206124540495,
            81.88931733692,
            68.96433095118465,
            106.25273939546896,
            72.49349495612063,
            25.57851391618985,
            33.99316923905927,
            39.1086847578343
        ],
        [
            47.762925482673346,
            42.26588199479264,
            81.91662475782447,
            53.943206124540495,
            0.0,
            29.18253215762827,
            15.066668107870019,
            70.07511883906193,
            63.34372821475894,
            61.257710289706004,
            59.009146043921305,
            47.762925482673346
        ],
        [
            65.50470580006271,
            51.16686266942426,
            98.3521151625508,
            81.88931733692,
            29.18253215762827,
            0.0,
            16.934541448817594,
            52.15438899424904,
            66.61631906146374,
            90.39495331790938,
            79.30507619622367,
            65.50470580006271
        ],
        [
            60.13346376663043,
            50.57680903618375,
            94.24465168862497,
            68.96433095118465,
            15.066668107870019,
            16.934541448817594,
            0.0,
            65.85664509771962,
            69.75558710077802,
            74.7233465241218,
            72.49019292299963,
            60.13346376663043
        ],
        [
            72.04093110762562,
            51.98068671560523,
            92.23015888641757,
            106.25273939546896,
            70.07511883906193,
            52.15438899424904,
            65.85664509771962,
            0.0,
            47.61513388218008,
            124.18637141284512,
            85.64512561280385,
            72.04093110762562
        ],
        [
            33.406962010714516,
            21.798351219464312,
            44.74432716957565,
            72.49349495612063,
            63.34372821475894,
            66.61631906146374,
            69.75558710077802,
            47.61513388218008,
            0.0,
            95.8083918412481,
            43.259091470469365,
            33.406962010714516
        ],
        [
            62.99823649870781,
            77.01317623337714,
            81.55053268542017,
            25.57851391618985,
            61.257710289706004,
            90.39495331790938,
            74.7233465241218,
            124.18637141284512,
            95.8083918412481,
            0.0,
            59.510702646289474,
            62.99823649870781
        ],
        [
            14.596310999929681,
            34.43154009375325,
            25.06612898799181,
            33.99316923905927,
            59.009146043921305,
            79.30507619622367,
            72.49019292299963,
            85.64512561280385,
            43.259091470469365,
            59.510702646289474,
            0.0,
            14.596310999929681
        ],
        [
            0.0,
            20.216684457952475,
            34.20179753237872,
            39.1086847578343,
            47.762925482673346,
            65.50470580006271,
            60.13346376663043,
            72.04093110762562,
            33.406962010714516,
            62.99823649870781,
            14.596310999929681,
            0.0
        ]
    ],
    "scores_ave": [
        0,
        13.640941493092622,
        10.521654580783839,
        10.431789771078545,
        19.74007456460632,
        12.269061248975971,
        10.207964514861828,
        18.495996719483344,
        19.96527093285102,
        11.681071022553223,
        11.811996565895086,
        0
    ],
    "scores_var": [
        0,
        313.6862727495134,
        256.31853456252753,
        16.306787223021274,
        247.23450071333417,
        236.63647372947602,
        21.966780749302544,
        254.13225453914987,
        24.24956102527375,
        258.2551787102756,
        23.285300750788206,
        0
    ],
    "vertex_number": 12,
    "minimum_distances": {
        "cost": 353.8830880758592,
        "path": [
            0,
            2,
            10,
            3,
            9,
            4,
            6,
            5,
            7,
            8,
            1,
            11
        ]
    }
}