{
    "vertices": [
        [
            95.96991683871896,
            87.34989444274306
        ],
        [
            4.339709817809833,
            72.0600154525848
        ],
        [
            29.266673845355328,
            6.254649851384242
        ],
        [
            10.439051025823787,
            65.73548270274682
        ],
        [
            9.204978353212978,
            93.84318297853123
        ],
        [
            81.68255844054138,
            75.00080646315513
        ],
        [
            18.79652255333624,
            18.41350210142716
        ],
        [
            46.09064797037842,
            37.19256661874133
        ],
        [
            68.93511839719464,
            60.52972418167912
        ],
        [
            94.31510868297595,
            5.094236878248037
        ],
        [
            61.376860336632575,
            41.89151204373061
        ],
        [
            87.18332351573312,
            42.23523044656602
        ],
        [
            62.105025702851556,
            69.48084473678713
        ],
        [
            97.03022759914683,
            67.56715924416503
        ],
        [
            81.39301237085711,
            6.945006105704743
        ],
        [
            70.20346435843675,
            64.20369241692828
        ],
        [
            14.104032514796039,
            28.453802883765867
        ],
        [
            5.908484746566122,
            76.01578293139103
        ],
        [
            95.96991683871896,
            87.34989444274306
        ]
    ],
    "distances": [
        [
            0.0,
            92.89712179733206,
            105.00362527629238,
            88.2196792193758,
            87.00757062694392,
            18.884612358361462,
            103.4792683321784,
            70.73682914355565,
            38.08151598356221,
            82.2723014835478,
            57.12393621321439,
            45.962344693362766,
            38.290126521573086,
            19.811129973975174,
            81.71555673405628,
            34.636061289333604,
            100.85024847297777,
            90.77182180743769,
            0.0
        ],
        [
            92.89712179733206,
            0.0,
            70.36831444292393,
            8.786448524605966,
            22.319884080904874,
            77.39873697190814,
            55.56030803735716,
            54.39558644596361,
            65.616418877668,
            112.16054520647104,
            64.52422132220495,
            88.04874860658717,
            57.82286607285981,
            92.79934182677097,
            100.88198985238009,
            66.33065636512683,
            44.686057918862154,
            4.2554848282510935,
            92.89712179733206
        ],
        [
            105.00362527629238,
            70.36831444292393,
            0.0,
            62.3894931677304,
            89.85667900264716,
            86.44917007575026,
            16.04561485628216,
            35.216484765850225,
            67.22625370137312,
            65.05878444216737,
            47.96926123488759,
            68.18313933083196,
            71.24541439562039,
            91.38447912738148,
            52.130909831242064,
            70.95006942755691,
            26.883230599656045,
            73.5677965320507,
            105.00362527629238
        ],
        [
            88.2196792193758,
            8.786448524605966,
            62.3894931677304,
            0.0,
            28.134778302922804,
            71.84346576506529,
            48.05431487769705,
            45.66984150701157,
            58.72724937961616,
            103.50146734830963,
            56.242291508902305,
            80.2617294612419,
            51.80155090432434,
            86.61054727517192,
            92.14545441344264,
            59.78404036589643,
            37.46138998274785,
            11.234349273625455,
            88.2196792193758
        ],
        [
            87.00757062694392,
            22.319884080904874,
            89.85667900264716,
            28.134778302922804,
            0.0,
            74.88681304517037,
            76.03705989426918,
            67.60062837763253,
            68.39207678293755,
            122.96385533424125,
            73.62663500805718,
            93.50937428315251,
            58.240351425786834,
            91.67171771271323,
            112.97081658177736,
            67.81824751260409,
            65.57264491276693,
            18.12961837820747,
            87.00757062694392
        ],
        [
            18.884612358361462,
            77.39873697190814,
            86.44917007575026,
            71.84346576506529,
            74.88681304517037,
            0.0,
            84.59773356617595,
            51.925399286368666,
            19.28495398117322,
            71.0387907889562,
            38.8400148357235,
            33.22410853749621,
            20.340839843917077,
            17.05315394812373,
            68.05641629721339,
            15.759037809239462,
            82.05778883516368,
            75.78087107846588,
            18.884612358361462
        ],
        [
            103.4792683321784,
            55.56030803735716,
            16.04561485628216,
            48.05431487769705,
            76.03705989426918,
            84.59773356617595,
            0.0,
            33.13038705518962,
            65.48018750360201,
            76.6841553197608,
            48.62408987930276,
            72.417051080668,
            66.95894211297572,
            92.39369359269448,
            63.63840772582934,
            68.84341068601121,
            11.082738946741923,
            59.02647097127491,
            103.4792683321784
        ],
        [
            70.73682914355565,
            54.39558644596361,
            35.216484765850225,
            45.66984150701157,
            67.60062837763253,
            51.925399286368666,
            33.13038705518962,
            0.0,
            32.65720061791986,
            57.930142267651114,
            15.992134836013893,
            41.400923201738436,
            36.04154821850203,
            59.30814994514734,
            46.48840553572466,
            36.20813211213324,
            33.1588534168331,
            55.873503256945355,
            70.73682914355565
        ],
        [
            38.08151598356221,
            65.616418877668,
            67.22625370137312,
            58.72724937961616,
            68.39207678293755,
            19.28495398117322,
            65.48018750360201,
            32.65720061791986,
            0.0,
            60.969149243492176,
            20.112439350044607,
            25.839610892433083,
            11.2593394746493,
            28.96309122535653,
            55.01382674874264,
            3.886739516743945,
            63.52411121891354,
            64.90126782220875,
            38.08151598356221
        ],
        [
            82.2723014835478,
            112.16054520647104,
            65.05878444216737,
            103.50146734830963,
            122.96385533424125,
            71.0387907889562,
            76.6841553197608,
            57.930142267651114,
            60.969149243492176,
            0.0,
            49.38590551695526,
            37.81951563562842,
            71.99392139004367,
            62.531895058976424,
            13.05396184432052,
            63.83806956755741,
            83.54331848821727,
            113.3384173632307,
            82.2723014835478
        ],
        [
            57.12393621321439,
            64.52422132220495,
            47.96926123488759,
            56.242291508902305,
            73.62663500805718,
            38.8400148357235,
            48.62408987930276,
            15.992134836013893,
            20.112439350044607,
            49.38590551695526,
            0.0,
            25.808752084413538,
            27.598940255899656,
