{
    "vertices": [
        [
            34.140068932301595,
            4.525846963106317
        ],
        [
            41.744199546211426,
            3.976520180889631
        ],
        [
            58.12090849088762,
            61.84630698001352
        ],
        [
            69.3172304672908,
            1.0366375473274791
        ],
        [
            35.40357270278115,
            11.694780740847444
        ],
        [
            49.06146643474426,
            96.75042293751974
        ],
        [
            58.09402309060555,
            66.01566513040848
        ],
        [
            34.140068932301595,
            4.525846963106317
        ]
    ],
    "distances": [
        [
            0.0,
            7.623946635900677,
            62.134658625315566,
            35.34978466703699,
            7.279426714216835,
            93.42387551951725,
            65.9908301059019,
            0.0
        ],
        [
            7.623946635900677,
            0.0,
            60.142404508256,
            27.7293156077448,
            9.988748412039863,
            93.0620192528331,
            64.15740203593218,
            7.623946635900677
        ],
        [
            62.134658625315566,
            60.142404508256,
            0.0,
            61.83181642416661,
            55.056815467545405,
            36.060654474699426,
            4.169444832470286,
            62.134658625315566
        ],
        [
            35.34978466703699,
            27.7293156077448,
            61.83181642416661,
            0.0,
            35.549011228188355,
            97.83365826882887,
            65.94114352559322,
            35.34978466703699
        ],
        [
            7.279426714216835,
            9.988748412039863,
            55.056815467545405,
            35.549011228188355,
            0.0,
            86.14522813645534,
            58.86947443001659,
            7.279426714216835
        ],
        [
            93.42387551951725,
            93.0620192528331,
            36.060654474699426,
            97.83365826882887,
            86.14522813645534,
            0.0,
            32.03455036680133,
            93.42387551951725
        ],
        [
            65.9908301059019,
            64.15740203593218,
            4.169444832470286,
            65.94114352559322,
            58.86947443001659,
            32.03455036680133,
            0.0,
            65.9908301059019
        ],
        [
            0.0,
            7.623946635900677,
            62.134658625315566,
            35.34978466703699,
            7.279426714216835,
            93.42387551951725,
            65.9908301059019,
            0.0
        ]
    ],
    "scores_ave": [
        0,
        11.55726037054827,
        12.666596319099153,
        16.12100337883519,
        10.214475621295815,
        12.64851133526631,
        11.642400609818814,
        0
    ],
    "scores_var": [
        0,
        23.635609914452296,
        16.74508599298629,
        21.959774223329543,
        22.78689773759561,
        16.475641275349393,
        17.386306130825076,
        0
    ],
    "vertex_number": 8,
    "minimum_distances": {
        "cost": 226.81372871775588,
        "path": [
            0,
            4,
            5,
            6,
            2,
            3,
            1,
            7
        ]
    }
}