{
    "vertices": [
        [
            83.66757843216404,
            26.122875700537296
        ],
        [
            78.35035642988184,
            93.12849194507587
        ],
        [
            57.372098087346465,
            39.73283892709774
        ],
        [
            31.8082863838545,
            77.45628002350661
        ],
        [
            9.645606350905833,
            0.0559471926410926
        ],
        [
            12.741472193562542,
            99.71530998110302
        ],
        [
            67.45856971690793,
            80.28807691009095
        ],
        [
            55.83620275995118,
            43.51372121457424
        ],
        [
            18.07264600806905,
            28.073722151765057
        ],
        [
            34.12399718982094,
            61.54428908437286
        ],
        [
            53.16991917848431,
            51.86875747223733
        ],
        [
            6.586023270600505,
            10.976754080611995
        ],
        [
            97.46674096483441,
            71.21128966070418
        ],
        [
            7.662290610880551,
            69.97636651056655
        ],
        [
            69.77800407943724,
            62.999746998372345
        ],
        [
            39.638729967420986,
            46.710214223138536
        ],
        [
            49.89174228493696,
            27.419154526467835
        ],
        [
            9.430388823100454,
            21.179793618503282
        ],
        [
            13.151406050890902,
            68.78736244251478
        ],
        [
            12.22589777174894,
            88.01507103866989
        ],
        [
            83.66757843216404,
            26.122875700537296
        ]
    ],
    "distances": [
        [
            0.0,
            67.21625888229666,
            29.6088396529316,
            72.96920289503856,
            78.47762173151236,
            102.20743089183276,
            56.538491186117454,
            32.81808921160616,
            65.62393588926113,
            60.903554645235744,
            39.91187352350066,
            78.55552906225462,
            47.15275135181855,
            87.74925887448546,
            39.40588677364102,
            48.60430026834547,
            33.80070186015206,
            74.40157512796206,
            82.418377782275,
            94.52278867743107,
            0.0
        ],
        [
            67.21625888229666,
            0.0,
            57.36883373664199,
            49.10990236891021,
            115.68423086189632,
            65.93869776219788,
            16.837674307088307,
            54.48405812816712,
            88.68779761926994,
            54.34641406732334,
            48.33652975691066,
            109.08266382862088,
            29.082639386105264,
            74.38295208827566,
            31.324535062530234,
            60.4420923698047,
            71.6073302326189,
            99.63220927896734,
            69.59449486836277,
            66.32187502021635,
            67.21625888229666
        ],
        [
            29.6088396529316,
            57.36883373664199,
            0.0,
            45.56935897031933,
            62.065076743498274,
            74.76489551531171,
            41.79071951750967,
            4.080936819955465,
            40.99246196207622,
            31.878104606529295,
            12.842851183298395,
            58.36212651189473,
            50.975221903012674,
            58.18707691609319,
            26.367698319757398,
            19.056655291487793,
            14.407725235059065,
            51.40644879195849,
            52.91157662450596,
            66.10108426199821,
            29.6088396529316
        ],
        [
            72.96920289503856,
            49.10990236891021,
            45.56935897031933,
            0.0,
            80.51084342230938,
            29.308835152907275,
            35.76257506575632,
            41.58651300451298,
            51.25724181507245,
            16.079613558290017,
            33.3322766393824,
            71.10337492796113,
            65.95477664729141,
            25.278018475140396,
            40.62869440418984,
            31.727533924274365,
            53.20456094483631,
            60.56247370552268,
            20.57253790334467,
            22.24765181895416,
            72.96920289503856
        ],
        [
            78.47762173151236,
            115.68423086189632,
            62.065076743498274,
            80.51084342230938,
            0.0,
            99.70743691780467,
            98.89152325733687,
            63.420417213738986,
            29.257660724048247,
            66.18162741015954,
            67.66781447765507,
            11.341299383652798,
            113.02935214635669,
            69.94854236450645,
            87.05071619789388,
            55.463574501004885,
            48.66720223327515,
            21.12494275513393,
            68.82076775063602,
            87.99696228607841,
            78.47762173151236
        ],
        [
            102.20743089183276,
            65.93869776219788,
            74.76489551531171,
            29.308835152907275,
            99.70743691780467,
            0.0,
            58.06356987108797,
            70.82213201021023,
            71.83967233325347,
            43.75201951355189,
            62.639858816860944,
            88.95178949716394,
            89.39155632826831,
            30.16956818208739,
            67.83213497087692,
            59.439066715960244,
            81.28269595296926,
            78.60528355922598,
            30.930664149304175,
            11.711592901670429,
            102.20743089183276
        ],
        [
            56.538491186117454,
            16.837674307088307,
            41.79071951750967,
            35.76257506575632,
            98.89152325733687,
            58.06356987108797,
            0.0,
            38.56724841756983,
            71.87007933349986,
            38.24295108407771,
            31.809169299432494,
            92.24709417228331,
            31.350891668587543,
            60.67887907904682,
            17.44322581687533,
            43.60523301521235,
            55.71100770969964,
            82.83150929159159,
            55.51157049401752,
            55.770552162092194,
            56.538491186117454
        ],
        [
            32.81808921160616,
            54.48405812816712,
            4.080936819955465,
            41.58651300451298,
            63.420417213738986,
            70.82213201021023,
            38.56724841756983,
            0.0,
            40.79803659016167,
            28.222708027880827,
            8.770159576864302,
            59.0274038901407,
            50.0025700245127,
            54.96360075366131,
            23.959946262019617,
            16.509866517284635,
            17.157263395335242,
            51.5005231915963,
            49.60593523977206,
            62.30753435444669,
            32.81808921160616
        ],
        [
            65.62393588926113,
            88.68779761926994,
            40.99246196207622,
            51.25724181507245,
            29.257660724048247,
            71.83967233325347,
            71.87007933349986,
            40.79803659016167,
            0.0,
            37.12040847768391,
            42.403092928479566,
            20.59730125863475,
            90.35636139526733,
            43.176464697285844,
            62.39608373026491,
            28.502891328217625,
            31.8258282948406,
            11.055082988058578,
            41.00998791076005,
            60.22582312696572,
            65.62393588926113
        ],
        [
            60.903554645235744,
            54.34641406732334,
            31.878104606529295,
            16.079613558290017,
            66.18162741015954,
            43.75201951355189,
            38.24295108407771,
            28.222708027880827,
