{
    "vertices": [
        [
            34.059370756726615,
            62.00728729676399
        ],
        [
            18.01248583406958,
            63.309109759319306
        ],
        [
            32.56104028483294,
            44.990670281097444
        ],
        [
            66.45542088971528,
            96.64966673527337
        ],
        [
            54.64005873684927,
            45.104970803165166
        ],
        [
            12.285629924915153,
            29.412698440555484
        ],
        [
            32.89579137782416,
            60.36831868244803
        ],
        [
            18.968352244062725,
            96.81081634527932
        ],
        [
            55.49457241418014,
            22.071985475139797
        ],
        [
            0.029935136443204335,
            96.67000267074977
        ],
        [
            98.46996140257048,
            62.93121748893056
        ],
        [
            37.118262692751536,
            71.99143662277157
        ],
        [
            84.33953998553756,
            67.94351067044127
        ],
        [
            40.48062285217663,
            5.475843882712706
        ],
        [
            34.582316472296014,
            38.648778676287066
        ],
        [
            28.090906761522085,
            23.448921254350818
        ],
        [
            0.4145715683712359,
            11.384575766004545
        ],
        [
            37.9722875835314,
            0.5556477144612382
        ],
        [
            34.059370756726615,
            62.00728729676399
        ]
    ],
    "distances": [
        [
            0.0,
            16.09960426361503,
            17.082454415594892,
            47.42993271533044,
            26.631804681338213,
            39.19825267172205,
            2.01000872876707,
            37.934476060444204,
            45.32434447049311,
            48.57474987823368,
            64.4172169093517,
            10.442224745728083,
            50.62938045858411,
            56.894960874838496,
            23.364361690282216,
            39.01756212685223,
            60.78347995262565,
            61.57609053396237,
            0.0
        ],
        [
            16.09960426361503,
            0.0,
            23.392854924615413,
            58.80740341379091,
            40.90195315487281,
            34.37678837377101,
            15.171059160999985,
            33.51534014097887,
            55.726180863466425,
            37.8988298690162,
            80.45836300487314,
            20.98603128601432,
            66.48876434569057,
            62.04436979306585,
            29.710119765902554,
            41.11458617136423,
            54.82557630272362,
            65.85127701490124,
            16.09960426361503
        ],
        [
            17.082454415594892,
            23.392854924615413,
            0.0,
            61.785766574844615,
            22.07931431031821,
            25.568837907260857,
            15.381291514363122,
            53.573208848143885,
            32.42241522716397,
            61.06575307335329,
            68.30702099360386,
            27.38265252149466,
            56.63784876912753,
            40.300636388715475,
            6.656211125946172,
            22.000660100268963,
            46.50553772934798,
            44.76329777647241,
            17.082454415594892
        ],
        [
            47.42993271533044,
            58.80740341379091,
            61.785766574844615,
            0.0,
            52.88155123988772,
            86.3433619836235,
            49.42251460119818,
            47.487342079271215,
            75.37884810370691,
            66.42548886616059,
            46.49585598553319,
            38.32358494915067,
            33.82137063828211,
            94.80166721445902,
            66.18155181645994,
            82.64493380271497,
            107.84956892395147,
            100.22649038308208,
            47.42993271533044
        ],
        [
            26.631804681338213,
            40.90195315487281,
            22.07931431031821,
            52.88155123988772,
            0.0,
            45.16796488538661,
            26.566575832515063,
            62.81691736572621,
            23.048830919284768,
            75.10804291922831,
            47.316333739929135,
            32.091983124759096,
            37.46542525730019,
            42.08274379183807,
            21.07119933773132,
            34.26137698151844,
            63.85505853196709,
            47.565289685663686,
            26.631804681338213
        ],
        [
            39.19825267172205,
            34.37678837377101,
            25.568837907260857,
            86.3433619836235,
            45.16796488538661,
            0.0,
            37.18910028052902,
            67.72861341186521,
            43.828059252962944,
            68.3648083962874,
            92.4728614862039,
            49.29105999440392,
            81.70917602153982,
            36.985546261906734,
            24.133947234404616,
            16.892998970238494,
            21.58553297171809,
            38.6333244528519,
            39.19825267172205
        ],
        [
            2.01000872876707,
            15.171059160999985,
            15.381291514363122,
            49.42251460119818,
            26.566575832515063,
            37.18910028052902,
            0.0,
            39.013192598531255,
            44.46699946538266,
            48.9691409651593,
            65.62423504107767,
            12.36633068699263,
            51.99848848253736,
            55.414018606611684,
            21.784921045840626,
            37.23075103499482,
            58.77445627493481,
            60.02771378331187,
            2.01000872876707
        ],
        [
            37.934476060444204,
            33.51534014097887,
            53.573208848143885,
            47.487342079271215,
            62.81691736572621,
            67.72861341186521,
            39.013192598531255,
            0.0,
            83.18688357999243,
            18.938940599545433,
            86.41951791961831,
            30.747696809768566,
            71.46127289417454,
            93.83418876643269,
            60.22141234419716,
            73.9269142616978,
            87.41787778749719,
            98.11323583764796,
            37.934476060444204
        ],
        [
            45.32434447049311,
            55.726180863466425,
            32.42241522716397,
            75.37884810370691,
            23.048830919284768,
            43.828059252962944,
            44.46699946538266,
            83.18688357999243,
            0.0,
            92.95800211852364,
            59.29891145257428,
            53.19436400464495,
            54.186981627839714,
            22.379691624467792,
            26.685436504064725,
            27.43823688473336,
            56.10728312318489,
            27.748572149175263,
            45.32434447049311
        ],
        [
            48.57474987823368,
            37.8988298690162,
            61.06575307335329,
            66.42548886616059,
            75.10804291922831,
            68.3648083962874,
            48.9691409651593,
            18.938940599545433,
            92.95800211852364,
            0.0,
            104.06125310037724,
            44.54857644311928,
            89.06919115190293,
            99.76288254523072,
            67.53021168183766,
            78.41393302424261,
            85.28629425358689,
            103.33243120086976,
            48.57474987823368
        ],
        [
            64.4172169093517,
            80.45836300487314,
            68.30702099360386,
            46.49585598553319,
            47.316333739929135,
            92.4728614862039,
            65.62423504107767,
            86.41951791961831,
            59.29891145257428,
            104.06125310037724,
            0.0,
            62.017082367147985,
