{
    "vertices": [
        [
            24.49571737136572,
            39.363508690437875
        ],
        [
            38.38674422628054,
            44.56701591024249
        ],
        [
            8.957847652604912,
            32.08911687510208
        ],
        [
            78.4892565887802,
            62.45466303647012
        ],
        [
            29.676239668602932,
            43.204409113684896
        ],
        [
            69.43274156626423,
            11.105824884797821
        ],
        [
            36.640931532359424,
            84.67076460801981
        ],
        [
            44.04223154583171,
            92.88303072723167
        ],
        [
            86.11790854971164,
            81.99535049285866
        ],
        [
            87.77022118941218,
            86.28781494668391
        ],
        [
            7.762597730414845,
            72.53056707824653
        ],
        [
            24.49571737136572,
            39.363508690437875
        ]
    ],
    "distances": [
        [
            0.0,
            14.833648049974876,
            17.156403226789948,
            58.72396177247205,
            6.449056313405167,
            53.083263252671514,
            46.90686160678057,
            56.977236291517826,
            74.9317581609243,
            78.7753346616182,
            37.149038413109494,
            0.0
        ],
        [
            14.833648049974876,
            0.0,
            31.964948269553872,
            43.91103981343276,
            8.816438449359659,
            45.64542973481105,
            40.14173042578922,
            48.64588188754647,
            60.65595005684639,
            64.6479146547457,
            41.47045385001017,
            14.833648049974876
        ],
        [
            17.156403226789948,
            31.964948269553872,
            0.0,
            75.87280950596076,
            23.511730886467504,
            64.01180622837255,
            59.42375628822345,
            70.19126693989408,
            91.892911323754,
            95.64982537966145,
            40.4591091957041,
            17.156403226789948
        ],
        [
            58.72396177247205,
            43.91103981343276,
            75.87280950596076,
            0.0,
            52.47173426656698,
            52.14138130007388,
            47.37971590317176,
            45.96175687061692,
            20.977006388169013,
            25.576462497646368,
            71.44077348074191,
            58.72396177247205
        ],
        [
            6.449056313405167,
            8.816438449359659,
            23.511730886467504,
            52.47173426656698,
            0.0,
            51.09695247896595,
            42.047182673035714,
            51.71409061405373,
            68.48648858838662,
            72.32627839942423,
            36.60916885095232,
            6.449056313405167
        ],
        [
            53.083263252671514,
            45.64542973481105,
            64.01180622837255,
            52.14138130007388,
            51.09695247896595,
            0.0,
            80.54255497425558,
            85.62820443343116,
            72.82664099216328,
            77.38601158216454,
            87.04140161018772,
            53.083263252671514
        ],
        [
            46.90686160678057,
            40.14173042578922,
            59.42375628822345,
            47.37971590317176,
            42.047182673035714,
            80.54255497425558,
            0.0,
            11.055340641616608,
            49.54925928268962,
            51.15485424309775,
            31.32638758680049,
            46.90686160678057
        ],
        [
            56.977236291517826,
            48.64588188754647,
            70.19126693989408,
            45.96175687061692,
            51.71409061405373,
            85.62820443343116,
            11.055340641616608,
            0.0,
            43.4615252403869,
            44.22255023696697,
            41.598492837649786,
            56.977236291517826
        ],
        [
            74.9317581609243,
            60.65595005684639,
            91.892911323754,
            20.977006388169013,
            68.48648858838662,
            72.82664099216328,
            49.54925928268962,
            43.4615252403869,
            0.0,
            4.599498684277172,
            78.92488111282859,
            74.9317581609243
        ],
        [
            78.7753346616182,
            64.6479146547457,
            95.64982537966145,
            25.576462497646368,
            72.32627839942423,
            77.38601158216454,
            51.15485424309775,
            44.22255023696697,
            4.599498684277172,
            0.0,
            81.18178170298017,
            78.7753346616182
        ],
        [
            37.149038413109494,
            41.47045385001017,
            40.4591091957041,
            71.44077348074191,
            36.60916885095232,
            87.04140161018772,
            31.32638758680049,
            41.598492837649786,
            78.92488111282859,
            81.18178170298017,
            0.0,
            37.149038413109494
        ],
        [
            0.0,
            14.833648049974876,
            17.156403226789948,
            58.72396177247205,
            6.449056313405167,
            53.083263252671514,
            46.90686160678057,
            56.977236291517826,
            74.9317581609243,
            78.7753346616182,
            37.149038413109494,
            0.0
        ]
    ],
    "scores_ave": [
        0,
        16.54047264565892,
        10.405040346243595,
        10.977457057714204,
        15.78776639005506,
        16.111969926554913,
        10.316482103789848,
        12.658807698486886,
        18.121004055788877,
        13.600029945998912,
        16.67832034071541,
        0
    ],
    "scores_var": [
        0,
        289.17172758949584,
        394.1403967305035,
        16.6523667184098,
        237.81618639223058,
        266.1842615191683,
        20.434366611095935,
        256.7661442230194,
        24.5497812084467,
        21.04067005151608,
        260.18955368144066,
        0
    ],
    "vertex_number": 12,
    "minimum_distances": {
        "cost": 282.848601757974,
        "path": [
            0,
            4,
            1,
            5,
            3,
            8,
            9,
            7,
            6,
            10,
            2,
            11
        ]
    }
}