{
    "vertices": [
        [
            90.39451587524754,
            11.508513640040775
        ],
        [
            39.152828287200215,
            44.12269174834573
        ],
        [
            9.29957626200595,
            52.01525218538359
        ],
        [
            5.289516183051523,
            95.45234279643597
        ],
        [
            13.75322676622418,
            52.71090629783984
        ],
        [
            30.994129012620718,
            83.70579120621825
        ],
        [
            74.70661896804606,
            14.112654744278197
        ],
        [
            43.0665244866127,
            45.15558622875422
        ],
        [
            92.6444332226199,
            50.29678247017858
        ],
        [
            97.70311227417503,
            90.97608344986669
        ],
        [
            93.1076732765169,
            49.44715703947369
        ],
        [
            61.92889414346281,
            44.15464304434783
        ],
        [
            23.87572273926264,
            15.655034247174948
        ],
        [
            76.27569620104596,
            60.09084671915759
        ],
        [
            23.045122288083284,
            67.65837419207442
        ],
        [
            41.264934011601106,
            60.83336529249337
        ],
        [
            93.0455068478221,
            30.1761500835006
        ],
        [
            63.66009654189446,
            88.49473512371446
        ],
        [
            5.5183740368861205,
            63.44014598459488
        ],
        [
            90.39451587524754,
            11.508513640040775
        ]
    ],
    "distances": [
        [
            0.0,
            60.74039150805073,
            90.64869055014563,
            119.53839310467055,
            87.01450658953571,
            93.49252829717143,
            15.902567725425996,
            58.069477892201206,
            38.85346737305497,
            79.80294626642535,
            38.03553451804506,
            43.313524281219784,
            66.64790674442325,
            50.59233298043162,
            87.68550425567265,
            69.61793450421516,
            18.854930483082168,
            81.49605803610886,
            99.50303458355219,
            0.0
        ],
        [
            60.74039150805073,
            0.0,
            30.878943743788593,
            61.49355237243735,
            26.81225814012148,
            40.4151721083166,
            46.52606100631025,
            4.047701687248462,
            53.84673801455792,
            74.98917301111909,
            54.21692750846011,
            22.776088267613627,
            32.30785473420961,
            40.41149954308429,
            28.51993233943633,
            16.84362196471183,
            55.66800541467041,
            50.690082172089134,
            38.787118362750945,
            60.74039150805073
        ],
        [
            90.64869055014563,
            30.878943743788593,
            0.0,
            43.6217998549991,
            4.507653209587069,
            38.40499814451566,
            75.59555627371388,
            34.45666567501581,
            83.36257145714302,
            96.60813398609041,
            83.84743429510605,
            53.213102491168186,
            39.17307103917782,
            67.46121751912423,
            20.824199904707633,
            33.159360892957274,
            86.54667682990959,
            65.46616561666143,
            12.034354514908879,
            90.64869055014563
        ],
        [
            119.53839310467055,
            61.49355237243735,
            43.6217998549991,
            0.0,
            43.57137581944406,
            28.261432995863807,
            106.93399371334091,
            62.903625313617404,
            98.33568100831022,
            92.52194139895178,
            99.13882101288662,
            76.41644545251832,
            81.93325042896878,
            79.30619873862628,
            32.98130135299814,
            49.92698960839925,
            109.37136386025173,
            58.78378140231924,
            32.01301486329132,
            119.53839310467055
        ],
        [
            87.01450658953571,
            26.81225814012148,
            4.507653209587069,
            43.57137581944406,
            0.0,
            35.467331458025214,
            72.1466634287487,
            30.271311246631896,
            78.92813471760836,
            92.25945512127228,
            79.42153511596457,
            48.92958785954969,
            38.41357283772791,
            62.95651439565586,
            17.600173829775624,
            28.68568241606173,
            82.43228080174823,
            61.40991822373002,
            13.525138954174402,
            87.01450658953571
        ],
        [
            93.49252829717143,
            40.4151721083166,
            38.40499814451566,
            28.261432995863807,
            35.467331458025214,
            0.0,
            82.18264062874452,
            40.3962997845713,
            70.12076635284456,
            67.1039909178164,
            70.93480384123035,
            50.212080365411964,
            68.42205222420155,
            51.069422653549026,
            17.908274644213336,
            25.07264051722343,
            81.94996015846418,
            33.01513923139641,
            32.55319443360931,
            93.49252829717143
        ],
        [
            15.902567725425996,
            46.52606100631025,
            75.59555627371388,
            106.93399371334091,
            72.1466634287487,
            82.18264062874452,
            0.0,
            44.325604044884734,
            40.386337782916954,
            80.22982847269411,
            39.838748124313206,
            32.64645942080537,
            50.85429132287957,
            46.0049577832866,
            74.40466591817955,
            57.455818563973324,
            24.37930866903769,
            75.19786924696993,
            84.97184609456063,
            15.902567725425996
        ],
        [
            58.069477892201206,
            4.047701687248462,
            34.45666567501581,
            62.903625313617404,
            30.271311246631896,
            40.3962997845713,
            44.325604044884734,
            0.0,
            49.84376524128865,
            71.30690492973301,
            50.22483601005334,
            18.888908817876946,
            35.193315259065244,
            36.413062105169324,
            30.120292364408204,
            15.780953222510679,
            52.17549410491299,
            47.98309115652738,
            41.76348557843574,
            58.069477892201206
        ],
        [
            38.85346737305497,
            53.84673801455792,
            83.36257145714302,
            98.33568100831022,
            78.92813471760836,
            70.12076635284456,
            40.386337782916954,
            49.84376524128865,
            0.0,
            40.99263058090682,
            0.9677059057559662,
            31.323636724517964,
            77.00120948069443,
            19.07509491967403,
            71.73206360951922,
            52.44876086950558,
            20.124629380256113,
            47.94971699336103,
            88.1118504726128,
            38.85346737305497
        ],
        [
            79.80294626642535,
            74.98917301111909,
            96.60813398609041,
            92.52194139895178,
            92.25945512127228,
            67.1039909178164,
            80.22982847269411,
            71.30690492973301,
            40.99263058090682,
            0.0,
            41.78241003557639,
            58.92403554163048,
            105.469160888546,
            37.59031800188624,
            78.21464718193329,
            63.983212044355156,
            60.97807135079093,
            34.133326964478584,
            96.20942685604585,
            79.80294626642535
        ],
        [
