{
    "vertices": [
        [
            75.65250106371472,
            16.74031645604118
        ],
        [
            3.8516060677762476,
            50.51527346478696
        ],
        [
            66.23119909274088,
            32.28569350128813
        ],
        [
            83.2759352579462,
            34.19329031678028
        ],
        [
            76.2958233257992,
            60.41115123607375
        ],
        [
            53.106108103484075,
            72.40679333120033
        ],
        [
            5.746846381227744,
            0.298851390112187
        ],
        [
            23.105672619803098,
            85.45240422613243
        ],
        [
            92.35685690610065,
            30.879131240915225
        ],
        [
            44.80277363018034,
            97.87995583916593
        ],
        [
            0.8857932405680224,
            52.92823048262544
        ],
        [
            88.55434561339314,
            31.8250145152846
        ],
        [
            31.53780518107938,
            9.661842071265546
        ],
        [
            85.61447830282984,
            56.205394897552054
        ],
        [
            26.01893533949561,
            17.07914398555628
        ],
        [
            22.114362285608834,
            49.41717919591352
        ],
        [
            67.94935680687144,
            66.04053689617044
        ],
        [
            48.69588164008379,
            69.29094270720749
        ],
        [
            31.10536866830821,
            12.340023795132637
        ],
        [
            16.815760672214854,
            38.87842165629234
        ],
        [
            93.4593800610237,
            52.38117531512313
        ],
        [
            75.65250106371472,
            16.74031645604118
        ]
    ],
    "distances": [
        [
            0.0,
            79.3480701917848,
            18.177449719560947,
            19.045289325642177,
            43.67557296610767,
            60.05910824520929,
            71.81310695201314,
            86.50156175028636,
            21.884734122900042,
            86.80637512272294,
            83.06398569962339,
            19.849577031327616,
            44.67897931279685,
            40.70299014700583,
            49.63472222744009,
            62.72248131526831,
            49.89839844010102,
            59.06121951111614,
            44.7639316878614,
            62.86380295332235,
            39.84163349861302,
            0.0
        ],
        [
            79.3480701917848,
            0.0,
            64.98870064561851,
            81.08409955837394,
            73.11698168682757,
            53.90032108296868,
            50.25217390151012,
            39.8913798285448,
            90.65736322765427,
            62.61318759774097,
            3.8234025809439443,
            86.74030127992447,
            49.351073726582975,
            81.96062931704044,
            40.116894715228206,
            18.295739277091688,
            65.95115961395244,
            48.616199019522654,
            46.90540761177326,
            17.420838803589547,
            89.62719871634951,
            79.3480701917848
        ],
        [
            18.177449719560947,
            64.98870064561851,
            0.0,
            17.151150298214226,
            29.872027613536332,
            42.21339437948637,
            68.42159740298399,
            68.4580905581461,
            26.16349390989421,
            69.00568577628113,
            68.52836200443627,
            22.32789949168202,
            41.418235532642456,
            30.787393975825513,
            42.99145617834976,
            47.32634670003882,
            33.79854314232577,
            40.949674320532225,
            40.39373346242024,
            49.8532809233112,
            33.840836694321425,
            18.177449719560947
        ],
        [
            19.045289325642177,
            81.08409955837394,
            17.151150298214226,
            0.0,
            27.13112960731117,
            48.68768102059504,
            84.61437591927121,
            79.04402105608658,
            9.666787902920944,
            74.40548051720667,
            84.49339314207675,
            5.785356181985639,
            57.25928795290035,
            22.135978217544565,
            59.760003717436284,
            63.02780974343584,
            35.34333206851651,
            49.27093779839694,
            56.56264912422347,
            66.62510984331935,
            20.84470457383052,
            19.045289325642177
        ],
        [
            43.67557296610767,
            73.11698168682757,
            29.872027613536332,
            27.13112960731117,
            0.0,
            26.108587119307067,
            92.6857418414314,
            58.78993522226998,
            33.61691545430683,
            48.94612852428087,
            75.78038493210404,
            31.10367472333594,
            67.66662817776836,
            10.223781930379442,
            66.37340068089186,
            55.28560519402399,
            10.067446859143804,
            28.993231583004178,
            65.97734827646494,
            63.2576975271019,
            18.94909478297886,
            43.67557296610767
        ],
        [
            60.05910824520929,
            53.90032108296868,
            42.21339437948637,
            48.68768102059504,
            26.108587119307067,
            0.0,
            86.2696642039165,
            32.71412680834498,
            57.14164856084403,
            26.792300601717248,
            55.734869651125706,
            53.88374814749648,
            66.34847850225506,
            36.32188657302278,
            61.60246513298559,
            38.58770098009425,
            16.150890163305863,
            5.399872458633886,
            63.969128008700984,
            49.40790446733196,
            45.048994823469585,
            60.05910824520929
        ],
        [
            71.81310695201314,
            50.25217390151012,
            68.42159740298399,
            84.61437591927121,
            92.6857418414314,
            86.2696642039165,
            0.0,
            86.90486988068012,
            91.85013575859334,
            105.10679045034442,
            52.85339517287218,
            88.60576104565692,
            27.437914467229632,
            97.49041099366532,
            26.316075131383894,
            51.77360044770234,
            90.5048148798161,
            81.26824899044445,
            28.072130048711706,
            40.13606988114744,
            102.0100829818264,
            71.81310695201314
        ],
        [
            86.50156175028636,
            39.8913798285448,
            68.4580905581461,
            79.04402105608658,
            58.78993522226998,
            32.71412680834498,
            86.90486988068012,
            0.0,
            88.170111995924,
            25.00416428015791,
            39.38965495311663,
            84.61338974311944,
            76.25818101214895,
            69.01259553577495,
            68.4352965625159,
            36.048857667853994,
            48.864881097835166,
            30.26634494168972,
            73.54872744756166,
            46.99679611126893,
            77.73898849618018,
            86.50156175028636
        ],
        [
            21.884734122900042,
            90.65736322765427,
            26.16349390989421,
            9.666787902920944,
            33.61691545430683,
            57.14164856084403,
            91.85013575859334,
            88.170111995924,
            0.0,
            82.16143458496036,
            94.09101054550699,
            3.918390906979528,
            64.41374397160396,
            26.208382247581167,
            67.75809535417234,
            72.6475551721573,
            42.80245914369041,
            58.152798912018994,
            63.99565076027196,
            75.96345086531245,
