{
    "vertices": [
        [
            97.42530312836519,
            4.661282857878257
        ],
        [
            3.6324743585580466,
            0.6329285748034486
        ],
        [
            31.869127702510745,
            72.77515551085293
        ],
        [
            8.994050995394055,
            59.540236629863244
        ],
        [
            43.57146522528369,
            68.12482876624132
        ],
        [
            7.116642724691447,
            98.32220269713022
        ],
        [
            32.00527243159175,
            10.470973947330531
        ],
        [
            28.341288512477536,
            72.43580936744185
        ],
        [
            42.442668998736046,
            22.921730304579402
        ],
        [
            83.06253452611033,
            96.31051965892048
        ],
        [
            98.33910239635021,
            11.25396090629427
        ],
        [
            7.680465841260675,
            59.38273853429216
        ],
        [
            91.53863934262137,
            28.18938858198805
        ],
        [
            86.60085173839617,
            3.6977323676008034
        ],
        [
            18.256550067490494,
            46.84829046103847
        ],
        [
            79.48181455899501,
            83.66405619451253
        ],
        [
            97.42530312836519,
            4.661282857878257
        ]
    ],
    "distances": [
        [
            0.0,
            93.87929679579162,
            94.53629876534754,
            104.0758661790176,
            83.23375226525765,
            130.10773247213575,
            65.67749178311882,
            96.77803221312013,
            57.93560215261764,
            92.76783778948084,
            6.6557067958434235,
            105.11219496820812,
            24.253341408788927,
            10.867252524953859,
            89.70749729940555,
            81.01485651976881,
            0.0
        ],
        [
            93.87929679579162,
            0.0,
            77.47134631177529,
            59.15080258395805,
            78.42371824201787,
            97.75138724207788,
            30.03003175564499,
            75.93536190086127,
            44.755132561056776,
            124.35166220795156,
            95.30032382985536,
            58.88910260243462,
            92.12411372888711,
            83.02496412123031,
            48.47394418258382,
            112.46017322875703,
            93.87929679579162
        ],
        [
            94.53629876534754,
            77.47134631177529,
            0.0,
            26.427868096818738,
            12.592467682251543,
            35.57157759384659,
            62.30433031248807,
            3.544122621437094,
            50.962376125338686,
            56.34428336387566,
            90.57104902435236,
            27.64865629848884,
            74.48718837494376,
            88.13201463743026,
            29.283179492342427,
            48.84195028653373,
            94.53629876534754
        ],
        [
            104.0758661790176,
            59.15080258395805,
            26.427868096818738,
            0.0,
            35.6271356829782,
            38.8273814962785,
            54.19694504483736,
            23.25105149821451,
            49.59561524800703,
            82.69337317208048,
            101.55837057127306,
            1.32299342676679,
            88.29770517252516,
            95.60962715043308,
            15.712395953925466,
            74.5015669807412,
            104.0758661790176
        ],
        [
            83.23375226525765,
            78.42371824201787,
            12.592467682251543,
            35.6271356829782,
            0.0,
            47.33746376678428,
            58.80258320193845,
            15.828544988318733,
            45.21719022070888,
            48.51780833488204,
            78.95435195380396,
            36.94032997155658,
            62.41545622290251,
            77.47502083932952,
            33.06865603103689,
            39.128260609650376,
            83.23375226525765
        ],
        [
            130.10773247213575,
            97.75138724207788,
            35.57157759384659,
            38.8273814962785,
            47.33746376678428,
            0.0,
            91.30871963584218,
            33.475228878027416,
            83.26559535206788,
            75.97253023401974,
            126.10478134113266,
            38.943545881130646,
            109.7528365404141,
            123.57803149297327,
            52.6655596808296,
            73.83481125797293,
            130.10773247213575
        ],
        [
            65.67749178311882,
            30.03003175564499,
            62.30433031248807,
            54.19694504483736,
            58.80258320193845,
            91.30871963584218,
            0.0,
            62.07306667791603,
            16.24686372711388,
            99.87628157155483,
            66.33845088914418,
            54.6265222274617,
            62.11412072088699,
            55.014126198122526,
            38.888771173484336,
            87.24247441021973,
            65.67749178311882
        ],
        [
            96.77803221312013,
            75.93536190086127,
            3.544122621437094,
            23.25105149821451,
            15.828544988318733,
            33.475228878027416,
            62.07306667791603,
            0.0,
            51.48293850453396,
            59.702734918817235,
            92.96726590388741,
            24.438744886484898,
            77.146943583474,
            90.10604828151597,
            27.50314660705844,
            52.358637598052105,
            96.77803221312013
        ],
        [
            57.93560215261764,
            44.755132561056776,
            50.962376125338686,
            49.59561524800703,
            45.21719022070888,
            83.26559535206788,
            16.24686372711388,
            51.48293850453396,
            0.0,
            83.88019956078918,
            57.10120935063876,
            50.376739567867745,
            49.37775336864992,
            48.16126243725527,
            34.02129671069298,
            71.14441972743113,
            57.93560215261764
        ],
        [
            92.76783778948084,
            124.35166220795156,
            56.34428336387566,
            82.69337317208048,
            48.51780833488204,
            75.97253023401974,
            99.87628157155483,
            59.702734918817235,
            83.88019956078918,
            0.0,
            86.41754285290112,
            83.94115378046604,
            68.64643364415292,
            92.68035422117237,
            81.52501296457847,
            13.143614177215628,
            92.76783778948084
        ],
        [
            6.6557067958434235,
            95.30032382985536,
            90.57104902435236,
            101.55837057127306,
            78.95435195380396,
            126.10478134113266,
            66.33845088914418,
            92.96726590388741,
            57.10120935063876,
            86.41754285290112,
            0.0,
            102.64193888461523,
            18.249794746894715,
            13.960054378043234,
            87.63658758735585,
            74.82525779594556,
            6.6557067958434235
        ],
        [
            105.11219496820812,
            58.88910260243462,
            27.64865629848884,
            1.32299342676679,
            36.94032997155658,
            38.943545881130646,
            54.6265222274617,
            24.438744886484898,
            50.376739567867745,
            83.94115378046604,
            102.64193888461523,
            0.0,
            89.4718857755397,
            96.58802835723088,
            16.40018128135785,
            75.79588422204876,
            105.11219496820812
        ],
        [
            24.253341408788927,
            92.12411372888711,
            74.48718837494376,
