{
    "vertices": [
        [
            71.37474107751302,
            41.93482432022624
        ],
        [
            41.49505926548171,
            26.84512355766313
        ],
        [
            44.66520281133738,
            98.72716126842955
        ],
        [
            36.05910478228267,
            58.26672812999328
        ],
        [
            58.116642390456896,
            78.23929931579775
        ],
        [
            92.69011317301292,
            25.408233299887286
        ],
        [
            97.49858322509198,
            44.830023524320154
        ],
        [
            61.10105321822654,
            35.038252708989816
        ],
        [
            85.2970429595662,
            76.68786287420943
        ],
        [
            64.25260326589893,
            12.750878341323869
        ],
        [
            84.97914085550529,
            3.033626025579017
        ],
        [
            99.99836685820571,
            35.512926482921124
        ],
        [
            66.52600408889079,
            71.95453334804175
        ],
        [
            86.34309802746768,
            54.14006263039427
        ],
        [
            29.61949284578701,
            63.76382336503779
        ],
        [
            71.37474107751302,
            41.93482432022624
        ]
    ],
    "distances": [
        [
            0.0,
            33.473787570156034,
            62.75961257393612,
            38.90919234562027,
            38.64960653745128,
            26.971712928977347,
            26.283784106992826,
            12.373817608925819,
            37.438004466446436,
            30.04043191945008,
            41.2114416403855,
            29.335178960864027,
            30.40876815162925,
            19.313714091009246,
            47.11693914285437,
            0.0
        ],
        [
            33.473787570156034,
            0.0,
            71.95190863037183,
            31.88834951895897,
            54.01516756836447,
            51.21521451881187,
            58.82050087091491,
            21.249055606435455,
            66.35444550377943,
            26.768518023028992,
            49.57673614154401,
            59.14192934661491,
            51.58882679794973,
            52.501050273120256,
            38.781689922637796,
            33.473787570156034
        ],
        [
            62.75961257393612,
            71.95190863037183,
            0.0,
            41.365584403409215,
            24.509053717775412,
            87.64734573107881,
            75.47362150415209,
            65.77548367051598,
            46.224204779971,
            88.1792916876127,
            103.83865507557235,
            84.01070481167878,
            34.56397312607753,
            61.03323942414186,
            38.063215651258545,
            62.75961257393612
        ],
        [
            38.90919234562027,
            31.88834951895897,
            41.365584403409215,
            0.0,
            29.7563197507361,
            65.47329069056376,
            62.8916094720476,
            34.15642328834554,
            52.57102587181044,
            53.54032068199059,
            73.78255550929403,
            67.8672581161776,
            33.40041863579307,
            50.45304098691567,
            8.466797382470324,
            38.90919234562027
        ],
        [
            38.64960653745128,
            54.01516756836447,
            24.509053717775412,
            29.7563197507361,
            0.0,
            63.138311810894535,
            51.644137835902626,
            43.30400831230869,
            27.224641965130147,
            65.77524836589266,
            79.85917053676333,
            59.82994049676473,
            10.498364036579746,
            37.11476803978754,
            31.96289937055631,
            38.64960653745128
        ],
        [
            26.971712928977347,
            51.21521451881187,
            87.64734573107881,
            65.47329069056376,
            63.138311810894535,
            0.0,
            20.008181320740206,
            33.024324105828114,
            51.80982432377712,
            31.12716826607066,
            23.6660546936091,
            12.47058123145768,
            53.39586737134876,
            29.424524090206827,
            73.81771086742636,
            26.971712928977347
        ],
        [
            26.283784106992826,
            58.82050087091491,
            75.47362150415209,
            62.8916094720476,
            51.644137835902626,
            20.008181320740206,
            0.0,
            37.69162992363988,
            34.11450590136988,
            46.199207126517,
            43.6311274334984,
            9.646616789902556,
            41.17085973750627,
            14.53002677736845,
            70.47027520260022,
            26.283784106992826
        ],
        [
            12.373817608925819,
            21.249055606435455,
            65.77548367051598,
            34.15642328834554,
            43.30400831230869,
            33.024324105828114,
            37.69162992363988,
            0.0,
            48.16778951205649,
            22.50909424893585,
            39.93067991354586,
            38.900209814325784,
            37.31275744528085,
            31.655014901673997,
            42.617450099685215,
            12.373817608925819
        ],
        [
            37.438004466446436,
            66.35444550377943,
            46.224204779971,
            52.57102587181044,
            27.224641965130147,
            51.80982432377712,
            34.11450590136988,
            48.16778951205649,
            0.0,
            67.31126527691221,
            73.65492290065826,
            43.72075378123469,
            19.35862362585982,
            22.572051901412802,
            57.15785496243734,
            37.438004466446436
        ],
        [
            30.04043191945008,
            26.768518023028992,
            88.1792916876127,
            53.54032068199059,
            65.77524836589266,
            31.12716826607066,
            46.199207126517,
            22.50909424893585,
            67.31126527691221,
            0.0,
            22.89135978969389,
            42.37771171733411,
            59.247287848950954,
            46.91539763154021,
            61.6585184493118,
            30.04043191945008
        ],
        [
            41.2114416403855,
            49.57673614154401,
            103.83865507557235,
            73.78255550929403,
            79.85917053676333,
            23.6660546936091,
            43.6311274334984,
            39.93067991354586,
            73.65492290065826,
            22.89135978969389,
            0.0,
            35.78382466867531,
            71.34850890298183,
            51.12463439095626,
            82.17571111131019,
            41.2114416403855
        ],
        [
            29.335178960864027,
            59.14192934661491,
            84.01070481167878,
            67.8672581161776,
            59.82994049676473,
            12.47058123145768,
            9.646616789902556,
            38.900209814325784,
            43.72075378123469,
            42.37771171733411,
            35.78382466867531,
            0.0,
            49.48120633404795,
            23.096245753286972,
            75.83731984913426,
            29.335178960864027
        ],
        [
            30.40876815162925,
            51.58882679794973,
            34.56397312607753,
            33.40041863579307,
            10.498364036579746,
            53.39586737134876,
            41.17085973750627,
            37.31275744528085,
            19.35862362585982,
            59.247287848950954,
            71.34850890298183,
            49.48120633404795,
            0.0,
            26.647187077068764,
            37.804474631490734,
            30.40876815162925
        ],
        [
            19.313714091009246,
            52.501050273120256,
