{
    "vertices": [
        [
            88.95376212443469,
            6.4658941086329635
        ],
        [
            15.498042105501696,
            52.58705387064138
        ],
        [
            9.26187836274348,
            50.431400314791276
        ],
        [
            27.297171711863722,
            9.05696303404726
        ],
        [
            97.05539389290932,
            20.698961720641286
        ],
        [
            46.89069851074802,
            7.919352332321116
        ],
        [
            63.802822793625104,
            90.25125331315591
        ],
        [
            63.869552468410575,
            54.209555397821894
        ],
        [
            71.71634888848061,
            57.744310424637476
        ],
        [
            56.003652103021395,
            86.60458305523319
        ],
        [
            11.325052610777785,
            33.009432772590664
        ],
        [
            35.931983005528345,
            68.24842781324844
        ],
        [
            73.00191391810681,
            1.4060761896509955
        ],
        [
            96.8135633938686,
            82.1620606316857
        ],
        [
            19.45352509391778,
            38.060255329002224
        ],
        [
            39.295533202482815,
            20.574192900834042
        ],
        [
            3.2769636185425943,
            30.970571903006473
        ],
        [
            70.77326794603718,
            21.381347066969436
        ],
        [
            8.77354312416536,
            98.55714838835432
        ],
        [
            88.95376212443469,
            6.4658941086329635
        ]
    ],
    "distances": [
        [
            0.0,
            86.7346769250487,
            91.0151749624789,
            61.71101019655881,
            16.377321238833833,
            42.088167712280594,
            87.47888983207893,
            53.9321311220331,
            54.09809973506022,
            86.64824993329748,
            82.04130658126272,
            81.41492818823855,
            16.735089440184566,
            76.10312807158931,
            76.3445257253014,
            51.62348103794435,
            89.1122496406936,
            23.515975538409926,
            122.10514581189217,
            0.0
        ],
        [
            86.7346769250487,
            0.0,
            6.598225555355116,
            45.10086770462253,
            87.56969824969056,
            54.59580970087641,
            61.25311222275332,
            48.39871409443337,
            56.454364868527826,
            52.89514848353981,
            20.017419643448466,
            25.74537967239857,
            76.98173646925976,
            86.52684570302254,
            15.055687348673871,
            39.889144513051534,
            24.831976402241917,
            63.47556009078564,
            46.459320663538065,
            86.7346769250487
        ],
        [
            91.0151749624789,
            6.598225555355116,
            0.0,
            45.13441997508156,
            92.69152751951157,
            56.773253644605546,
            67.53025479164052,
            54.73821815753756,
            62.881154115719426,
            59.104082447498826,
            17.5437065929422,
            32.07399180859585,
            80.41314903779134,
            93.12428445864954,
            16.028564856295443,
            42.34941862166068,
            20.36033022738786,
            68.0261467537962,
            48.1282255952294,
            91.0151749624789
        ],
        [
            61.71101019655881,
            45.10086770462253,
            45.13441997508156,
            0.0,
            70.72302097110091,
            19.626524158069326,
            89.02345384690186,
            58.105900142507366,
            65.90539505214801,
            82.69035849116968,
            28.789397269743453,
            59.817969447187124,
            46.34068978387022,
            100.88054325411893,
            30.04519522675479,
            16.63151413022809,
            32.51425303629437,
            45.189173322313145,
            91.39698022642935,
            61.71101019655881
        ],
        [
            16.377321238833833,
            87.56969824969056,
            92.69152751951157,
            70.72302097110091,
            0.0,
            51.76693036005783,
            77.0925077454556,
            47.16206059587594,
            44.88234688980887,
            77.64532456936635,
            86.60969411025322,
            77.44044863118756,
            30.834807134310406,
            61.46357465799639,
            79.52021476864617,
            57.75999544871756,
            94.33928111058897,
            26.290983132019488,
            117.70973794185095,
            16.377321238833833
        ],
        [
            42.088167712280594,
            54.59580970087641,
            56.773253644605546,
            19.626524158069326,
            51.76693036005783,
            0.0,
            84.05094804270483,
            49.30582502667338,
            55.66721984775686,
            79.21118265177485,
            43.52501929673628,
            61.316317517507265,
            26.911304988055985,
            89.46659808980587,
            40.758710953127014,
            14.759116703731147,
            49.33068613898984,
            27.4153684102021,
            98.32663733017597,
            42.088167712280594
        ],
        [
            87.47888983207893,
            61.25311222275332,
            67.53025479164052,
            89.02345384690186,
            77.0925077454556,
            84.05094804270483,
            0.0,
            36.041759688862165,
            33.45631825547095,
            8.609603209857589,
            77.65656689657364,
            35.50926696614753,
            89.32014764667309,
            33.987409922124336,
            68.48912670664738,
            73.86135654593993,
            84.72059264035845,
            69.22175302591882,
            55.65257868185283,
            87.47888983207893
        ],
        [
            53.9321311220331,
            48.39871409443337,
            54.73821815753756,
            58.105900142507366,
            47.16206059587594,
            49.30582502667338,
            36.041759688862165,
            0.0,
            8.606201668426202,
            33.33631961513857,
            56.66012411399761,
            31.26655923170943,
            53.58738137039012,
            43.2047497933489,
            47.260801732984525,
            41.65597235914636,
            64.89616458159487,
            33.546274750110065,
            70.72679301166622,
            53.9321311220331
        ],
        [
            54.09809973506022,
            56.454364868527826,
            62.881154115719426,
            65.90539505214801,
            44.88234688980887,
            55.66721984775686,
            33.45631825547095,
            8.606201668426202,
            0.0,
            32.86037395685102,
            65.26042321777425,
            37.294199599384314,
            56.35289978485225,
            35.01566365361738,
            55.84679736555649,
            49.322681663498386,
            73.49001653661317,
            36.37519080108183,
            75.01656177229748,
            54.09809973506022
        ],
        [
            86.64824993329748,
            52.89514848353981,
            59.104082447498826,
            82.69035849116968,
            77.64532456936635,
            79.21118265177485,
            8.609603209857589,
            33.33631961513857,
            32.86037395685102,
            0.0,
            69.7754784032854,
            27.199638520155037,
            86.87765234431032,
            41.05100321612787,
            60.76564439527752,
            68.11147965751961,
            76.65015900456669,
            66.87459954968708,
            48.71906210301207,
            86.64824993329748
        ],
        [
