{
    "vertices": [
        [
            23.841106097616084,
            2.25805189134497
        ],
        [
            91.56826180089246,
            28.423390118941782
        ],
        [
            29.64813808225456,
            87.49913682573029
        ],
        [
            79.55018054796224,
            30.54736786937501
        ],
        [
            3.568890174560002,
            65.73126208628666
        ],
        [
            47.29798204048221,
            40.424604620054104
        ],
        [
            67.62726381067459,
            49.78767662243639
        ],
        [
            18.215476628024184,
            75.22666751747985
        ],
        [
            86.06475680709211,
            62.40233972710002
        ],
        [
            99.73517779904034,
            67.77146812092562
        ],
        [
            19.288282396656562,
            27.48424104018701
        ],
        [
            37.61959065670163,
            54.53213701720653
        ],
        [
            94.06946953906535,
            11.26853387706852
        ],
        [
            33.16842811993857,
            0.8431300851161172
        ],
        [
            56.546570132449666,
            66.8834610887865
        ],
        [
            90.85783720046172,
            89.5881236138543
        ],
        [
            37.74603291682808,
            29.17760234638593
        ],
        [
            0.4031359491463826,
            57.201895548039786
        ],
        [
            23.841106097616084,
            2.25805189134497
        ]
    ],
    "distances": [
        [
            0.0,
            72.60573354922033,
            85.43865741724706,
            62.48028788841355,
            66.63190790366323,
            44.798557746788525,
            64.62424339480664,
            73.18515268361305,
            86.53969070250383,
            100.25925306669308,
            25.63374382772003,
            54.05947292094864,
            70.80403814246286,
            9.434030942595212,
            72.42990329739887,
            110.08080520585656,
            30.298666415357907,
            59.734114209987915,
            0.0
        ],
        [
            72.60573354922033,
            0.0,
            85.58063782361089,
            12.204325400708067,
            95.581204833174,
            45.86814602277595,
            32.08744493678201,
            87.0125155817338,
            34.421760322367916,
            40.18668634474617,
            72.28608042817712,
            59.934345602681745,
            17.336237562655686,
            64.58491555693573,
            52.016304620041666,
            61.168859124693256,
            53.82751302199127,
            95.59959490655451,
            72.60573354922033
        ],
        [
            85.43865741724706,
            85.58063782361089,
            0.0,
            75.72131687647386,
            33.97009776410864,
            50.27453206279527,
            53.52166123878962,
            16.772574365582464,
            61.746935899310074,
            72.81053528706431,
            60.90249851997895,
            33.91706255738938,
            99.80587544120236,
            86.72748091682813,
            33.889994583206644,
            61.24533559335279,
            58.88104350958095,
            42.10929800892073,
            85.43865741724706
        ],
        [
            62.48028788841355,
            12.204325400708067,
            75.72131687647386,
            0.0,
            83.73209001974153,
            33.73075917311768,
            22.635048584825803,
            75.88271029682326,
            32.51428818062101,
            42.344630752475815,
            60.339697668864986,
            48.305729677791405,
            24.134688581170465,
            55.07820531424634,
            43.00555502023478,
            60.11384148305679,
            41.82658265688974,
            83.51478021583756,
            62.48028788841355
        ],
        [
            66.63190790366323,
            95.581204833174,
            33.97009776410864,
            83.73209001974153,
            0.0,
            50.52385958664963,
            66.01267416449025,
            17.4552347174575,
            82.56300464206726,
            96.18792708099109,
            41.35134714532163,
            35.845091792844094,
            105.6245408477703,
            71.32042008556343,
            52.990207928087486,
            90.49038686422008,
            50.042453241281116,
            9.097916979149112,
            66.63190790366323
        ],
        [
            44.798557746788525,
            45.86814602277595,
            50.27453206279527,
            33.73075917311768,
            50.52385958664963,
            0.0,
            22.38184118015476,
            45.353894022256,
            44.5632546639105,
            59.13975348576155,
            30.854437018303823,
            17.108294190665045,
            55.114866451803174,
            42.02781722090138,
            28.028690075133095,
            65.68494942840518,
            14.755839257892925,
            49.8056631399718,
            44.798557746788525
        ],
        [
            64.62424339480664,
            32.08744493678201,
            53.52166123878962,
            22.635048584825803,
            66.01267416449025,
            22.38184118015476,
            0.0,
            55.575776830752794,
            22.33989420827921,
            36.801289343519294,
            53.2362692430295,
            30.380427129209554,
            46.721671648396395,
            59.85799857082638,
            20.372717514130304,
            46.08400070235821,
            36.299629769402394,
            67.6317529642687,
            64.62424339480664
        ],
        [
            73.18515268361305,
            87.0125155817338,
            16.772574365582464,
            75.88271029682326,
            17.4552347174575,
            45.353894022256,
            55.575776830752794,
            0.0,
            69.05062059165557,
            81.85989052676625,
            47.75447830472996,
            28.36870165983385,
            99.21930809733053,
            75.87161128690626,
            39.22858425634042,
            74.04838938656341,
            50.01958648451417,
            25.34111057177087,
            73.18515268361305
        ],
        [
            86.53969070250383,
            34.421760322367916,
            61.746935899310074,
            32.51428818062101,
            82.56300464206726,
            44.5632546639105,
            22.33989420827921,
            69.05062059165557,
            0.0,
            14.686999346581425,
            75.35496765705994,
            49.08028335323416,
            51.7565602279569,
            81.16377196954997,
            29.856386137930386,
            27.605080423621526,
            58.63942575094842,
            85.81933294817644,
            86.53969070250383
        ],
        [
            100.25925306669308,
            40.18668634474617,
            72.81053528706431,
            42.344630752475815,
            96.18792708099109,
            59.13975348576155,
            36.801289343519294,
            81.85989052676625,
            14.686999346581425,
            0.0,
            89.97090443991921,
            63.510834147500994,
            56.786282042873594,
            94.39562805064534,
            43.197735920622314,
            23.553633116789165,
            73.02150750738502,
            99.89279454716734,
            100.25925306669308
        ],
        [
            25.63374382772003,
            72.28608042817712,
            60.90249851997895,
            60.339697668864986,
            41.35134714532163,
            30.854437018303823,
            53.2362692430295,
            47.75447830472996,
            75.35496765705994,
            89.97090443991921,
            0.0,
            32.67453961892142,
            76.51911597259848,
