{
    "vertices": [
        [
            13.722913717943296,
            20.315472911293377
        ],
        [
            10.39736530838502,
            86.7856647685793
        ],
        [
            31.545422428398652,
            89.55734310734454
        ],
        [
            45.28492755551472,
            49.42205414983333
        ],
        [
            52.430036486535016,
            57.72326784900075
        ],
        [
            97.72934838588205,
            57.09844762766521
        ],
        [
            18.24878930047651,
            17.426600201399832
        ],
        [
            80.9273899203456,
            54.197012706187095
        ],
        [
            9.08381795347234,
            27.70244770043828
        ],
        [
            13.722913717943296,
            20.315472911293377
        ]
    ],
    "distances": [
        [
            0.0,
            66.55332957687929,
            71.49880002476304,
            42.934296184737626,
            53.829215813760435,
            91.70642450016199,
            5.369276983220183,
            75.2622107070489,
            8.722878312082244,
            0.0
        ],
        [
            66.55332957687929,
            0.0,
            21.328912789097803,
            51.11928596935423,
            51.10154949785388,
            92.23993782424189,
            69.80203934225533,
            77.69494587814206,
            59.09781675979805,
            66.55332957687929
        ],
        [
            71.49880002476304,
            21.328912789097803,
            0.0,
            42.42187432022505,
            38.073290531699556,
            73.714937094909,
            73.34606004893547,
            60.73657612554995,
            65.8069279133082,
            71.49880002476304
        ],
        [
            42.934296184737626,
            51.11928596935423,
            42.42187432022505,
            0.0,
            10.952749906548165,
            53.00324794820754,
            41.88868397445627,
            35.96088642738499,
            42.2168407242381,
            42.934296184737626
        ],
        [
            53.829215813760435,
            51.10154949785388,
            38.073290531699556,
            10.952749906548165,
            0.0,
            45.30362081405098,
            52.84107382231779,
            28.71469359167421,
            52.72707372411597,
            53.829215813760435
        ],
        [
            91.70642450016199,
            92.23993782424189,
            73.714937094909,
            53.00324794820754,
            45.30362081405098,
            0.0,
            88.83138381642785,
            17.05063438354082,
            93.39247762729504,
            91.70642450016199
        ],
        [
            5.369276983220183,
            69.80203934225533,
            73.34606004893547,
            41.88868397445627,
            52.84107382231779,
            88.83138381642785,
            0.0,
            72.66822009267372,
            13.769159074355347,
            5.369276983220183
        ],
        [
            75.2622107070489,
            77.69494587814206,
            60.73657612554995,
            35.96088642738499,
            28.71469359167421,
            17.05063438354082,
            72.66822009267372,
            0.0,
            76.57323819588113,
            75.2622107070489
        ],
        [
            8.722878312082244,
            59.09781675979805,
            65.8069279133082,
            42.2168407242381,
            52.72707372411597,
            93.39247762729504,
            13.769159074355347,
            76.57323819588113,
            0.0,
            8.722878312082244
        ],
        [
            0.0,
            66.55332957687929,
            71.49880002476304,
            42.934296184737626,
            53.829215813760435,
            91.70642450016199,
            5.369276983220183,
            75.2622107070489,
            8.722878312082244,
            0.0
        ]
    ],
    "scores_ave": [
        0,
        15.34746376524642,
        10.358611046660773,
        19.4275564298463,
        16.35688017634712,
        14.71657294524973,
        14.460285184238046,
        19.108279679736768,
        19.807001816064787,
        0
    ],
    "scores_var": [
        0,
        374.63941102724925,
        23.94753749383289,
        24.440702962738435,
        22.590184761017266,
        16.2334472620381,
        360.86545780257353,
        288.05289594662224,
        16.008532155169874,
        0
    ],
    "vertex_number": 10,
    "minimum_distances": {
        "cost": 266.8405837953267,
        "path": [
            0,
            8,
            1,
            2,
            5,
            7,
            4,
            3,
            6,
            9
        ]
    }
}