{
    "vertices": [
        [
            9.70767970713553,
            0.007056865317334182
        ],
        [
            22.410910195399648,
            58.29078002159888
        ],
        [
            22.798053758605008,
            99.14378181704053
        ],
        [
            86.56932172250926,
            50.033329769709034
        ],
        [
            97.90462166214088,
            9.699079800557575
        ],
        [
            81.16702445971995,
            16.53239630699862
        ],
        [
            17.426694405616306,
            68.24672056592954
        ],
        [
            83.06086864037027,
            27.9977798574225
        ],
        [
            1.7027444982862794,
            9.594714615648437
        ],
        [
            10.8423167725322,
            35.07731370055901
        ],
        [
            20.52626316549041,
            99.86337930392631
        ],
        [
            61.80763377060564,
            64.32405067284243
        ],
        [
            62.810948498180984,
            95.68397316278964
        ],
        [
            46.96445990573426,
            26.563878381474503
        ],
        [
            14.856150506715316,
            79.3072414585733
        ],
        [
            57.42229958735696,
            43.27441175581437
        ],
        [
            45.61791373042611,
            51.61213049714119
        ],
        [
            9.70767970713553,
            0.007056865317334182
        ]
    ],
    "distances": [
        [
            0.0,
            59.652028044283895,
            99.99724059673348,
            91.70790584243073,
            88.72787543264972,
            73.34524385487789,
            68.67484903432997,
            78.51223408040048,
            12.490082819395493,
            35.0886066374826,
            100.44066347355951,
            82.77125651971774,
            109.42590857967569,
            45.75295006671949,
            79.46713803893151,
            64.41078286695668,
            62.869933451161366,
            0.0
        ],
        [
            59.652028044283895,
            0.0,
            40.85483613768253,
            64.68761283541376,
            89.78003008127766,
            72.08358741001766,
            11.133874400287288,
            67.79441952198907,
            52.91630100979949,
            25.93641016836494,
            41.61529653284135,
            39.85601815551007,
            55.04919607188279,
            40.11823888283233,
            22.33307066405341,
            38.09578327123516,
            24.148900027646594,
            59.652028044283895
        ],
        [
            99.99724059673348,
            40.85483613768253,
            0.0,
            80.48981996511935,
            116.79619540492693,
            101.15126176472728,
            31.360483020097824,
            93.23819202618571,
            92.00025820305031,
            65.17247872990788,
            2.383034418991111,
            52.28920547940003,
            40.16219642106761,
            76.49743504709222,
            21.367315242104596,
            65.72841782857763,
            52.72574216006838,
            99.99724059673348
        ],
        [
            91.70790584243073,
            64.68761283541376,
            80.48981996511935,
            0.0,
            41.89678681349451,
            33.933720081778404,
            71.50126234255309,
            22.31310608065228,
            94.00860346443416,
            77.18977714279607,
            82.73281948627381,
            28.589611647567068,
            51.46301138165831,
            46.036509728589834,
            77.45799397991922,
            29.920425666517644,
            40.98183046510968,
            91.70790584243073
        ],
        [
            88.72787543264972,
            89.78003008127766,
            116.79619540492693,
            41.89678681349451,
            0.0,
            18.078754785318832,
            99.52147011925369,
            23.562245808547885,
            96.20193377443715,
            90.68571931993682,
            118.81502964090588,
            65.47426958462088,
            92.8707046525074,
            53.6593096390903,
            108.36210006576103,
            52.593928513396165,
            67.01196643160706,
            88.72787543264972
        ],
        [
            73.34524385487789,
            72.08358741001766,
            101.15126176472728,
            33.933720081778404,
            18.078754785318832,
            0.0,
            82.08045448804435,
            11.620742908218629,
            79.76655450149269,
            72.72880084548612,
            103.05995661544779,
            51.56382680598914,
            81.25218546884743,
            35.64331711106711,
            91.31162679645702,
            35.76237337662189,
            49.943238025729286,
            73.34524385487789
        ],
        [
            68.67484903432997,
            11.133874400287288,
            31.360483020097824,
            71.50126234255309,
            99.52147011925369,
            82.08045448804435,
            0.0,
            76.99235063066303,
            60.72314552689142,
            33.816616930372376,
            31.768229982989848,
            44.55395737764482,
            53.03332301112556,
            51.087561336534186,
            11.355299130925012,
            47.15150730529657,
            32.73307858689986,
            68.67484903432997
        ],
        [
            78.51223408040048,
            67.79441952198907,
            93.23819202618571,
            22.31310608065228,
            23.562245808547885,
            11.620742908218629,
            76.99235063066303,
            0.0,
            83.41353112182544,
            72.56472306378447,
            95.26406072441067,
            42.086790609223335,
            70.65040714629018,
            36.12487781267409,
            85.34954262028174,
            29.844793603660523,
            44.267509852302446,
            78.51223408040048
        ],
        [
            12.490082819395493,
            52.91630100979949,
            92.00025820305031,
            94.00860346443416,
            96.20193377443715,
            79.76655450149269,
            60.72314552689142,
            83.41353112182544,
            0.0,
            27.072026844668464,
            92.21039355527839,
            81.28897797179545,
            105.57259603367378,
            48.338136088767826,
            70.94257176370262,
            65.1075327345253,
            60.778329411442364,
            12.490082819395493
        ],
        [
            35.0886066374826,
            25.93641016836494,
            65.17247872990788,
            77.18977714279607,
            90.68571931993682,
            72.72880084548612,
            33.816616930372376,
            72.56472306378447,
            27.072026844668464,
            0.0,
            65.50582503949934,
            58.76083015274753,
            79.83674501510504,
            37.11182837678268,
            44.41168056631982,
            47.29574204467926,
            38.50639310912431,
            35.0886066374826
        ],
        [
            100.44066347355951,
            41.61529653284135,
            2.383034418991111,
            82.73281948627381,
            118.81502964090588,
            103.05995661544779,
            31.768229982989848,
            95.26406072441067,
            92.21039355527839,
            65.50582503949934,
            0.0,
            54.471969292334656,
            42.490728981475804,
            77.92172407202214,
            21.323812526852596,
            67.55463530954016,
            54.385420284182054,
            100.44066347355951
        ],
        [
            82.77125651971774,
            39.85601815551007,
            52.28920547940003,
            28.589611647567068,
            65.47426958462088,
            51.56382680598914,
            44.55395737764482,
