{
    "vertices": [
        [
            90.44811532953437,
            65.54765477517506
        ],
        [
            99.14627407490451,
            69.42545293910767
        ],
        [
            57.306728925705855,
            63.02571750927004
        ],
        [
            30.210957678278984,
            4.850994571727463
        ],
        [
            28.71554078285895,
            79.5733206800897
        ],
        [
            86.48216883881493,
            25.548191588535207
        ],
        [
            78.76858572880109,
            54.67644721437571
        ],
        [
            39.056439488158745,
            99.44815659704929
        ],
        [
            80.32817965218716,
            49.20604752905299
        ],
        [
            45.51853526938226,
            19.79510860882918
        ],
        [
            52.219089817992185,
            95.14595238834032
        ],
        [
            80.80036649613506,
            58.415729314438394
        ],
        [
            2.544521851048065,
            13.060980979140592
        ],
        [
            80.45633727856712,
            55.388719752629065
        ],
        [
            15.286031978308866,
            48.61800380767261
        ],
        [
            42.49465742592198,
            60.983420835722804
        ],
        [
            63.58135203763935,
            96.58922085439895
        ],
        [
            90.44811532953437,
            65.54765477517506
        ]
    ],
    "distances": [
        [
            0.0,
            9.523407171798238,
            33.23720295604054,
            85.51373995888015,
            63.30584541918008,
            40.19559412157764,
            15.956019726873805,
            61.56580519704042,
            19.221374183448866,
            64.12458689991874,
            48.347881165151875,
            11.997642198776468,
            102.38111482398652,
            14.249196097047113,
            77.04512869466846,
            48.17018119508763,
            41.053645324545066,
            0.0
        ],
        [
            9.523407171798238,
            0.0,
            42.32616391623214,
            94.45601367908444,
            71.15804530581006,
            45.66830000183051,
            25.155185393852605,
            67.1725461449471,
            27.621459643517294,
            73.06918261302313,
            53.5135937328094,
            21.395942119484978,
            111.84298025377038,
            23.373994438252872,
            86.40306790766685,
            57.277164515868414,
            44.75191578996989,
            9.523407171798238
        ],
        [
            33.23720295604054,
            42.32616391623214,
            0.0,
            64.17537852130462,
            33.03451543641272,
            47.49496018803247,
            23.028712771098817,
            40.739012428595196,
            26.85089331686972,
            44.80900641145554,
            32.52066359066156,
            23.94165820170294,
            74.13079130977188,
            24.376794326280955,
            44.42207993838398,
            14.95220511555041,
            34.14497989449239,
            33.23720295604054
        ],
        [
            85.51373995888015,
            94.45601367908444,
            64.17537852130462,
            0.0,
            74.73728848931796,
            59.95684422837964,
            69.573119614817,
            95.00981850153121,
            66.92612838965911,
            21.392720165082977,
            92.93835208019868,
            73.67814528472576,
            28.858890279984692,
            71.26471663900297,
            46.24180472915105,
            57.460756675953355,
            97.61908307902644,
            85.51373995888015
        ],
        [
            63.30584541918008,
            71.15804530581006,
            33.03451543641272,
            74.73728848931796,
            0.0,
            79.09296991714427,
            55.9031449627682,
            22.40409089339128,
            59.883518347583454,
            62.09488917898742,
            28.194390852928976,
            56.2180819841644,
            71.47596494223532,
            57.11396452734494,
            33.742900725978465,
            23.139758678230173,
            38.796464441956935,
            63.30584541918008
        ],
        [
            40.19559412157764,
            45.66830000183051,
            47.49496018803247,
            59.95684422837964,
            79.09296991714427,
            0.0,
            30.13228567831189,
            87.80890975693353,
            24.44515761068895,
            41.36565288959107,
            77.57452476382974,
            33.35502831695623,
            84.8614106095718,
            30.44286069186924,
            74.840538077209,
            56.48501245551891,
            74.64097567230961,
            40.19559412157764
        ],
        [
            15.956019726873805,
            25.155185393852605,
            23.028712771098817,
            69.573119614817,
            55.9031449627682,
            30.13228567831189,
            0.0,
            59.846140394220456,
            5.688374629280471,
            48.189974460137336,
            48.4009977391335,
            4.255627299277674,
            86.84442955086854,
            1.8318945009163388,
            63.77099158078348,
            36.81814485797433,
            44.57950943415354,
            15.956019726873805
        ],
        [
            61.56580519704042,
            67.1725461449471,
            40.739012428595196,
            95.00981850153121,
            22.40409089339128,
            87.80890975693353,
            59.846140394220456,
            0.0,
            65.02019732181311,
            79.9147466723095,
            13.847899651531907,
            58.53388361240014,
            93.7862689351621,
            60.45813023989176,
            56.113605353565596,
            38.61809471965474,
            24.690987204651716,
            61.56580519704042
        ],
        [
            19.221374183448866,
            27.621459643517294,
            26.85089331686972,
            66.92612838965911,
            59.883518347583454,
            24.44515761068895,
            5.688374629280471,
            65.02019732181311,
            0.0,
            45.57098496002117,
            53.85717955655694,
            9.2217785162981,
            85.7715760425463,
            6.184000339697476,
            65.04480586064383,
            39.62425931231977,
            50.25556038421179,
            19.221374183448866
        ],
        [
            64.12458689991874,
            73.06918261302313,
            44.80900641145554,
            21.392720165082977,
            62.09488917898742,
            41.36565288959107,
            48.189974460137336,
            79.9147466723095,
            45.57098496002117,
            0.0,
            75.64817968426729,
            52.31022804767342,
            43.49844025033659,
            49.875396374254876,
            41.770366803372404,
            41.29916344567096,
            78.88980304949935,
            64.12458689991874
        ],
        [
            48.347881165151875,
            53.5135937328094,
            32.52066359066156,
            92.93835208019868,
            28.194390852928976,
            77.57452476382974,
            48.4009977391335,
            13.847899651531907,
            53.85717955655694,
            75.64817968426729,
            0.0,
            46.540290755550195,
            95.94532419014324,
            48.76453312603136,
            59.404551681791624,
            35.519616375061425,
            11.453559560815167,
            48.347881165151875
        ],
        [
            11.997642198776468,
            21.395942119484978,
            23.94165820170294,
            73.67814528472576,
            56.2180819841644,
            33.35502831695623,
            4.255627299277674,
