{
    "vertices": [
        [
            48.59144535313964,
            88.22396991085908
        ],
        [
            27.14089927038984,
            13.909655425784118
        ],
        [
            88.65074776417356,
            5.42830449841224
        ],
        [
            35.38997670822723,
            3.1962036403104355
        ],
        [
            4.079007561894876,
            44.88593602185755
        ],
        [
            11.663676092294805,
            74.11611057879287
        ],
        [
            38.828737792722514,
            16.29067056278307
        ],
        [
            22.959418882516058,
            91.13688226914213
        ],
        [
            78.18084559318355,
            12.805690306828222
        ],
        [
            14.697469117298457,
            76.98904089784251
        ],
        [
            73.36753908359748,
            93.74854336343888
        ],
        [
            26.2857714998464,
            24.19348510600826
        ],
        [
            8.269453732504983,
            93.64758818928198
        ],
        [
            23.451446354482563,
            93.13686704348405
        ],
        [
            69.83846730242588,
            4.80387929460252
        ],
        [
            51.85559387485228,
            82.90431290387615
        ],
        [
            48.59144535313964,
            88.22396991085908
        ]
    ],
    "distances": [
        [
            0.0,
            77.34819496688203,
            91.97755117825497,
            86.0464979609377,
            62.125214683602344,
            39.53089725158745,
            72.5927683313575,
            25.797012218429213,
            81.01511899020632,
            35.70749578174431,
            25.384556966261627,
            67.80446939836432,
            40.685115748693335,
            25.615544262971135,
            86.08337505080704,
            6.241267198553629,
            0.0
        ],
        [
            77.34819496688203,
            0.0,
            62.09182534989175,
            13.521291644480831,
            38.6183998728718,
            62.163990214559234,
            11.927900167537526,
            77.34034745299279,
            51.051883996749176,
            64.29500622526913,
            92.25589550560673,
            10.319321508501108,
            81.94064545807203,
            79.31307031967998,
            43.65773098549148,
            73.2876448653597,
            77.34819496688203
        ],
        [
            91.97755117825497,
            62.09182534989175,
            0.0,
            53.307522993613844,
            93.32354432982979,
            103.17472514500326,
            50.992388393874656,
            107.9875501792653,
            12.8079925373307,
            102.90785400857943,
            89.63281241124479,
            65.12697035549702,
            119.34736882368087,
            109.28742310089714,
            18.822640702266145,
            85.76954720751618,
            91.97755117825497
        ],
        [
            86.0464979609377,
            13.521291644480831,
            53.307522993613844,
            0.0,
            52.13837909762438,
            74.78349109984505,
            13.538468959966231,
            88.81487333525735,
            43.85659236561256,
            76.63917210485289,
            98.19379549293328,
            22.886073962697182,
            94.42973966554501,
            90.72955108678902,
            34.48598447526178,
            81.39102672316149,
            86.0464979609377
        ],
        [
            62.125214683602344,
            38.6183998728718,
            93.32354432982979,
            52.13837909762438,
            0.0,
            30.198183742486034,
            45.002588345452246,
            49.95618040247921,
            80.74790749457226,
            33.81362252823665,
            84.78475686496678,
            30.35321876672615,
            48.941378824116384,
            51.994650967443896,
            77.01219265060183,
            61.05734337868521,
            62.125214683602344
        ],
        [
            39.53089725158745,
            62.163990214559234,
            103.17472514500326,
            74.78349109984505,
            30.198183742486034,
            0.0,
            63.88835645274647,
            20.427933672249633,
            90.46270763322805,
            4.178232728878981,
            64.75182719501508,
            52.019940486350656,
            19.824211537328146,
            22.377236295914855,
            90.49028532353867,
            41.141496753842816,
            39.53089725158745
        ],
        [
            72.5927683313575,
            11.927900167537526,
            50.992388393874656,
            13.538468959966231,
            45.002588345452246,
            63.88835645274647,
            0.0,
            76.51006920312487,
            39.5061194718426,
            65.3192949228444,
            84.80949742459934,
            14.824995147683453,
            83.17429017999493,
            78.36963063283548,
            33.06886296659921,
            67.87544714645783,
            72.5927683313575
        ],
        [
            25.797012218429213,
            77.34034745299279,
            107.9875501792653,
            88.81487333525735,
            49.95618040247921,
            20.427933672249633,
            76.51006920312487,
            0.0,
            95.83935309776716,
            16.38356583257858,
            50.47573036497972,
            67.02598783662872,
            14.902976894767203,
            2.0596189285324638,
            98.23966909226696,
            30.046033474347883,
            25.797012218429213
        ],
        [
            81.01511899020632,
            51.051883996749176,
            12.8079925373307,
            43.85659236561256,
            80.74790749457226,
            90.46270763322805,
            39.5061194718426,
            95.83935309776716,
            0.0,
            90.27536531007789,
            81.08583958065236,
            53.129846466380684,
            106.8785065629869,
            97.20290683372056,
            11.559595798360828,
            74.87880720228428,
            81.01511899020632
        ],
        [
            35.70749578174431,
            64.29500622526913,
            102.90785400857943,
            76.63917210485289,
            33.81362252823665,
            4.178232728878981,
            65.3192949228444,
            16.38356583257858,
            90.27536531007789,
            0.0,
            61.016866788985105,
            54.052377038184446,
            17.855715601685265,
            18.368026750280002,
            90.83626608650368,
            37.62601066288186,
            35.70749578174431
        ],
        [
            25.384556966261627,
            92.25589550560673,
            89.63281241124479,
            98.19379549293328,
            84.78475686496678,
            64.75182719501508,
            84.80949742459934,
            50.47573036497972,
            81.08583958065236,
            61.016866788985105,
            0.0,
            83.9916601098283,
            65.09816363251203,
            49.91984035693616,
            89.01464831113367,
            24.090685356049207,
            25.384556966261627
        ],
        [
            67.80446939836432,
            10.319321508501108,
            65.12697035549702,
            22.886073962697182,
            30.35321876672615,
            52.019940486350656,
            14.824995147683453,
            67.02598783662872,
            53.129846466380684,
            54.052377038184446,
            83.9916601098283,
            0.0,
            71.75277096388565,
            69.00161818396946,
            47.67383061170691,
            64.03731035107774,
            67.80446939836432
        ],
        [
            40.685115748693335,
            81.94064545807203,
            119.34736882368087,
