{
    "vertices": [
        [
            54.28631369261785,
            53.26712790235359
        ],
        [
            96.39159091061916,
            58.980350342715624
        ],
        [
            65.25365109964494,
            14.552668470766383
        ],
        [
            72.40821211356344,
            82.13803074156567
        ],
        [
            18.60836015576286,
            60.587025236197164
        ],
        [
            91.22397870268608,
            21.106341871779843
        ],
        [
            80.00559540069203,
            34.04493677713486
        ],
        [
            40.94984881403994,
            86.17212010899847
        ],
        [
            85.14402922189616,
            98.6758764639683
        ],
        [
            23.976901585623867,
            6.545341674133165
        ],
        [
            85.31395125752529,
            70.81460375373068
        ],
        [
            79.09911708188513,
            23.19281768095656
        ],
        [
            28.507119349826894,
            25.531378872176557
        ],
        [
            29.228192834515287,
            21.212307967794853
        ],
        [
            70.02396628842759,
            73.95488056482772
        ],
        [
            88.94076977060405,
            15.871390070254199
        ],
        [
            75.3291693607385,
            66.12036901370976
        ],
        [
            56.023627554489266,
            7.639731541761707
        ],
        [
            94.41235926590291,
            64.1302639973509
        ],
        [
            64.39721159043395,
            12.961039055912483
        ],
        [
            54.28631369261785,
            53.26712790235359
        ]
    ],
    "distances": [
        [
            0.0,
            42.491120016513996,
            40.2379405397392,
            34.08712708824687,
            36.42111016369482,
            48.976599049958196,
            32.10878514104383,
            35.50492652544013,
            54.901302840805236,
            55.691882448226885,
            35.645872153924316,
            38.9889644300443,
            37.866061786623014,
            40.686863997809645,
            25.99339953623039,
            50.98404195499003,
            24.657809751395476,
            45.66045946003177,
            41.57050948891272,
            41.55491612790558,
            0.0
        ],
        [
            42.491120016513996,
            0.0,
            54.25302030474414,
            33.33887550560675,
            77.79982256327175,
            38.224922937634474,
            29.837488140557365,
            61.750944201090064,
            41.258240849370715,
            89.40535422506811,
            16.209986245519122,
            39.74641046854323,
            75.67783804737653,
            77.05418266364912,
            30.323063558779012,
            43.748110718443066,
            22.239727250283934,
            65.31027181375613,
            5.517152214108743,
            56.048348052334084,
            42.491120016513996
        ],
        [
            40.2379405397392,
            54.25302030474414,
            0.0,
            67.96299681868851,
            65.53583119215297,
            26.784483397228925,
            24.44521189085201,
            75.63081817948847,
            86.44270509946828,
            42.04625230470987,
            59.73123976788626,
            16.320205471737175,
            38.35152771035878,
            36.6358354817108,
            59.59344518206828,
            23.723798548905595,
            52.54278073642765,
            11.531783540655137,
            57.51667793016745,
            1.807421596409018,
            40.2379405397392
        ],
        [
            34.08712708824687,
            33.33887550560675,
            67.96299681868851,
            0.0,
            57.95575820376852,
            63.86626745500854,
            48.689484695189705,
            31.71596598732634,
            20.8734611062682,
            89.77664774260198,
            17.169103109971093,
            59.323741891891096,
            71.63531937328412,
            74.67568386325864,
            8.523413340307046,
            68.29782667511526,
            16.281814348156797,
            76.27877289808066,
            28.43346892336313,
            69.63930146159215,
            34.08712708824687
        ],
        [
            36.42111016369482,
            77.79982256327175,
            65.53583119215297,
            57.95575820376852,
            0.0,
            82.65441558606315,
            66.88873563979111,
            33.96673659800375,
            76.66652363273874,
            54.307686374088824,
            67.4851038864714,
            71.11581000157155,
            36.426415903590325,
            40.78172637458248,
            53.124985741894626,
            83.34348127192385,
            56.99007010196941,
            64.8330019672312,
            75.8867631541144,
            66.0670377370671,
            36.42111016369482
        ],
        [
            48.976599049958196,
            38.224922937634474,
            26.784483397228925,
            63.86626745500854,
            82.65441558606315,
            0.0,
            17.12481713874159,
            82.22556557224387,
            77.80744490431283,
            68.80546568074355,
            50.05836317467003,
            12.303074844357065,
            62.87277152743627,
            61.9958764292077,
            56.94215106891635,
            5.711196318796595,
            47.73790531172547,
            37.688384347659586,
            43.14190127570991,
            28.036073042728166,
            48.976599049958196
        ],
        [
            32.10878514104383,
            29.837488140557365,
            24.44521189085201,
            48.689484695189705,
            66.88873563979111,
            17.12481713874159,
            0.0,
            65.13520233755712,
            64.83488156029898,
            62.413478203443304,
            37.15086878489569,
            10.889912388082132,
            52.19744920743358,
            52.373857730034324,
            41.13923349883429,
            20.251299734286327,
            32.41453861572403,
            35.67029079357892,
            33.356884731872334,
            26.23265881086575,
            32.10878514104383
        ],
        [
            35.50492652544013,
            61.750944201090064,
            75.63081817948847,
            31.71596598732634,
            33.96673659800375,
            82.22556557224387,
            65.13520233755712,
            0.0,
            45.92896150476942,
            81.4156298356386,
            46.94706480940401,
            73.63259606787463,
            61.904127602856896,
            66.00889646345249,
            31.53672857152661,
            85.11945217304671,
            39.799628179671004,
            79.96596063070513,
            57.82805067319953,
            76.87419079333034,
            35.50492652544013
        ],
        [
            54.901302840805236,
            41.258240849370715,
            86.44270509946828,
            20.8734611062682,
            76.66652363273874,
            77.80744490431283,
            64.83488156029898,
            45.92896150476942,
            0.0,
            110.5868570126353,
            27.861790870875897,
            75.72471938554845,
            92.50868655327739,
            95.53630306360876,
            28.97833572442309,
            82.89148451874286,
            34.002831344433694,
            95.58021487508863,
            35.76732143309518,
            88.18993022858446,
            54.901302840805236
        ],
        [
            55.691882448226885,
            89.40535422506811,
            42.04625230470987,
            89.77664774260198,
            54.307686374088824,
            68.80546568074355,
            62.413478203443304,
            81.4156298356386,
