{
    "vertices": [
        [
            80.2401394162618,
            15.860355202341935
        ],
        [
            44.046765941906294,
            49.363503515357635
        ],
        [
            74.38174146792602,
            33.309302418078445
        ],
        [
            19.798136709576852,
            0.09451475163620993
        ],
        [
            49.93470262363071,
            62.82015233478003
        ],
        [
            8.514280512819406,
            90.15345003458081
        ],
        [
            34.105364971088946,
            13.373593279522655
        ],
        [
            42.83896825009317,
            92.35060544616823
        ],
        [
            70.23026807677306,
            86.58794325756276
        ],
        [
            40.59704651491243,
            82.61480818414886
        ],
        [
            71.3321363923099,
            25.628724350588495
        ],
        [
            21.966141635733504,
            66.57176997750234
        ],
        [
            53.502174175225505,
            1.3875237353081715
        ],
        [
            84.93998641754106,
            32.1477701300048
        ],
        [
            24.682455287124405,
            72.43016541479047
        ],
        [
            24.505023377396874,
            5.573368548099067
        ],
        [
            86.52814324913173,
            0.39089692246961905
        ],
        [
            80.2401394162618,
            15.860355202341935
        ]
    ],
    "distances": [
        [
            0.0,
            49.319582625343735,
            18.40615618369636,
            62.46436917405009,
            55.88955220711559,
            103.26694909402798,
            46.2017466982338,
            85.1446180739817,
            71.43241026552397,
            77.63846860729086,
            13.22019491880325,
            77.24963693004241,
            30.40364510883568,
            16.951945223521957,
            79.28934161200641,
            56.676496489200076,
            16.698596697773652,
            0.0
        ],
        [
            49.319582625343735,
            0.0,
            34.32124871032661,
            54.912924466346624,
            14.688403446843983,
            54.0960003864367,
            37.337716749233984,
            43.00406617605188,
            45.51081957257672,
            33.42977454757593,
            36.1639486590737,
            27.994256632075857,
            48.898868910379065,
            44.36932450313422,
            30.11722793215945,
            47.952639373743345,
            64.83042198243527,
            49.319582625343735
        ],
        [
            18.40615618369636,
            34.32124871032661,
            0.0,
            63.89516435648727,
            38.321638418269245,
            87.00447994740964,
            44.9401713678538,
            66.938942369344,
            53.44013754679357,
            59.76987963779235,
            8.263859302289168,
            62.078876068355704,
            38.14388921704466,
            10.621943968610886,
            63.249197374264995,
            57.06986100492962,
            35.08783972552038,
            18.40615618369636
        ],
        [
            62.46436917405009,
            54.912924466346624,
            63.89516435648727,
            0.0,
            69.58964158051123,
            90.76308299615381,
            19.520007865694758,
            95.08977962071513,
            100.12249022546315,
            85.10107800303398,
            57.51303315895587,
            66.51259811287473,
            33.72883060110007,
            72.6007697185499,
            72.50036499790097,
            7.223061748781976,
            66.73066472889525,
            62.46436917405009
        ],
        [
            55.88955220711559,
            14.688403446843983,
            38.321638418269245,
            69.58964158051123,
            0.0,
            49.62620810603729,
            51.91849509493927,
            30.370991213058872,
            31.25408553152528,
            21.886530602167976,
            42.90748754458035,
            28.219054531839138,
            61.536125242917976,
            46.54207691549674,
            27.019036750818145,
            62.64074425232617,
            72.36360845167657,
            55.88955220711559
        ],
        [
            103.26694909402798,
            54.0960003864367,
            87.00447994740964,
            90.76308299615381,
            49.62620810603729,
            0.0,
            80.93237922536032,
            34.39493683907589,
            61.81889646031417,
            32.956562249332684,
            90.05289135775095,
            27.14863167794245,
            99.51532669869431,
            95.94554405613185,
            23.990095732334414,
            86.07841797814902,
            118.92635839142122,
            103.26694909402798
        ],
        [
            46.2017466982338,
            37.337716749233984,
            44.9401713678538,
            19.520007865694758,
            51.91849509493927,
            80.93237922536032,
            0.0,
            79.45844371119735,
            81.64159275211384,
            69.5448615696016,
            39.19210058183711,
            54.56561872805171,
            22.801361152800126,
            54.19066759154448,
            59.803594701992985,
            12.369723706546004,
            54.0064633825274,
            46.2017466982338
        ],
        [
            85.1446180739817,
            43.00406617605188,
            66.938942369344,
            95.08977962071513,
            30.370991213058872,
            34.39493683907589,
            79.45844371119735,
            0.0,
            27.990919629320096,
            9.990593645715943,
            72.55115469593379,
            33.16961333801869,
            91.58594976817339,
            73.46344064118473,
            26.953346620005657,
            88.69285415555575,
            101.81027454957689,
            85.1446180739817
        ],
        [
            71.43241026552397,
            45.51081957257672,
            53.44013754679357,
            100.12249022546315,
            31.25408553152528,
            61.81889646031417,
            81.64159275211384,
            27.990919629320096,
            0.0,
            29.89838829177776,
            60.969176503649706,
            52.250101376878284,
            86.82707303800568,
            56.392448641845746,
            47.697441476102,
            93.02773413435965,
            87.72429271318167,
            71.43241026552397
        ],
        [
            77.63846860729086,
            33.42977454757593,
            59.76987963779235,
            85.10107800303398,
            21.886530602167976,
            32.956562249332684,
            69.5448615696016,
            9.990593645715943,
            29.89838829177776,
            0.0,
            64.7461157171399,
            24.58637206903314,
            82.24605801411916,
            67.18049009322989,
            18.89447438504262,
            78.70410808752895,
            94.18299862701714,
            77.63846860729086
        ],
        [
            13.22019491880325,
            36.1639486590737,
            8.263859302289168,
            57.51303315895587,
            42.90748754458035,
            90.05289135775095,
            39.19210058183711,
            72.55115469593379,
            60.969176503649706,
            64.7461157171399,
            0.0,
            64.13528220499133,
            30.09224750551086,
            15.088788559168997,
            66.0800093288543,
            50.941101378708765,
            29.459574974600116,
            13.22019491880325
        ],
        [
            77.24963693004241,
            27.994256632075857,
            62.078876068355704,
            66.51259811287473,
            28.219054531839138,
            27.14863167794245,
            54.56561872805171,
