{
    "vertices": [
        [
            50.5009309462138,
            75.66785987231523
        ],
        [
            17.572380730160674,
            11.394183772508647
        ],
        [
            63.63485778264012,
            83.73122921707574
        ],
        [
            34.407348480783405,
            65.91463238906634
        ],
        [
            21.344268920446375,
            98.58913166352592
        ],
        [
            3.0034732445222145,
            20.48296156419813
        ],
        [
            32.018246561181854,
            72.85171994908885
        ],
        [
            6.852731730406292,
            74.52952468713102
        ],
        [
            92.36211148429906,
            79.15293503635776
        ],
        [
            18.05351218738688,
            38.5153802396485
        ],
        [
            26.03345600458563,
            22.525039274588778
        ],
        [
            51.21671125057764,
            47.14669246406987
        ],
        [
            22.773187915404268,
            58.868230784262224
        ],
        [
            22.218981703177498,
            26.976825057223554
        ],
        [
            76.83073683571367,
            30.530082126168033
        ],
        [
            69.51649606423331,
            78.20468952819243
        ],
        [
            30.687649896309445,
            56.872414120722624
        ],
        [
            53.97823584432504,
            43.249527630552365
        ],
        [
            50.5009309462138,
            75.66785987231523
        ]
    ],
    "distances": [
        [
            0.0,
            72.2176907600484,
            15.411617674164606,
            18.818311372480004,
            37.087675055351994,
            72.81058638275897,
            18.69599599229453,
            43.66304045501925,
            42.00600177285616,
            49.32688645116768,
            58.50484348411969,
            28.53014776991652,
            32.41998258911876,
            56.30884055235157,
            52.25588634823185,
            19.184035588493323,
            27.309977791341385,
            32.604292887467295,
            0.0
        ],
        [
            72.2176907600484,
            0.0,
            85.75779810524264,
            57.060454401583726,
            87.2764921283918,
            17.171457336865743,
            63.13249395124138,
            64.03891119533127,
            100.9195332882227,
            27.125463780151886,
            13.981621472764626,
            49.0936131681833,
            47.75807298302843,
            16.26067680050687,
            62.27146516771637,
            84.62762431481634,
            47.33159326396845,
            48.375088825838155,
            72.2176907600484
        ],
        [
            15.411617674164606,
            85.75779810524264,
            0.0,
            34.22978852581411,
            44.82467145913437,
            87.61568439554168,
            33.43611560933855,
            57.52287549547725,
            29.089790010322755,
            64.20383216774073,
            71.8335792157851,
            38.63468251097467,
            47.83142016926799,
            70.25907189089001,
            54.81325821160189,
            8.07070689644376,
            42.50781640928143,
            41.617526483440564,
            15.411617674164606
        ],
        [
            18.818311372480004,
            57.060454401583726,
            34.22978852581411,
            0.0,
            35.18901746903932,
            55.228978750234376,
            7.336960664857268,
            28.86993719368674,
            59.447516447493,
            31.908728897569574,
            44.190257589686446,
            25.19504407130142,
            13.601671501591598,
            40.80084710538689,
            55.24319213098397,
            37.19808796859659,
            9.777416262577063,
            29.945393734443478,
            18.818311372480004
        ],
        [
            37.087675055351994,
            87.2764921283918,
            44.82467145913437,
            35.18901746903932,
            0.0,
            80.23065868862803,
            27.863024969183865,
            28.086817868688954,
            73.62947576720964,
            60.16381545425781,
            76.20849445083418,
            59.48686713516481,
            39.74659452273167,
            71.61764852274425,
            87.81106049718635,
            52.307637579624654,
            42.75024316429267,
            64.24521438765,
            37.087675055351994
        ],
        [
            72.81058638275897,
            17.171457336865743,
            87.61568439554168,
            55.228978750234376,
            80.23065868862803,
            0.0,
            59.86939055470838,
            54.18346404847441,
            106.89776431381166,
            23.487694554137796,
            23.120341418415354,
            55.09510744639058,
            43.17719897428374,
            20.28314641249481,
            74.50778134497108,
            88.06690685930084,
            45.72314396726134,
            55.82779731065815,
            72.81058638275897
        ],
        [
            18.69599599229453,
            63.13249395124138,
            33.43611560933855,
            7.336960664857268,
            27.863024969183865,
            59.86939055470838,
            0.0,
            25.22138309920734,
            60.67196506983634,
            37.067479422975886,
            50.68128358397627,
            32.08316512496168,
            16.76332540359133,
            46.909823844233394,
            61.638302317791734,
            37.87839752560696,
            16.034609513206995,
            36.8582544266462,
            18.69599599229453
        ],
        [
            43.66304045501925,
            64.03891119533127,
            57.52287549547725,
            28.86993719368674,
            28.086817868688954,
            54.18346404847441,
            25.22138309920734,
            0.0,
            85.63428022207452,
            37.7157272650232,
            55.42893366018699,
            52.1342706808343,
            22.332421540228804,
            49.973801939795344,
            82.66118886269363,
            62.77144412146645,
            29.662718646976227,
            56.56192494824184,
            43.66304045501925
        ],
        [
            42.00600177285616,
            100.9195332882227,
            29.089790010322755,
            59.447516447493,
            73.62947576720964,
            106.89776431381166,
            60.67196506983634,
            85.63428022207452,
            0.0,
            84.69462078151483,
            87.21358332365602,
            52.12814521915447,
            72.48508474212102,
            87.42085053375979,
            51.04317215456605,
            22.865286210001877,
            65.57561150641648,
            52.55831592138615,
            42.00600177285616
        ],
        [
            49.32688645116768,
            27.125463780151886,
            64.20383216774073,
            31.908728897569574,
            60.16381545425781,
            23.487694554137796,
            37.067479422975886,
            37.7157272650232,
            84.69462078151483,
            0.0,
            17.870940308347393,
            34.26802186908755,
            20.892914211976738,
            12.267411788345841,
            59.317173932353086,
            64.98984521685104,
            22.284571536354978,
            36.23531318129008,
            49.32688645116768
        ],
        [
            58.50484348411969,
            13.981621472764626,
            71.8335792157851,
            44.190257589686446,
            76.20849445083418,
            23.120341418415354,
            50.68128358397627,
            55.42893366018699,
            87.21358332365602,
            17.870940308347393,
            0.0,
            35.219627348509356,
            36.48913423366104,
