{
    "vertices": [
        [
            43.49057329087312,
            96.45140788554637
        ],
        [
            82.11152013093698,
            96.82085746752973
        ],
        [
            56.098357394612705,
            48.31228872060387
        ],
        [
            42.657263635470756,
            91.48269517503127
        ],
        [
            78.37033175513022,
            12.801913850129509
        ],
        [
            13.495093166022132,
            20.48981923129952
        ],
        [
            23.386699827250723,
            58.81028509348243
        ],
        [
            98.5567772570457,
            44.77249979088225
        ],
        [
            86.46599774521474,
            90.3889104495613
        ],
        [
            43.4350241187311,
            31.31162173335449
        ],
        [
            65.29549345072037,
            98.26708585348456
        ],
        [
            66.67687609776762,
            87.3675393287461
        ],
        [
            19.73056190034008,
            13.971319068300215
        ],
        [
            47.84409154375218,
            7.714476313163255
        ],
        [
            95.63235789298547,
            49.52429050979133
        ],
        [
            78.82840424910002,
            22.76969881306874
        ],
        [
            99.21905020932935,
            73.76919814967282
        ],
        [
            43.49057329087312,
            96.45140788554637
        ]
    ],
    "distances": [
        [
            0.0,
            38.622713884664634,
            49.76274725116212,
            5.03810589223978,
            90.63021241785852,
            81.66940540249657,
            42.6734092063029,
            75.51818563167987,
            43.40093296453601,
            65.13980983748583,
            21.880384586669614,
            24.902234956128503,
            85.83416098837965,
            88.84366125987805,
            70.14926975165865,
            81.71754125445437,
            60.16764727121267,
            0.0
        ],
        [
            38.622713884664634,
            0.0,
            55.0433091067545,
            39.81374551924362,
            84.10219602987279,
            102.63840142779081,
            69.95289938167632,
            54.58459506838957,
            7.767330154898734,
            76.07451156765926,
            16.878102080924215,
            18.099543095440453,
            103.7083890663281,
            95.46833938225305,
            49.19124210441803,
            74.12390267627389,
            28.706211569791638,
            38.622713884664634
        ],
        [
            49.76274725116212,
            55.0433091067545,
            0.0,
            45.21445559644074,
            41.916912641047006,
            50.88347405017052,
            34.35491913320888,
            42.60572171530045,
            51.890612605608005,
            21.19864825094754,
            50.79438028189556,
            40.46254636102124,
            50.019183777563555,
            41.428435608968165,
            39.55257442622833,
            34.19179622645912,
            50.074428469039724,
            49.76274725116212
        ],
        [
            5.03810589223978,
            39.81374551924362,
            45.21445559644074,
            0.0,
            86.40653091298392,
            76.74907570291167,
            37.9320578142496,
            72.84639988327507,
            43.82238639467181,
            60.1760998278634,
            23.63297285670892,
            24.369577150171107,
            80.83097845758617,
            83.92864633151154,
            67.57860855066932,
            77.65196251434999,
            59.27059707219181,
            5.03810589223978
        ],
        [
            90.63021241785852,
            84.10219602987279,
            41.916912641047006,
            86.40653091298392,
            0.0,
            65.32917013971264,
            71.69358412331408,
            37.81019634168619,
            78.00821654892034,
            39.53586985981424,
            86.45951088370514,
            75.47694620364567,
            58.651428944119004,
            30.94726744213917,
            40.577216438761205,
            9.978304839857778,
            64.43352245565815,
            90.63021241785852
        ],
        [
            81.66940540249657,
            102.63840142779081,
            50.88347405017052,
            76.74907570291167,
            65.32917013971264,
            0.0,
            39.576533277122536,
            88.45981390190593,
            101.04769105845276,
            31.835685556407668,
            93.4482994648561,
            85.4454883608942,
            9.020638265204889,
            36.647824986338215,
            87.11791307904949,
            65.37307846495831,
            100.93210108330442,
            81.66940540249657
        ],
        [
            42.6734092063029,
            69.95289938167632,
            34.35491913320888,
            37.9320578142496,
            71.69358412331408,
            39.576533277122536,
            0.0,
            76.46960152245641,
            70.54223844763396,
            34.03104161629504,
            57.56028239323601,
            51.86093067994354,
            44.98777854871298,
            56.647556738921544,
            72.83999454118187,
            66.12644288509436,
            77.29368955026668,
            42.6734092063029
        ],
        [
            75.51818563167987,
            54.58459506838957,
            42.60572171530045,
            72.84639988327507,
            37.81019634168619,
            88.45981390190593,
            76.46960152245641,
            0.0,
            47.19156567210881,
            56.74154480731845,
            62.99193391581246,
            53.20399882675667,
            84.63028394946393,
            62.80982085892665,
            5.579582749023522,
            29.552190314931156,
            29.004260396948826,
            75.51818563167987
        ],
        [
            43.40093296453601,
            7.767330154898734,
            51.890612605608005,
            43.82238639467181,
            78.00821654892034,
            101.04769105845276,
            70.54223844763396,
            47.19156567210881,
            0.0,
            73.08755525601596,
            22.588844587056368,
            20.018441973019684,
            101.45573749137488,
            91.25082848066744,
            41.88005875330746,
            68.04917792855886,
            20.94887071141364,
            43.40093296453601
        ],
        [
            65.13980983748583,
            76.07451156765926,
            21.19864825094754,
            60.1760998278634,
            39.53586985981424,
            31.835685556407668,
            34.03104161629504,
            56.74154480731845,
            73.08755525601596,
            0.0,
            70.43375820554282,
            60.68319026614191,
            29.36984211021257,
            24.005523271531366,
            55.28347815668903,
            36.40955649591047,
            70.10351889901146,
            65.13980983748583
        ],
        [
            21.880384586669614,
            16.878102080924215,
            50.79438028189556,
            23.63297285670892,
            86.45951088370514,
            93.4482994648561,
            57.56028239323601,
            62.99193391581246,
            22.588844587056368,
            70.43375820554282,
            0.0,
            10.986734385726333,
            95.82243623021192,
            92.21890545371063,
            57.41241540037774,
            76.70068529424783,
            41.844404704848365,
            21.880384586669614
        ],
        [
            24.902234956128503,
            18.099543095440453,
            40.46254636102124,
            24.369577150171107,
            75.47694620364567,
            85.4454883608942,
            51.86093067994354,
            53.20399882675667,
