{
    "vertices": [
        [
            48.48947192565043,
            47.98814363747742
        ],
        [
            6.383858839345424,
            57.82790029860503
        ],
        [
            19.617580222616105,
            18.450109346658262
        ],
        [
            28.280674597102717,
            19.945844948622195
        ],
        [
            34.461096798238586,
            48.87262895726333
        ],
        [
            41.35854046132913,
            40.688401683264274
        ],
        [
            30.149820964386198,
            61.26384759572714
        ],
        [
            83.83765047678206,
            1.3920011033348945
        ],
        [
            31.09575405883469,
            99.31546098753712
        ],
        [
            71.93883879413822,
            33.250895186788895
        ],
        [
            95.20920438820582,
            59.888516658876235
        ],
        [
            89.56341328749467,
            52.65971632997477
        ],
        [
            98.18470559024487,
            82.14231238057891
        ],
        [
            52.896981129056286,
            46.242040865008114
        ],
        [
            5.416851233075781,
            50.495951268340654
        ],
        [
            95.64333412811905,
            35.82300220523926
        ],
        [
            22.410551364401886,
            42.21858248366757
        ],
        [
            48.48947192565043,
            47.98814363747742
        ]
    ],
    "distances": [
        [
            0.0,
            43.24006781358957,
            41.304740651375,
            34.56538738711442,
            14.056230753523648,
            10.204725187232976,
            22.640386767192986,
            58.486701274262415,
            54.19441786368892,
            27.69583539867058,
            48.21153678759047,
            41.338749986151086,
            60.300277706747686,
            4.740781820557907,
            43.14556469024163,
            48.69781706273656,
            26.709510170489153,
            0.0
        ],
        [
            43.24006781358957,
            0.0,
            41.542048600246666,
            43.755235776628275,
            29.470802096267537,
            38.94856566478915,
            24.01305248312828,
            95.83371305023167,
            48.289703428959264,
            70.010603319351,
            88.84924395659577,
            83.33995682580014,
            94.96623662688843,
            47.93435807385621,
            7.395443211395654,
            91.9318740640405,
            22.371984175312317,
            43.24006781358957
        ],
        [
            41.304740651375,
            41.542048600246666,
            0.0,
            8.791270052287325,
            33.85054923909551,
            31.100016047417892,
            44.09018346414976,
            66.44694485294977,
            81.67590569205487,
            54.374418249701655,
            86.2046126640857,
            77.86344953245289,
            101.14094084912828,
            43.35792871220003,
            35.051343601976626,
            77.98546443521273,
            23.932007919595485,
            41.304740651375
        ],
        [
            34.56538738711442,
            43.755235776628275,
            8.791270052287325,
            0.0,
            29.579662805158375,
            24.521097761979252,
            41.360259318438764,
            58.573225029279186,
            79.41952293070418,
            45.64054845086168,
            77.94129280010503,
            69.4677726874163,
            93.56801862872075,
            36.02016750305378,
            38.15839900949103,
            69.20846784637682,
            23.033305973570382,
            34.56538738711442
        ],
        [
            14.056230753523648,
            29.470802096267537,
            33.85054923909551,
            29.579662805158375,
            0.0,
            10.703097923404135,
            13.119809398835509,
            68.50148957922981,
            50.55496845007495,
            40.603198286671955,
            61.73882374662463,
            55.232303168079945,
            71.88581329138803,
            18.62261594863634,
            29.08957503600079,
            62.55844405879162,
            13.765608585374448,
            14.056230753523648
        ],
        [
            10.204725187232976,
            38.94856566478915,
            31.100016047417892,
            24.521097761979252,
            10.703097923404135,
            0.0,
            23.430415430756526,
            57.86779662509389,
            59.5185422150942,
            31.471751603759206,
            57.171132754582864,
            49.66912661359507,
            70.33946086912906,
            12.805409841299902,
            37.25577879261249,
            54.50239385134126,
            19.00967501298211,
            10.204725187232976
        ],
        [
            22.640386767192986,
            24.01305248312828,
            44.09018346414976,
            41.360259318438764,
            13.119809398835509,
            23.430415430756526,
            0.0,
            80.41779057000178,
            38.063369151179266,
            50.30951712987088,
            65.07391878989182,
            60.03337428110161,
            71.16639528475639,
            27.259640001515596,
            26.975310620032914,
            70.2612046631052,
            20.557685111166453,
            22.640386767192986
        ],
        [
            58.486701274262415,
            95.83371305023167,
            66.44694485294977,
            58.573225029279186,
            68.50148957922981,
            57.86779662509389,
            80.41779057000178,
            0.0,
            111.22370086206651,
            34.008393841517446,
            59.591564591812045,
            51.58646125025812,
            82.01494230809739,
            54.48716441795229,
            92.52577843946547,
            36.3987362878821,
            73.75702171703453,
            58.486701274262415
        ],
        [
            54.19441786368892,
            48.289703428959264,
            81.67590569205487,
            79.41952293070418,
            50.55496845007495,
            59.5185422150942,
            38.063369151179266,
            111.22370086206651,
            0.0,
            77.67035744179742,
            75.2663168504482,
            74.80124120113494,
            69.25203571492015,
            57.376662723356695,
            55.161132870504815,
            90.54105375476071,
            57.753668980671904,
            54.19441786368892
        ],
        [
            27.69583539867058,
            70.010603319351,
            54.374418249701655,
            45.64054845086168,
            40.603198286671955,
            31.471751603759206,
            50.30951712987088,
            34.008393841517446,
            77.67035744179742,
            0.0,
            35.37050738357839,
            26.216940405776754,
            55.49068569675635,
            23.051295177710806,
            68.7209341345853,
            23.843632977234837,
            50.33359386311668,
            27.69583539867058
        ],
        [
            48.21153678759047,
            88.84924395659577,
            86.2046126640857,
            77.94129280010503,
            61.73882374662463,
            57.171132754582864,
            65.07391878989182,
            59.591564591812045,
            75.2663168504482,
            35.37050738357839,
            0.0,
            9.172268604221921,
            22.451838041162873,
            44.458413587584786,
            90.28226276379586,
            24.069429875867172,
            74.91241856886217,
            48.21153678759047
        ],
        [
            41.338749986151086,
            83.33995682580014,
            77.86344953245289,
            69.4677726874163,
            55.232303168079945,
            49.66912661359507,
