{
    "vertices": [
        [
            70.17275568801176,
            74.23454331237049
        ],
        [
            21.307366435380416,
            45.09301832901359
        ],
        [
            15.286599921399258,
            44.74624768071681
        ],
        [
            57.10249214370824,
            53.09702613634604
        ],
        [
            73.88663860031009,
            92.89923998384482
        ],
        [
            41.11409471353754,
            38.4389730172921
        ],
        [
            33.89286300291248,
            73.07951551207029
        ],
        [
            48.113660557209606,
            83.41737697375818
        ],
        [
            34.86284231947909,
            60.91124117434378
        ],
        [
            86.69318752979925,
            15.568080554824625
        ],
        [
            74.61520287268866,
            92.49608557772365
        ],
        [
            70.17275568801176,
            74.23454331237049
        ]
    ],
    "distances": [
        [
            0.0,
            56.895120574323364,
            62.306096604559144,
            24.8520908875748,
            19.03060241096972,
            46.10562471520508,
            36.29827409756264,
            23.894102034654793,
            37.73990410632265,
            60.948162570512835,
            18.79412841548986,
            0.0
        ],
        [
            56.895120574323364,
            0.0,
            6.030744506144908,
            36.67908348711607,
            71.06345537830681,
            20.89456398432836,
            30.68613283599942,
            46.76894129737195,
            20.83187702606049,
            71.74278744766666,
            71.33565875642094,
            56.895120574323364
        ],
        [
            62.306096604559144,
            6.030744506144908,
            0.0,
            42.64157997967198,
            75.84639214171595,
            26.58648530584307,
            33.896417094756366,
            50.72545860597311,
            25.38771909954458,
            77.13796854145562,
            76.15727245209203,
            62.306096604559144
        ],
        [
            24.8520908875748,
            36.67908348711607,
            42.64157997967198,
            0.0,
            43.19634011624925,
            21.690720910705018,
            30.626569616987933,
            31.62471767769943,
            23.57252597759531,
            47.79153701120339,
            43.11590103363435,
            24.8520908875748
        ],
        [
            19.03060241096972,
            71.06345537830681,
            75.84639214171595,
            43.19634011624925,
            0.0,
            63.56068211464244,
            44.63545188157117,
            27.461830298656153,
            50.458782625073695,
            78.3844111677822,
            0.8326700271784867,
            19.03060241096972
        ],
        [
            46.10562471520508,
            20.89456398432836,
            26.58648530584307,
            21.690720910705018,
            63.56068211464244,
            0.0,
            35.385214027204505,
            45.51978409956427,
            23.32554377965625,
            50.99540591056366,
            63.59634947276697,
            46.10562471520508
        ],
        [
            36.29827409756264,
            30.68613283599942,
            33.896417094756366,
            30.626569616987933,
            44.63545188157117,
            35.385214027204505,
            0.0,
            17.581310038826885,
            12.20687348311354,
            78.07329518462801,
            45.1144340270826,
            36.29827409756264
        ],
        [
            23.894102034654793,
            46.76894129737195,
            50.72545860597311,
            31.62471767769943,
            27.461830298656153,
            45.51978409956427,
            17.581310038826885,
            0.0,
            26.11724205560484,
            78.05066896557058,
            28.013473455015237,
            23.894102034654793
        ],
        [
            37.73990410632265,
            20.83187702606049,
            25.38771909954458,
            23.57252597759531,
            50.458782625073695,
            23.32554377965625,
            12.20687348311354,
            26.11724205560484,
            0.0,
            68.86499037673983,
            50.77255720896957,
            37.73990410632265
        ],
        [
            60.948162570512835,
            71.74278744766666,
            77.13796854145562,
            47.79153701120339,
            78.3844111677822,
            50.99540591056366,
            78.07329518462801,
            78.05066896557058,
            68.86499037673983,
            0.0,
            77.87037735994718,
            60.948162570512835
        ],
        [
            18.79412841548986,
            71.33565875642094,
            76.15727245209203,
            43.11590103363435,
            0.8326700271784867,
            63.59634947276697,
            45.1144340270826,
            28.013473455015237,
            50.77255720896957,
            77.87037735994718,
            0.0,
            18.79412841548986
        ],
        [
            0.0,
            56.895120574323364,
            62.306096604559144,
            24.8520908875748,
            19.03060241096972,
            46.10562471520508,
            36.29827409756264,
            23.894102034654793,
            37.73990410632265,
            60.948162570512835,
            18.79412841548986,
            0.0
        ]
    ],
    "scores_ave": [
        0,
        12.555217184906422,
        13.972942332071868,
        10.882871958304301,
        15.935030171680328,
        15.759389587405481,
        10.176246415802474,
        17.847992542413653,
        12.752915926417781,
        11.073938589898544,
        14.728340544075847,
        0
    ],
    "scores_var": [
        0,
        291.3977985322914,
        22.968039324164742,
        24.8662334885565,
        361.44952583883406,
        19.549308186041053,
        302.5624807759333,
        18.07347550162812,
        256.64576382514565,
        23.37433866333988,
        23.462260995931864,
        0
    ],
    "vertex_number": 12,
    "minimum_distances": {
        "cost": 252.82887366262463,
        "path": [
            0,
            3,
            9,
            5,
            1,
            2,
            8,
            6,
            7,
            4,
            10,
            11
        ]
    }
}