{
    "vertices": [
        [
            22.986638052537558,
            48.719421065879885
        ],
        [
            73.85045736914387,
            83.18035643851348
        ],
        [
            49.37549719968742,
            85.49052805983473
        ],
        [
            91.19308503537856,
            76.92909188461614
        ],
        [
            73.13842265983963,
            60.509227421465475
        ],
        [
            21.800097379052975,
            17.911294066357108
        ],
        [
            33.0121582009275,
            75.30546356401315
        ],
        [
            13.634641800000558,
            89.71608821638952
        ],
        [
            38.55593478491441,
            14.341840561143126
        ],
        [
            12.620180543697302,
            16.507305034985066
        ],
        [
            16.57223448975118,
            76.3906642487798
        ],
        [
            71.81585454009182,
            99.9436540120497
        ],
        [
            67.89796141104225,
            92.10493632916817
        ],
        [
            58.35544491156869,
            35.665804416696766
        ],
        [
            22.986638052537558,
            48.719421065879885
        ]
    ],
    "distances": [
        [
            0.0,
            61.438458494897176,
            45.260205441966235,
            73.80992438503483,
            51.51893858766335,
            30.830967678432632,
            28.41353040293164,
            42.0498103605372,
            37.738853216552,
            33.83908776061231,
            28.404969148961797,
            70.76873902869762,
            62.444614663501525,
            37.70078787313706,
            0.0
        ],
        [
            61.438458494897176,
            0.0,
            24.583746016757445,
            18.434886571185142,
            22.682307738298814,
            83.48227643062026,
            41.590631357766114,
            60.56946618989984,
            77.35919203719526,
            90.52316048160472,
            57.679240080402536,
            16.88631855114998,
            10.727550249516154,
            49.97727548490751,
            61.438458494897176
        ],
        [
            45.260205441966235,
            24.583746016757445,
            0.0,
            42.68499551104679,
            34.478138116918934,
            72.9887357228021,
            19.274190047116964,
            35.989777761719914,
            71.96664966242102,
            78.16417569051856,
            34.0420558397527,
            26.69199294461977,
            19.668047112368498,
            50.62748805760753,
            45.260205441966235
        ],
        [
            73.80992438503483,
            18.434886571185142,
            42.68499551104679,
            0.0,
            24.404564787820718,
            91.09603281805336,
            58.20357734915622,
            78.60546668193084,
            81.77917592344345,
            99.11858375885481,
            74.62279303585393,
            30.085663223285767,
            27.802320753461434,
            52.734898327018705,
            73.80992438503483
        ],
        [
            51.51893858766335,
            22.682307738298814,
            34.478138116918934,
            24.404564787820718,
            0.0,
            66.70987609613822,
            42.76734389008264,
            66.28529742039197,
            57.68341249553475,
            74.82397211144213,
            58.753329095412376,
            39.45659877586448,
            32.0273516775963,
            28.909031420989272,
            51.51893858766335
        ],
        [
            30.830967678432632,
            83.48227643062026,
            72.9887357228021,
            91.09603281805336,
            66.70987609613822,
            0.0,
            58.47906463170461,
            72.2675800600934,
            17.131815008852673,
            9.286660234134741,
            58.71258201886685,
            96.07748978117445,
            87.34820902877033,
            40.6388492824701,
            30.830967678432632
        ],
        [
            28.41353040293164,
            41.590631357766114,
            19.274190047116964,
            58.20357734915622,
            42.76734389008264,
            58.47906463170461,
            0.0,
            24.14858680626819,
            61.215167960638844,
            62.23388304756256,
            16.47570187140795,
            45.96484828796668,
            38.720040686988405,
            47.0487487465202,
            28.41353040293164
        ],
        [
            42.0498103605372,
            60.56946618989984,
            35.989777761719914,
            78.60546668193084,
            66.28529742039197,
            72.2675800600934,
            24.14858680626819,
            0.0,
            79.38732930156004,
            73.21581158836135,
            13.645379244543697,
            59.07331561722531,
            54.31587659714227,
            70.15257236745472,
            42.0498103605372
        ],
        [
            37.738853216552,
            77.35919203719526,
            71.96664966242102,
            81.77917592344345,
            57.68341249553475,
            17.131815008852673,
            61.215167960638844,
            79.38732930156004,
            0.0,
            26.025998241148848,
            65.82810645679383,
            91.83622775465382,
            83.11470140688365,
            29.098660377557646,
            37.738853216552
        ],
        [
            33.83908776061231,
            90.52316048160472,
            78.16417569051856,
            99.11858375885481,
            74.82397211144213,
            9.286660234134741,
            62.23388304756256,
            73.21581158836135,
            26.025998241148848,
            0.0,
            60.013627128518856,
            102.30225877520952,
            93.65166797718798,
            49.58591035120898,
            33.83908776061231
        ],
        [
            28.404969148961797,
            57.679240080402536,
            34.0420558397527,
            74.62279303585393,
            58.753329095412376,
            58.71258201886685,
            16.47570187140795,
            13.645379244543697,
            65.82810645679383,
            60.013627128518856,
            0.0,
            60.054982166803576,
            53.67744955766263,
            58.34681552147203,
            28.404969148961797
        ],
        [
            70.76873902869762,
            16.88631855114998,
            26.69199294461977,
            30.085663223285767,
            39.45659877586448,
            96.07748978117445,
            45.96484828796668,
            59.07331561722531,
            91.83622775465382,
            102.30225877520952,
            60.054982166803576,
            0.0,
            8.763297409227508,
            65.67209891552463,
            70.76873902869762
        ],
        [
            62.444614663501525,
            10.727550249516154,
            19.668047112368498,
            27.802320753461434,
            32.0273516775963,
            87.34820902877033,
            38.720040686988405,
            54.31587659714227,
            83.11470140688365,
            93.65166797718798,
            53.67744955766263,
            8.763297409227508,
            0.0,
            57.24015401949992,
            62.444614663501525
        ],
        [
            37.70078787313706,
            49.97727548490751,
            50.62748805760753,
            52.734898327018705,
            28.909031420989272,
            40.6388492824701,
            47.0487487465202,
            70.15257236745472,
            29.098660377557646,
            49.58591035120898,
            58.34681552147203,
            65.67209891552463,
            57.24015401949992,
            0.0,
            37.70078787313706
        ],
        [
            0.0,
            61.438458494897176,
            45.260205441966235,
