{
    "vertices": [
        [
            75.75687180177123,
            12.173330845576913
        ],
        [
            3.557324044210297,
            38.82963055816012
        ],
        [
            76.90593103458735,
            43.45429154903324
        ],
        [
            66.5612363182718,
            59.557760432963555
        ],
        [
            90.61179843246774,
            19.035071228191246
        ],
        [
            1.3063599714996044,
            23.610818513102984
        ],
        [
            40.679987112003126,
            82.54135733456292
        ],
        [
            76.48725378610986,
            2.6905598580788004
        ],
        [
            37.202248623587565,
            89.03048894378894
        ],
        [
            9.522571152854997,
            43.48343540076448
        ],
        [
            0.7948407609985053,
            78.64460531488227
        ],
        [
            66.53323386865169,
            89.96763271477619
        ],
        [
            79.2639584237448,
            55.855041665253644
        ],
        [
            95.63219008733948,
            78.22988435046081
        ],
        [
            75.75687180177123,
            12.173330845576913
        ]
    ],
    "distances": [
        [
            0.0,
            76.96319257127648,
            31.302058073738525,
            48.26845635886232,
            16.36313925509945,
            75.32393269030916,
            78.62599437523141,
            9.510857135105248,
            85.98535758688972,
            73.26189480014698,
            100.18850446698711,
            78.33919134148235,
            43.82227192544779,
            68.98185658487478,
            0.0
        ],
        [
            76.96319257127648,
            0.0,
            73.49425580757514,
            66.32607579183588,
            89.27657077914354,
            15.384377768353533,
            57.34812264599216,
            81.39291789353594,
            60.43266610539323,
            7.56584909843183,
            39.910694416013946,
            81.12373563135664,
            77.59741691861953,
            100.15069123954108,
            76.96319257127648
        ],
        [
            31.302058073738525,
            73.49425580757514,
            0.0,
            19.13986465128421,
            28.002662769924274,
            78.16046677861223,
            53.292754899747315,
            40.765881715112165,
            60.444786094081515,
            67.38336618420864,
            83.8525863976377,
            47.65588896345348,
            12.622951184764874,
            39.497020556005005,
            31.302058073738525
        ],
        [
            48.26845635886232,
            66.32607579183588,
            19.13986465128421,
            0.0,
            47.122371315494796,
            74.50088268216933,
            34.613361394296724,
            57.726980901446765,
            41.60038322334831,
            59.260385158158684,
            68.4801170570127,
            30.409885174616182,
            13.231374651245563,
            34.55095605961785,
            48.26845635886232
        ],
        [
            16.36313925509945,
            89.27657077914354,
            28.002662769924274,
            47.122371315494796,
            0.0,
            89.4225855246936,
            80.78511098443087,
            21.601986329842262,
            88.04509362802824,
            84.6946591676208,
            107.79787771283289,
            74.90798055282235,
            38.52899811635026,
            59.407324741556266,
            16.36313925509945
        ],
        [
            75.32393269030916,
            15.384377768353533,
            78.16046677861223,
            74.50088268216933,
            89.4225855246936,
            0.0,
            70.87376750241934,
            78.03732451177973,
            74.620694859956,
            21.50411653940701,
            55.03616394377798,
            93.04714863653996,
            84.36277071746275,
            108.99818613164126,
            75.32393269030916
        ],
        [
            78.62599437523141,
            57.34812264599216,
            53.292754899747315,
            34.613361394296724,
            80.78511098443087,
            70.87376750241934,
            0.0,
            87.51177180414687,
            7.362302223874217,
            49.96304469343388,
            40.075049291846696,
            26.898697624288825,
            46.91356185781811,
            55.12107955342682,
            78.62599437523141
        ],
        [
            9.510857135105248,
            81.39291789353594,
            40.765881715112165,
            57.726980901446765,
            21.601986329842262,
            78.03732451177973,
            87.51177180414687,
            0.0,
            94.85723475383867,
            78.41127097052814,
            107.23039872544639,
            87.84287084875139,
            53.23694407523866,
            77.9276467676493,
            9.510857135105248
        ],
        [
            85.98535758688972,
            60.43266610539323,
            60.444786094081515,
            41.60038322334831,
            88.04509362802824,
            74.620694859956,
            7.362302223874217,
            94.85723475383867,
            0.0,
            53.29820476652959,
            37.859819413543214,
            29.34595259816368,
            53.57049312301986,
            59.419787268542926,
            85.98535758688972
        ],
        [
            73.26189480014698,
            7.56584909843183,
            67.38336618420864,
            59.260385158158684,
            84.6946591676208,
            21.50411653940701,
            49.96304469343388,
            78.41127097052814,
            53.29820476652959,
            0.0,
            36.22818167562924,
            73.5594743267127,
            70.83020358598284,
            92.85570627406796,
            73.26189480014698
        ],
        [
            100.18850446698711,
            39.910694416013946,
            83.8525863976377,
            68.4801170570127,
            107.79787771283289,
            55.03616394377798,
            40.075049291846696,
            107.23039872544639,
            37.859819413543214,
            36.22818167562924,
            0.0,
            66.70642606132554,
            81.71148412622546,
            94.83825610335082,
            100.18850446698711
        ],
        [
            78.33919134148235,
            81.12373563135664,
            47.65588896345348,
            30.409885174616182,
            74.90798055282235,
            93.04714863653996,
            26.898697624288825,
            87.84287084875139,
            29.34595259816368,
            73.5594743267127,
            66.70642606132554,
            0.0,
            36.410715672856746,
            31.377125261583434,
            78.33919134148235
        ],
        [
            43.82227192544779,
            77.59741691861953,
            12.622951184764874,
            13.231374651245563,
            38.52899811635026,
            84.36277071746275,
            46.91356185781811,
            53.23694407523866,
            53.57049312301986,
            70.83020358598284,
            81.71148412622546,
            36.410715672856746,
            0.0,
            27.722781119160324,
            43.82227192544779
        ],
        [
            68.98185658487478,
            100.15069123954108,
            39.497020556005005,
            34.55095605961785,
            59.407324741556266,
            108.99818613164126,
            55.12107955342682,
            77.9276467676493,
            59.419787268542926,
            92.85570627406796,
            94.83825610335082,
            31.377125261583434,
            27.722781119160324,
            0.0,
            68.98185658487478
        ],
        [
            0.0,
            76.96319257127648,
            31.302058073738525,
