{
    "vertices": [
        [
            37.2508093317405,
            93.94023979318237
        ],
        [
            41.29131176338278,
            0.19974724804607824
        ],
        [
            25.37333604853691,
            62.89921150657667
        ],
        [
            1.7149589258543707,
            41.11489523096533
        ],
        [
            53.79992277072409,
            95.3600327111188
        ],
        [
            36.25824950214297,
            69.19783431197877
        ],
        [
            77.30272023603845,
            62.81697076093652
        ],
        [
            62.32317825319853,
            78.15425091697324
        ],
        [
            84.55080602915264,
            71.21338205881901
        ],
        [
            0.8098966245861261,
            21.964558437173874
        ],
        [
            51.976358863103364,
            65.85802738791251
        ],
        [
            28.92015671442617,
            67.21549064667792
        ],
        [
            80.77434942079596,
            99.1275990303109
        ],
        [
            37.2508093317405,
            93.94023979318237
        ]
    ],
    "distances": [
        [
            0.0,
            93.82753115426655,
            33.235821167575665,
            63.665639808192225,
            16.609905705517104,
            24.762306112549876,
            50.72290845702142,
            29.628046309763537,
            52.47665909767114,
            80.6748958821275,
            31.708870408378054,
            27.993070392044462,
            43.83157808861826,
            0.0
        ],
        [
            93.82753115426655,
            0.0,
            64.68852115456944,
            56.92395838647138,
            95.97887933679196,
            69.1814117679565,
            72.23391323088994,
            80.74183581213777,
            83.15239126548313,
            45.96141836081626,
            66.52202629541907,
            68.14803988756091,
            106.51586793013736,
            93.82753115426655
        ],
        [
            33.235821167575665,
            64.68852115456944,
            0.0,
            32.160149932407556,
            43.148299456030486,
            12.575928996985692,
            51.929449309937596,
            39.975080567300246,
            59.758667867334935,
            47.738960799817036,
            26.767058379507983,
            5.5866092087466015,
            66.19492688449084,
            33.235821167575665
        ],
        [
            63.665639808192225,
            56.92395838647138,
            32.160149932407556,
            0.0,
            75.2022499594403,
            44.51842754709358,
            78.64152683025638,
            71.03006489977368,
            88.13453621961987,
            19.171711897606322,
            56.02170037216157,
            37.70097966591888,
            98.06049677389088,
            63.665639808192225
        ],
        [
            16.609905705517104,
            95.97887933679196,
            43.148299456030486,
            75.2022499594403,
            0.0,
            31.498744834320288,
            40.142650258658676,
            19.20116692202017,
            39.098306343084886,
            90.52534736119877,
            29.558310225986688,
            37.564850685623604,
            27.236267164749616,
            16.609905705517104
        ],
        [
            24.762306112549876,
            69.1814117679565,
            12.575928996985692,
            44.51842754709358,
            31.498744834320288,
            0.0,
            41.53750109819586,
            27.560803856198092,
            48.334598877348895,
            59.055635392375706,
            16.069015905560356,
            7.6011375575304285,
            53.6420913841194,
            24.762306112549876
        ],
        [
            50.72290845702142,
            72.23391323088994,
            51.929449309937596,
            78.64152683025638,
            40.142650258658676,
            41.53750109819586,
            0.0,
            21.43872292372896,
            11.092090440830004,
            86.71834671350389,
            25.50828504233425,
            48.582089602116845,
            36.47621052841359,
            50.72290845702142
        ],
        [
            29.628046309763537,
            80.74183581213777,
            39.975080567300246,
            71.03006489977368,
            19.20116692202017,
            27.560803856198092,
            21.43872292372896,
            0.0,
            23.28611382460504,
            83.31365648977005,
            16.070276430972676,
            35.14851809352254,
            27.934334582001828,
            29.628046309763537
        ],
        [
            52.47665909767114,
            83.15239126548313,
            59.758667867334935,
            88.13453621961987,
            39.098306343084886,
            48.334598877348895,
            11.092090440830004,
            23.28611382460504,
            0.0,
            97.14930023432863,
            33.01173173017337,
            55.77411836077149,
            28.1685131600219,
            52.47665909767114
        ],
        [
            80.6748958821275,
            45.96141836081626,
            47.738960799817036,
            19.171711897606322,
            90.52534736119877,
            59.055635392375706,
            86.71834671350389,
            83.31365648977005,
            97.14930023432863,
            0.0,
            67.41397091504896,
            53.27132050313362,
            111.12357330726627,
            80.6748958821275
        ],
        [
            31.708870408378054,
            66.52202629541907,
            26.767058379507983,
            56.02170037216157,
            29.558310225986688,
            16.069015905560356,
            25.50828504233425,
            16.070276430972676,
            33.01173173017337,
            67.41397091504896,
            0.0,
            23.096128766950642,
            44.0021437822026,
            31.708870408378054
        ],
        [
            27.993070392044462,
            68.14803988756091,
            5.5866092087466015,
            37.70097966591888,
            37.564850685623604,
            7.6011375575304285,
            48.582089602116845,
            35.14851809352254,
            55.77411836077149,
            53.27132050313362,
            23.096128766950642,
            0.0,
            60.887108345840105,
            27.993070392044462
        ],
        [
            43.83157808861826,
            106.51586793013736,
            66.19492688449084,
            98.06049677389088,
            27.236267164749616,
            53.6420913841194,
            36.47621052841359,
            27.934334582001828,
            28.1685131600219,
            111.12357330726627,
            44.0021437822026,
            60.887108345840105,
            0.0,
            43.83157808861826
        ],
        [
            0.0,
            93.82753115426655,
            33.235821167575665,
            63.665639808192225,
            16.609905705517104,
            24.762306112549876,
            50.72290845702142,
            29.628046309763537,
            52.47665909767114,
            80.6748958821275,
            31.708870408378054,
            27.993070392044462,
            43.83157808861826,
            0.0
        ]
    ],
    "scores_ave": [
        0,
        16.88125994026581,
        17.94694973858181,
        12.545022355029854,
        19.165014167713963,
        15.494674525028554,
        17.65334719670488,
        15.248005988276375,
        17.229658928014267,
        16.427288096235685,
        17.640330833155218,
        11.843369704558928,
        16.354424203129767,
        0
    ],