{
    "vertices": [
        [
            70.0605383618434,
            78.40234448962697
        ],
        [
            73.28288333686787,
            29.244290907482164
        ],
        [
            28.72112260645736,
            71.40102242721524
        ],
        [
            9.452787527485595,
            4.353207523045444
        ],
        [
            84.4166184636534,
            55.50411601986962
        ],
        [
            86.9438429881674,
            48.76979706068645
        ],
        [
            76.77625962636073,
            60.86653008318797
        ],
        [
            19.82546677528143,
            88.05074074443023
        ],
        [
            77.81703332760823,
            76.83617601777044
        ],
        [
            6.503322412764212,
            32.793777468968045
        ],
        [
            61.82321830230924,
            46.46220422043651
        ],
        [
            37.859395142239116,
            99.36678979764743
        ],
        [
            25.59493197290308,
            9.226187454607604
        ],
        [
            50.74650745229259,
            29.3455249585974
        ],
        [
            1.0027341351853236,
            24.940570443782672
        ],
        [
            14.734400938957604,
            7.587838803995995
        ],
        [
            39.34351472223142,
            80.90661862744612
        ],
        [
            70.0605383618434,
            78.40234448962697
        ]
    ],
    "distances": [
        [
            0.0,
            49.263553862090426,
            41.92810281444026,
            95.68998979357846,
            27.02639271051154,
            34.10474808928609,
            18.77779803384209,
            51.15324004984149,
            7.91303341558549,
            78.22826269882147,
            32.985239156003786,
            38.424231829959176,
            82.23460861261412,
            52.72194355745137,
            87.33350793788341,
            89.86476338162976,
            30.81893785051378,
            0.0
        ],
        [
            49.263553862090426,
            0.0,
            61.34281157414626,
            68.51165713282596,
            28.5225958286863,
            23.829964522282705,
            31.814614383731477,
            79.47259859765795,
            47.80738483215129,
            66.87382606121952,
            20.682854289403483,
            78.5620033252477,
            51.719098707748756,
            22.536603256568444,
            72.40816237446685,
            62.425369112316815,
            61.813241683357184,
            49.263553862090426
        ],
        [
            41.92810281444026,
            61.34281157414626,
            0.0,
            69.76158126174712,
            57.91977116756288,
            62.4664512377437,
            49.19625720467012,
            18.877124058217625,
            49.39584338881301,
            44.54379876832436,
            41.44506476057305,
            29.42094780178492,
            62.253378797847716,
            47.474018630615944,
            54.10067151107451,
            65.32802451578345,
            14.254528171184857,
            41.92810281444026
        ],
        [
            95.68998979357846,
            68.51165713282596,
            69.76158126174712,
            0.0,
            90.75236299224846,
            89.3179550961941,
            87.89883686508446,
            84.3378298400099,
            99.63659380783187,
            28.59309992483981,
            67.199922785681,
            99.16912913216053,
            16.8616357661447,
            48.267869603161444,
            22.254053886042232,
            6.193406151056524,
            82.18199513245037,
            95.68998979357846
        ],
        [
            27.02639271051154,
            28.5225958286863,
            57.91977116756288,
            90.75236299224846,
            0.0,
            7.192907314940107,
            9.33437559502888,
            72.3277239887421,
            22.32960608076078,
            81.15566017604732,
            24.335527523342375,
            63.96490595893814,
            74.844087768558,
            42.63740449216195,
            88.83696537446896,
            84.56702112163744,
            51.738494562684366,
            27.02639271051154
        ],
        [
            34.10474808928609,
            23.829964522282705,
            62.4664512377437,
            89.3179550961941,
            7.192907314940107,
            0.0,
            15.802237222525381,
            77.7680458937985,
            29.51305274522992,
            82.01164888256324,
            25.226390334808492,
            70.49353654317349,
            72.98894398083036,
            41.079793653239065,
            89.18355359616407,
            83.12735534656437,
            57.43314854192319,
            34.10474808928609
        ],
        [
            18.77779803384209,
            31.814614383731477,
            49.19625720467012,
            87.89883686508446,
            9.33437559502888,
            15.802237222525381,
            0.0,
            63.10605450859167,
            16.003524648437136,
            75.67275033963858,
            20.76241913648604,
            54.74296611763301,
            72.70662478184339,
            40.87935618754128,
            83.85882029562535,
            81.77903871904552,
            42.45957536197607,
            18.77779803384209
        ],
        [
            51.15324004984149,
            79.47259859765795,
            18.877124058217625,
            84.3378298400099,
            72.3277239887421,
            77.7680458937985,
            63.10605450859167,
            0.0,
            59.06596526936126,
            56.84022801539,
            59.105139400339176,
            21.290268634269953,
            79.0354156692217,
            66.3506828677036,
            65.85733717223371,
            80.62380256491082,
            20.784433513613504,
            51.15324004984149
        ],
        [
            7.91303341558549,
            47.80738483215129,
            49.39584338881301,
            99.63659380783187,
            22.32960608076078,
            29.51305274522992,
            16.003524648437136,
            59.06596526936126,
            0.0,
            83.81752939795764,
            34.32754406899387,
            45.87201114678591,
            85.4298450391437,
            54.66420500830746,
            92.70162047296677,
            93.67363938672528,
            38.68824287709302,
            7.91303341558549
        ],
        [
            78.22826269882147,
            66.87382606121952,
            44.54379876832436,
            28.59309992483981,
            81.15566017604732,
            82.01164888256324,
            75.67275033963858,
            56.84022801539,
            83.81752939795764,
            0.0,
            56.98347805364604,
            73.58783369233407,
            30.3301970762105,
            44.37735760291756,
            9.58797851373579,
            26.515844276332125,
            58.25224214795282,
            78.22826269882147
        ],
        [
            32.985239156003786,
            20.682854289403483,
            41.44506476057305,
            67.199922785681,
            24.335527523342375,
            25.226390334808492,
            20.76241913648604,
            59.105139400339176,
            34.32754406899387,
            56.98347805364604,
            0.0,
            58.07891179717081,
            51.951993945858604,
            20.388090450249376,
            64.5159826301962,
            61.06204227840757,
            41.13094646236547,
            32.985239156003786
        ],
        [
            38.424231829959176,
            78.5620033252477,
            29.42094780178492,
            99.16912913216053,
            63.96490595893814,
            70.49353654317349,
            54.74296611763301,
            21.290268634269953,
