{
    "vertices": [
        [
            19.74626778533375,
            50.45223680156855
        ],
        [
            21.668298556666933,
            7.3246079631328005
        ],
        [
            35.38601699056388,
            18.158313631287815
        ],
        [
            53.3256300623259,
            60.16165838634224
        ],
        [
            76.91951975971676,
            64.92340863215158
        ],
        [
            65.88892179765645,
            32.16985520980795
        ],
        [
            57.877959879915174,
            64.60451853248401
        ],
        [
            33.718530176493445,
            10.623347503719394
        ],
        [
            6.12960276810891,
            51.39210980936839
        ],
        [
            42.43642778860478,
            34.700513752365815
        ],
        [
            5.728629604337209,
            13.88914301017966
        ],
        [
            93.44467524587276,
            43.13979917354901
        ],
        [
            32.20157161360102,
            47.86338593978531
        ],
        [
            96.6030431233699,
            15.047473643444409
        ],
        [
            25.19040175598093,
            13.414842199265264
        ],
        [
            9.795199989644187,
            64.89667408848265
        ],
        [
            58.6617586845825,
            58.59163965273285
        ],
        [
            19.74626778533375,
            50.45223680156855
        ]
    ],
    "distances": [
        [
            0.0,
            43.170436313660616,
            35.881739491425044,
            34.95492008917132,
            58.97622873223203,
            49.63254976290929,
            40.673246983578366,
            42.20858371264948,
            13.649063244856968,
            27.621733109868853,
            39.15806440276681,
            74.06029304751169,
            12.72150707420332,
            84.61950820965711,
            37.43537356053869,
            17.54039676888765,
            39.75758180150113,
            0.0
        ],
        [
            43.170436313660616,
            0.0,
            17.479844894503216,
            61.59497167370048,
            79.81427994374002,
            50.72228140147051,
            67.76523982084923,
            12.493588941857185,
            46.726820839613396,
            34.36212172691659,
            17.238508250245165,
            80.21580998824011,
            41.884870312945466,
            75.33165734001312,
            7.03535102163196,
            58.78361393725205,
            63.220444719237264,
            43.170436313660616
        ],
        [
            35.881739491425044,
            17.479844894503216,
            0.0,
            45.673960719172285,
            62.54603075107998,
            33.56710441901639,
            51.605595090665716,
            7.717268092965425,
            44.27666407445426,
            17.982009822790243,
            29.963084693816988,
            63.20508221895571,
            29.87527427843843,
            61.29601629775479,
            11.245047409329764,
            53.28568525412088,
            46.65419600167965,
            35.881739491425044
        ],
        [
            34.95492008917132,
            61.59497167370048,
            45.673960719172285,
            0.0,
            24.069605240969615,
            30.681873220207077,
            6.361030816329006,
            53.27741182749403,
            48.00385374738553,
            27.69195934256512,
            66.38237817248624,
            43.580746637702624,
            24.443267999899,
            62.515791175290566,
            54.56057088666244,
            43.78719808359686,
            5.562304153599529,
            34.95492008917132
        ],
        [
            58.97622873223203,
            79.81427994374002,
            62.54603075107998,
            24.069605240969615,
            0.0,
            34.56109594892684,
            19.044229928031626,
            69.3889194289783,
            72.07155052800088,
            45.85310247739784,
            87.59360198490128,
            27.34239208420783,
            47.86166796782942,
            53.61949256571926,
            73.00023332439075,
            67.12432509404309,
            19.324521672875036,
            58.97622873223203
        ],
        [
            49.63254976290929,
            50.72228140147051,
            33.56710441901639,
            30.681873220207077,
            34.56109594892684,
            0.0,
            33.409323484662906,
            38.71932452132305,
            62.77476629001151,
            23.588635142873898,
            62.87642797830668,
            29.65904952399021,
            37.163483006789384,
            35.164374007150926,
            44.81205247038223,
            64.94266933374583,
            27.392381784199877,
            49.63254976290929
        ],
        [
            40.673246983578366,
            67.76523982084923,
            51.605595090665716,
            6.361030816329006,
            19.044229928031626,
            33.409323484662906,
            0.0,
            59.140889993568,
            53.40842824908529,
            33.655466349707595,
            72.74339806855093,
            41.54185141614276,
            30.65195646102927,
            62.89302640473572,
            60.73598125662642,
            48.08364746495791,
            6.063749086889682,
            40.673246983578366
        ],
        [
            42.20858371264948,
            12.493588941857185,
            7.717268092965425,
            53.27741182749403,
            69.3889194289783,
            38.71932452132305,
            59.140889993568,
            0.0,
            49.22642476840684,
            25.606867698729083,
            28.17977917459979,
            68.00391190251416,
            37.2709219902218,
            63.039946547138435,
            8.97337266539254,
            59.312053629977974,
            54.065901454612344,
            42.20858371264948
        ],
        [
            13.649063244856968,
            46.726820839613396,
            44.27666407445426,
            48.00385374738553,
            72.07155052800088,
            62.77476629001151,
            53.40842824908529,
            49.22642476840684,
            0.0,
            39.95991644134218,
            37.50511029472007,
            87.7041761413173,
            26.30968360942557,
            97.50064608888681,
            42.492198262568756,
            13.993207615098694,
            53.023208458166565,
            13.649063244856968
        ],
        [
            27.621733109868853,
            34.36212172691659,
            17.982009822790243,
            27.69195934256512,
            45.85310247739784,
            23.588635142873898,
            33.655466349707595,
            25.606867698729083,
            39.95991644134218,
            0.0,
            42.19686717880416,
            51.701671608199284,
            16.67373638826506,
            57.621733767279906,
            27.3953504701877,
            44.46636764193938,
            28.8798763756211,
            27.621733109868853
        ],
        [
            39.15806440276681,
            17.238508250245165,
            29.963084693816988,
            66.38237817248624,
            87.59360198490128,
            62.87642797830668,
            72.74339806855093,
            28.17977917459979,
            37.50511029472007,
            42.19686717880416,
            0.0,
            92.4646178220383,
            43.070475284882846,
            90.88179554940643,
            19.4675508614137,
            51.1693777703296,
            69.2836875483933,
            39.15806440276681
        ],
        [
            74.06029304751169,
            80.21580998824011,
            63.20508221895571,
            43.580746637702624,
            27.34239208420783,
            29.65904952399021,
            41.54185141614276,
