{
    "vertices": [
        [
            79.01772426210339,
            99.08227043141588
        ],
        [
            90.35418705760144,
            66.59077951590805
        ],
        [
            79.75204627648593,
            77.94633962997413
        ],
        [
            44.108085296213936,
            56.07598106314171
        ],
        [
            82.70064338360179,
            29.397673214288865
        ],
        [
            54.98484309799267,
            85.55007601022908
        ],
        [
            39.934445270212414,
            72.56563799445306
        ],
        [
            32.620830377535015,
            64.59292234989486
        ],
        [
            75.85261822422,
            19.244704459761596
        ],
        [
            65.24510104921009,
            4.902643278580054
        ],
        [
            58.889466033398094,
            90.1485701928522
        ],
        [
            62.70242237440446,
            74.15085018516683
        ],
        [
            59.36855395110643,
            36.67091380071162
        ],
        [
            2.5667029734042557,
            75.55391370985552
        ],
        [
            29.090914121991872,
            71.62588148662066
        ],
        [
            38.40584869432414,
            97.9428499774874
        ],
        [
            3.808791919517329,
            24.399195286464238
        ],
        [
            58.551957759564246,
            38.17964984438734
        ],
        [
            28.67573640106763,
            26.380661455266075
        ],
        [
            71.04267586179071,
            40.12061146668895
        ],
        [
            79.01772426210339,
            99.08227043141588
        ]
    ],
    "distances": [
        [
            0.0,
            34.4123868777834,
            21.14868316619597,
            55.39155005916045,
            69.78185281696614,
            27.580784305401227,
            47.22959339815424,
            57.81165015136841,
            79.90028057841408,
            95.18133914172198,
            22.02175695247668,
            29.79538204456907,
            65.43139407345313,
            79.9896382421006,
            56.978414023686334,
            40.62785640547155,
            105.99030718522417,
            64.2493330152462,
            88.42985745505675,
            59.49855985534518,
            0.0
        ],
        [
            34.4123868777834,
            0.0,
            15.53557641823312,
            47.426394704077026,
            37.97240955132246,
            40.130355289888556,
            50.77252500856761,
            57.767914163517794,
            49.517131599594435,
            66.60249509299132,
            39.306464744487776,
            28.66661400687368,
            43.073284335254804,
            88.24386741531607,
            61.469837014900776,
            60.67604289118881,
            96.28206063123787,
            42.64474267171629,
            73.62801688108435,
            32.76590089132028,
            34.4123868777834
        ],
        [
            21.14868316619597,
            15.53557641823312,
            0.0,
            41.81871038428819,
            48.63812533025485,
            25.908129230517183,
            40.17951343639309,
            48.986378363474095,
            58.8310080722023,
            74.4703500495455,
            24.169023255169304,
            17.466980715855595,
            46.034199642936734,
            77.22241204856158,
            51.053878425806154,
            45.92786170268943,
            92.92294953170564,
            45.064768607287974,
            72.57967068062045,
            38.81544594749768,
            21.14868316619597
        ],
        [
            55.39155005916045,
            47.426394704077026,
            41.81871038428819,
            0.0,
            46.91607026815618,
            31.416972056970664,
            17.009645992171215,
            14.300185818677793,
            48.62363938509701,
            55.36681257716804,
            37.14068586469109,
            25.931646017090934,
            24.68680900858579,
            45.88111055194462,
            21.617465930492333,
            42.25340477352017,
            51.25867540039032,
            22.99791561922279,
            33.465943868885674,
            31.30568619108463,
            55.39155005916045
        ],
        [
            69.78185281696614,
            37.97240955132246,
            48.63812533025485,
            46.91607026815618,
            0.0,
            62.61994830107483,
            60.76529341931268,
            61.21023797078385,
            12.246559643995246,
            30.078272053743568,
            65.25062183997076,
            49.01811596256452,
            24.439444059019607,
            92.47619662567053,
            68.24386159497824,
            81.61170316850023,
            79.05004117029993,
            25.69595553584636,
            54.10908365908214,
            15.839495304598149,
            69.78185281696614
        ],
        [
            27.580784305401227,
            40.130355289888556,
            25.908129230517183,
            31.416972056970664,
            62.61994830107483,
            0.0,
            19.877376722293672,
            30.648839366339008,
            69.51162733790898,
            81.29748642751123,
            6.032597203138362,
            13.766022639036548,
            49.07534431003034,
            53.362764872674994,
            29.400318891900827,
            20.698886492766416,
            79.7396916692938,
            47.50454275269116,
            64.75483544853816,
            48.18392098805239,
            27.580784305401227
        ],
        [
            47.22959339815424,
            50.77252500856761,
            40.17951343639309,
            17.009645992171215,
            60.76529341931268,
            19.877376722293672,
            0.0,
            10.819110755851222,
            64.29025665966023,
            72.24202481854427,
            25.85444481759958,
            22.8230953007387,
            40.81808184084067,
            37.48703717436108,
            10.884177050031962,
            25.42320781340701,
            60.208546180393334,
            39.10253127800848,
            47.53746504942613,
            44.94887937341847,
            47.22959339815424
        ],
        [
            57.81165015136841,
            57.767914163517794,
            48.986378363474095,
            14.300185818677793,
            61.21023797078385,
            30.648839366339008,
            10.819110755851222,
            0.0,
            62.653398521004284,
            68.02405789476367,
            36.64877018255499,
            31.563525810187727,
            38.66625502668768,
            31.99052837351793,
            7.869105602926074,
            33.84795576827714,
            49.45370820632004,
            37.01465023140467,
            38.41536995998263,
            45.553619070061806,
            57.81165015136841
        ],
        [
            79.90028057841408,
            49.517131599594435,
            58.8310080722023,
            48.62363938509701,
            12.246559643995246,
            69.51162733790898,
            64.29025665966023,
            62.653398521004284,
            0.0,
            17.8385576643092,
            72.90477836291066,
            56.45894516644764,
            23.987437273597045,
            92.42051947766042,
            70.21712524209094,
            87.1530759993833,
            72.22798408030457,
            25.64848941423378,
            47.71352073361778,
            21.422862527957612,
            79.90028057841408
        ],
        [
            95.18133914172198,
            66.60249509299132,
            74.4703500495455,
            55.36681257716804,
            30.078272053743568,
            81.29748642751123,
            72.24202481854427,
            68.02405789476367,
