{
    "vertices": [
        [
            61.07729574016432,
            33.22563622195756
        ],
        [
            94.49485558699037,
            45.111910562114446
        ],
        [
            74.73344166115756,
            65.20446260388397
        ],
        [
            53.17009118594645,
            22.381854132248403
        ],
        [
            23.110925811676008,
            54.026483049459664
        ],
        [
            75.1640654746992,
            21.48985521499178
        ],
        [
            68.19462027053281,
            66.3602455134979
        ],
        [
            13.029098007168693,
            80.82239064062804
        ],
        [
            74.09697508187958,
            44.508940149512675
        ],
        [
            61.63202988412154,
            7.5250451630598185
        ],
        [
            47.025373159770524,
            54.958237733050694
        ],
        [
            18.556344689409155,
            48.29190005075851
        ],
        [
            79.40698721801705,
            6.747746666914411
        ],
        [
            56.0944243131015,
            21.06430124622308
        ],
        [
            45.356660647929644,
            72.68850727525786
        ],
        [
            49.09860699813758,
            94.73085973539193
        ],
        [
            61.07729574016432,
            33.22563622195756
        ]
    ],
    "distances": [
        [
            0.0,
            35.468532867961606,
            34.772628002221126,
            13.420562353021609,
            43.2911131098292,
            18.334820353558598,
            33.89039157893601,
            67.63194760303946,
            17.228609859262235,
            25.706577188477784,
            25.87977002690226,
            45.11123567382911,
            32.20335735544246,
            13.142567331030179,
            42.47889545965864,
            62.66084505826488,
            0.0
        ],
        [
            35.468532867961606,
            0.0,
            28.181982327354397,
            47.16345638422487,
            71.93841138640153,
            30.523449103729753,
            33.811153720440025,
            88.94890693815292,
            20.406790595761304,
            49.9273248202203,
            48.47991254803634,
            76.00506411082058,
            41.22442047254559,
            45.30872582439731,
            56.34741243525283,
            67.25220816449979,
            35.468532867961606
        ],
        [
            34.772628002221126,
            28.181982327354397,
            0.0,
            47.945321774202135,
            52.818854299853015,
            43.71672833176994,
            6.6401821746581176,
            63.65018226156523,
            20.70530703384821,
            59.14864484385341,
            29.541871710865554,
            58.66771681501339,
            58.64324058412522,
            47.91416087527229,
            30.31511483307078,
            39.101827013170265,
            34.772628002221126
        ],
        [
            13.420562353021609,
            47.16345638422487,
            47.945321774202135,
            0.0,
            43.64557208132049,
            22.012055039970807,
            46.474029120530766,
            70.89848828265619,
            30.455580854898788,
            17.097636657697333,
            33.15084204251578,
            43.2370434468622,
            30.541775155273704,
            3.2074397649917135,
            50.909812877513865,
            72.46347766465028,
            13.420562353021609
        ],
        [
            43.2911131098292,
            71.93841138640153,
            52.818854299853015,
            43.64557208132049,
            0.0,
            61.38535248426018,
            46.74035946137849,
            28.629773235465418,
            51.86676048333805,
            60.38426272186225,
            23.93259197736799,
            7.323226841243001,
            73.51547757987245,
            46.630640169561886,
            29.036939690834974,
            48.29291723264846,
            43.2911131098292
        ],
        [
            18.334820353558598,
            30.523449103729753,
            43.71672833176994,
            22.012055039970807,
            61.38535248426018,
            0.0,
            45.40842534149528,
            85.91335136185444,
            23.04380509223975,
            19.44561408161749,
            43.72549180477377,
            62.632129613193,
            15.340539409134715,
            19.074388855542296,
            59.243424574336636,
            77.74093431873992,
            18.334820353558598
        ],
        [
            33.89039157893601,
            33.811153720440025,
            6.6401821746581176,
            46.474029120530766,
            46.74035946137849,
            45.40842534149528,
            0.0,
            57.029715835412475,
            22.63442816660403,
            59.20007088556574,
            24.044600322357116,
            52.824459395515554,
            60.65778755690777,
            46.88429704359769,
            23.69850832117933,
            34.19867649817797,
            33.89039157893601
        ],
        [
            67.63194760303946,
            88.94890693815292,
            63.65018226156523,
            70.89848828265619,
            28.629773235465418,
            85.91335136185444,
            57.029715835412475,
            0.0,
            71.0489429687922,
            87.94740383373299,
            42.716520573168815,
            32.996716107878505,
            99.46394852367408,
            73.65902237951684,
            33.33513709127006,
            38.6581814291566,
            67.63194760303946
        ],
        [
            17.228609859262235,
            20.406790595761304,
            20.70530703384821,
            30.455580854898788,
            51.86676048333805,
            23.04380509223975,
            22.63442816660403,
            71.0489429687922,
            0.0,
            39.02798159208446,
            29.01826064081843,
            55.66931300103714,
            38.132715115975536,
            29.559142874719356,
            40.25038729200863,
            56.0995509228084,
            17.228609859262235
        ],
        [
            25.706577188477784,
            49.9273248202203,
            59.14864484385341,
            17.097636657697333,
            60.38426272186225,
            19.44561408161749,
            59.20007088556574,
            87.94740383373299,
            39.02798159208446,
            0.0,
            49.63126210408987,
            59.30810326109449,
            17.791944839559154,
            14.627936653734377,
            67.16520258453966,
            88.10187730385137,
            25.706577188477784
        ],
        [
            25.87977002690226,
            48.47991254803634,
            29.541871710865554,
            33.15084204251578,
            23.93259197736799,
            43.72549180477377,
            24.044600322357116,
            42.716520573168815,
            29.01826064081843,
            49.63126210408987,
            0.0,
            29.239111480012436,
            58.07598796279953,
            35.086273945730376,
            17.808623177733125,
            39.8266212411958,
            25.87977002690226
        ],
        [
            45.11123567382911,
            76.00506411082058,
            58.66771681501339,
            43.2370434468622,
            7.323226841243001,
            62.632129613193,
            52.824459395515554,
            32.996716107878505,
            55.66931300103714,
            59.30810326109449,
            29.239111480012436,
            0.0,
            73.67983018794756,
            46.37293993802209,
            36.24156977205902,
            55.58243214835225,
            45.11123567382911
        ],
        [
            32.20335735544246,
            41.22442047254559,
            58.64324058412522,
