{
    "vertices": [
        [
            74.17496459025537,
            64.78654365709747
        ],
        [
            54.9009787475777,
            29.865265526757135
        ],
        [
            7.6315112818423625,
            43.525295352427676
        ],
        [
            88.9118784534461,
            97.45197241366432
        ],
        [
            53.663426852560825,
            27.408192971234012
        ],
        [
            69.08918660952048,
            8.608851242059036
        ],
        [
            75.75659894717144,
            64.17094124356744
        ],
        [
            61.25143529157737,
            47.183122545950795
        ],
        [
            30.080995307706402,
            75.65361099487059
        ],
        [
            10.589872805718736,
            38.605407737803
        ],
        [
            60.57821929774912,
            11.105154660150108
        ],
        [
            72.21492230040234,
            84.07522495966701
        ],
        [
            28.509658697839757,
            13.172889455044656
        ],
        [
            63.56621367570293,
            13.179392003882873
        ],
        [
            41.33931577735026,
            2.7188388875853398
        ],
        [
            50.85038376548383,
            94.34879343566513
        ],
        [
            49.722342808096876,
            0.4151849210271563
        ],
        [
            74.17496459025537,
            64.78654365709747
        ]
    ],
    "distances": [
        [
            0.0,
            39.88711817768144,
            69.85751110425969,
            35.83583215249017,
            42.6364196475297,
            56.407430917814324,
            1.6972134722895946,
            21.83799542884266,
            45.41333812454297,
            68.76420417101124,
            55.37655647646278,
            19.38801155792177,
            68.9150887856714,
            52.68627618009178,
            70.21808747267157,
            37.65584526500134,
            68.8592952153095,
            0.0
        ],
        [
            39.88711817768144,
            0.0,
            49.20364792708382,
            75.66177533351532,
            2.7511343544008886,
            25.556611484631766,
            40.14768088316747,
            18.445499994699613,
            52.08266658556176,
            45.16485575821044,
            19.600327037881225,
            56.907752925837194,
            31.2271867590915,
            18.801719910182626,
            30.345463940990825,
            64.61062367202379,
            29.901931674687432,
            39.88711817768144
        ],
        [
            69.85751110425969,
            49.20364792708382,
            0.0,
            97.54273210453779,
            48.77190010934197,
            70.68383072524291,
            71.18476145686735,
            53.744543449427816,
            39.19448939644407,
            5.740835918791743,
            62.08397065449952,
            76.25820460740155,
            36.83972832803752,
            63.63619081881766,
            52.928092475777504,
            66.71505749209922,
            60.250474852727,
            69.85751110425969
        ],
        [
            35.83583215249017,
            75.66177533351532,
            97.54273210453779,
            0.0,
            78.4129095164806,
            91.0276842034981,
            35.78670723373653,
            57.37645320977668,
            62.73947220253,
            97.96557937782518,
            90.87667014866803,
            21.394525403118664,
            103.68891925249515,
            88.00153709992122,
            106.00714743469413,
            38.18778728404248,
            104.65160214248667,
            35.83583215249017
        ],
        [
            42.6364196475297,
            2.7511343544008886,
            48.77190010934197,
            78.4129095164806,
            0.0,
            24.3180861403552,
            42.89065065648964,
            21.180786381897978,
            53.70057204391012,
            44.50515337300723,
            17.708851253898505,
            59.626424492244816,
            28.90252443264243,
            17.335627010093685,
            27.594345777023,
            66.99968061079356,
            27.27919769795403,
            42.6364196475297
        ],
        [
            56.407430917814324,
            25.556611484631766,
            70.68383072524291,
            91.0276842034981,
            24.3180861403552,
            0.0,
            55.96070257435999,
            39.362478991396955,
            77.5669955519172,
            65.74163914231245,
            8.86950366915837,
            75.53107827705709,
            40.83538331330402,
            7.168896210936133,
            28.368073193961983,
            87.65838018436432,
            21.028808967917133,
            56.407430917814324
        ],
        [
            1.6972134722895946,
            40.14768088316747,
            71.18476145686735,
            35.78670723373653,
            42.89065065648964,
            55.96070257435999,
            0.0,
            22.3379890943357,
            47.09684142749919,
            70.0021335348392,
            55.193848520453734,
            20.21692320115146,
            69.5203182468893,
            52.42846161132341,
            70.43372959571114,
            39.12828027916154,
            68.86638481127115,
            1.6972134722895946
        ],
        [
            21.83799542884266,
            18.445499994699613,
            53.744543449427816,
            57.37645320977668,
            21.180786381897978,
            39.362478991396955,
            22.3379890943357,
            0.0,
            42.21569662232494,
            51.38259534938341,
            36.08424845473731,
            38.48668948996262,
            47.209319942274014,
            34.082427873395076,
            48.71924696462836,
            48.29888594290037,
            48.168038813941706,
            21.83799542884266
        ],
        [
            45.41333812454297,
            52.08266658556176,
            39.19448939644407,
            62.73947220253,
            53.70057204391012,
            77.5669955519172,
            47.09684142749919,
            42.21569662232494,
            0.0,
            41.86255153433058,
            71.39036269899569,
            42.967329281651715,
            62.50047730120768,
            70.88221136283985,
            73.79858238569923,
            27.944182639766918,
            77.75990798412957,
            45.41333812454297
        ],
        [
            68.76420417101124,
            45.16485575821044,
            5.740835918791743,
            97.96557937782518,
            44.50515337300723,
            65.74163914231245,
            70.0021335348392,
            51.38259534938341,
            41.86255153433058,
            0.0,
            57.05347232502369,
            76.58427386488641,
            31.11160093312938,
            58.762019775313306,
            47.2585872292754,
            68.76215377518352,
            54.67945982983017,
            68.76420417101124
        ],
        [
            55.37655647646278,
            19.600327037881225,
            62.08397065449952,
            90.87667014866803,
            17.708851253898505,
            8.86950366915837,
            55.193848520453734,
            36.08424845473731,
            71.39036269899569,
            57.05347232502369,
            0.0,
            73.89211064984134,
            32.135153743713076,
            3.6373851818056244,
            20.987274737430404,
            83.81010786731653,
            15.235665636326782,
            55.37655647646278
        ],
        [
            19.38801155792177,
            56.907752925837194,
            76.25820460740155,
            21.394525403118664,
            59.626424492244816,
            75.53107827705709,
            20.21692320115146,
            38.48668948996262,
