{
    "vertices": [
        [
            57.947668993006744,
            91.27252901097938
        ],
        [
            84.57241478571355,
            70.55944191972439
        ],
        [
            13.178708406728335,
            27.795084713959273
        ],
        [
            89.59365295131875,
            86.37878092259827
        ],
        [
            83.18096497522413,
            72.89777037253661
        ],
        [
            1.8568075146304985,
            48.54497164249699
        ],
        [
            82.55794090590717,
            23.75874700022006
        ],
        [
            68.77140809047245,
            8.368885421530091
        ],
        [
            49.86453212358932,
            52.063924378402696
        ],
        [
            9.082979428598637,
            86.15728727717278
        ],
        [
            20.43523218538047,
            53.48784058241214
        ],
        [
            17.77682973429662,
            93.22892256143622
        ],
        [
            16.309511050642065,
            11.991326885211917
        ],
        [
            5.807452564436632,
            74.23071007616369
        ],
        [
            66.74998736356697,
            98.19690097756336
        ],
        [
            21.95270794267469,
            30.61850068958176
        ],
        [
            57.947668993006744,
            91.27252901097938
        ]
    ],
    "distances": [
        [
            0.0,
            33.73290775157358,
            77.67654579380472,
            32.022134080074586,
            31.21459564285937,
            70.51119698362344,
            71.85942001591181,
            83.60722126979489,
            40.033133513171926,
            49.131696329571724,
            53.243455887931034,
            40.21845102031399,
            89.55023845495947,
            54.85458742735356,
            11.199452478952537,
            70.53047832411053,
            0.0
        ],
        [
            33.73290775157358,
            0.0,
            83.22170124283106,
            16.597117798087016,
            2.721013143728312,
            85.59502665348597,
            46.844030035437186,
            64.1664798016702,
            39.3283776427292,
            77.08402967107328,
            66.37030785018698,
            70.53761787107656,
            89.94469481319909,
            78.85047548110072,
            32.88568172307528,
            74.27318810619236,
            33.73290775157358
        ],
        [
            77.67654579380472,
            83.22170124283106,
            0.0,
            96.28755480963743,
            83.2740546526825,
            23.637750471599155,
            69.4965461322681,
            58.889094721146286,
            43.98665980093354,
            58.50574060630168,
            26.697843386050174,
            65.5951968911821,
            16.11088721035656,
            47.01704707307257,
            88.46636458160633,
            9.217089867641908,
            77.67654579380472
        ],
        [
            32.022134080074586,
            16.597117798087016,
            96.28755480963743,
            0.0,
            14.928503358663322,
            95.54659162850551,
            63.01404519966757,
            80.741003691635,
            52.49678486719968,
            80.5109781987338,
            76.58133662518725,
            72.14277883099007,
            104.42250127382881,
            84.66228794782691,
            25.719662111283704,
            87.66131583159667,
            32.022134080074586
        ],
        [
            31.21459564285937,
            2.721013143728312,
            83.2740546526825,
            14.928503358663322,
            0.0,
            84.8921515374728,
            49.14297281378103,
            66.11816938357512,
            39.29419596918584,
            75.27500415551137,
            65.67931453503472,
            68.49128890553698,
            90.45101551813654,
            77.38499306090162,
            30.166588051103485,
            74.40723153140402,
            31.21459564285937
        ],
        [
            70.51119698362344,
            85.59502665348597,
            23.637750471599155,
            95.54659162850551,
            84.8921515374728,
            0.0,
            84.42173809306492,
            78.04922596835303,
            48.13652096368379,
            38.30018078198456,
            19.224718895315714,
            47.43524614883782,
            39.30711875146327,
            25.987780882412803,
            81.70947850525567,
            26.929604060208163,
            70.51119698362344
        ],
        [
            71.85942001591181,
            46.844030035437186,
            69.4965461322681,
            63.01404519966757,
            49.14297281378103,
            84.42173809306492,
            0.0,
            20.661953597912667,
            43.24398275157042,
            96.39578721493208,
            68.86980429763206,
            94.98788163305233,
            67.2854117506245,
            91.85889460141365,
            76.09816136248928,
            60.99221657889138,
            71.85942001591181
        ],
        [
            83.60722126979489,
            64.1664798016702,
            58.889094721146286,
            80.741003691635,
            66.11816938357512,
            78.04922596835303,
            20.661953597912667,
            0.0,
            47.61015005510608,
            98.04970157720295,
            66.12190269447545,
            99.00339855333455,
            52.58681130450453,
            91.11662659647973,
            89.8507569277528,
            51.836628585448295,
            83.60722126979489
        ],
        [
            40.033133513171926,
            39.3283776427292,
            43.98665980093354,
            52.49678486719968,
            39.29419596918584,
            48.13652096368379,
            43.24398275157042,
            47.61015005510608,
            0.0,
            53.15536129085696,
            29.46372739843179,
            52.19365593664592,
            52.26616983343255,
            49.31929285231056,
            49.12606363795082,
            35.199092691422216,
            40.033133513171926
        ],
        [
            49.131696329571724,
            77.08402967107328,
            58.50574060630168,
            80.5109781987338,
            75.27500415551137,
            38.30018078198456,
            96.39578721493208,
            98.04970157720295,
            53.15536129085696,
            0.0,
            34.585638493393006,
            11.206741664352066,
            74.51719560038677,
            12.368197927324616,
            58.91040741860757,
            57.01040894124513,
            49.131696329571724
        ],
        [
            53.243455887931034,
            66.37030785018698,
            26.697843386050174,
            76.58133662518725,
            65.67931453503472,
            19.224718895315714,
            68.86980429763206,
            66.12190269447545,
            29.46372739843179,
            34.585638493393006,
            0.0,
            39.8298970681,
            41.70110578753941,
            25.381855162176553,
            64.37357088613798,
            22.91963001027239,
            53.243455887931034
        ],
        [
            40.21845102031399,
            70.53761787107656,
            65.5951968911821,
            72.14277883099007,
            68.49128890553698,
            47.43524614883782,
            94.98788163305233,
            99.00339855333455,
            52.19365593664592,
            11.206741664352066,
            39.8298970681,
            0.0,
            81.2508459978916,
            22.454355200493524,
            49.224495708178324,
            62.74952498451919,
            40.21845102031399
        ],
        [
            89.55023845495947,
            89.94469481319909,
            16.11088721035656,
            104.42250127382881,
