{
    "vertices": [
        [
            51.61936143700561,
            38.55271360495222
        ],
        [
            16.16713328701218,
            27.759857532453992
        ],
        [
            15.329985515223665,
            83.1624032515157
        ],
        [
            58.74409327968251,
            30.776831602535314
        ],
        [
            96.74953629371842,
            9.255230728526287
        ],
        [
            37.981947406913086,
            86.53897018499372
        ],
        [
            44.71122832943119,
            61.00897159470379
        ],
        [
            81.55363022111551,
            39.778137420158856
        ],
        [
            80.2447494832949,
            87.81140312193436
        ],
        [
            88.97550631161492,
            55.63616807303976
        ],
        [
            54.50297187727662,
            21.23382602498516
        ],
        [
            51.61936143700561,
            38.55271360495222
        ]
    ],
    "distances": [
        [
            0.0,
            37.05868620176447,
            57.50602764193611,
            10.546380646722614,
            53.805902887061976,
            49.88646992916757,
            23.49480423272871,
            29.95934096682055,
            56.9721979015299,
            41.077073611152244,
            17.557308340938174,
            0.0
        ],
        [
            37.05868620176447,
            0.0,
            55.4088701251391,
            42.68371650591116,
            82.67977314608368,
            62.696652217688495,
            43.82087342483199,
            66.48182483034529,
            87.81872821376744,
            77.96247733265584,
            38.887345083655234,
            37.05868620176447
        ],
        [
            57.50602764193611,
            55.4088701251391,
            0.0,
            68.03699633269024,
            109.9609630701496,
            22.90223966774444,
            36.79717330829173,
            79.16922154384261,
            65.08102473705797,
            78.62160235248619,
            73.27804267189417,
            57.50602764193611
        ],
        [
            10.546380646722614,
            42.68371650591116,
            68.03699633269024,
            0.0,
            43.67600030764352,
            59.501956274827236,
            33.33022032957575,
            24.521388254032036,
            60.95260917784719,
            39.13981276987724,
            10.442991247870442,
            10.546380646722614
        ],
        [
            53.805902887061976,
            82.67977314608368,
            109.9609630701496,
            43.67600030764352,
            0.0,
            97.08967961603183,
            73.39233740268429,
            34.096383888522226,
            80.27129131115544,
            47.02793734705286,
            43.91194541658241,
            53.805902887061976
        ],
        [
            49.88646992916757,
            62.696652217688495,
            22.90223966774444,
            59.501956274827236,
            97.08967961603183,
            0.0,
            26.401970565743227,
            63.91452905343445,
            42.28195270947682,
            59.62655640012998,
            67.3624977514184,
            49.88646992916757
        ],
        [
            23.49480423272871,
            43.82087342483199,
            36.79717330829173,
            33.33022032957575,
            73.39233740268429,
            26.401970565743227,
            0.0,
            42.521887268739725,
            44.50844258524402,
            44.58916149656148,
            40.96267138260249,
            23.49480423272871
        ],
        [
            29.95934096682055,
            66.48182483034529,
            79.16922154384261,
            24.521388254032036,
            34.096383888522226,
            63.91452905343445,
            42.521887268739725,
            0.0,
            48.05109554175847,
            17.5088943366061,
            32.79679255592335,
            29.95934096682055
        ],
        [
            56.9721979015299,
            87.81872821376744,
            65.08102473705797,
            60.95260917784719,
            80.27129131115544,
            42.28195270947682,
            44.50844258524402,
            48.05109554175847,
            0.0,
            33.33874420620657,
            71.38075991762709,
            56.9721979015299
        ],
        [
            41.077073611152244,
            77.96247733265584,
            78.62160235248619,
            39.13981276987724,
            47.02793734705286,
            59.62655640012998,
            44.58916149656148,
            17.5088943366061,
            33.33874420620657,
            0.0,
            48.70191750555604,
            41.077073611152244
        ],
        [
            17.557308340938174,
            38.887345083655234,
            73.27804267189417,
            10.442991247870442,
            43.91194541658241,
            67.3624977514184,
            40.96267138260249,
            32.79679255592335,
            71.38075991762709,
            48.70191750555604,
            0.0,
            17.557308340938174
        ],
        [
            0.0,
            37.05868620176447,
            57.50602764193611,
            10.546380646722614,
            53.805902887061976,
            49.88646992916757,
            23.49480423272871,
            29.95934096682055,
            56.9721979015299,
            41.077073611152244,
            17.557308340938174,
            0.0
        ]
    ],
    "scores_ave": [
        0,
        14.546428652034733,
        14.254020424591756,
        11.30171584597582,
        12.532545199378479,
        10.416026529499197,
        12.9567317139837,
        16.670489782340052,
        11.390078114204549,
        12.997212275531265,
        11.743798447518417,
        0
    ],
    "scores_var": [
        0,
        392.031481915228,
        239.4882515704589,
        23.77254428620917,
        20.51714885183053,
        383.1023716773731,
        19.127352247268607,
        22.065013746853392,
        19.22082625904802,
        16.360910297185246,
        316.41501001565285,
        0
    ],
    "vertex_number": 12,
    "minimum_distances": {
        "cost": 336.12554888814566,
        "path": [
            0,
            1,
            2,
            5,
            6,
            8,
            9,
            7,
            4,
            10,
            3,
            11
        ]
    }
}