{
    "vertices": [
        [
            49.78055571075271,
            19.95354544657133
        ],
        [
            3.5723348246628372,
            75.47348213609459
        ],
        [
            5.04599684010164,
            71.80520159616603
        ],
        [
            27.628323844057455,
            72.40091736590612
        ],
        [
            43.35600491677711,
            9.980322043471645
        ],
        [
            53.21738468285228,
            55.27608613272482
        ],
        [
            14.605405191955189,
            63.922961462113726
        ],
        [
            87.13048539965331,
            79.36371490243064
        ],
        [
            57.28406371751402,
            73.67181448966461
        ],
        [
            86.83353175063385,
            58.73152983780929
        ],
        [
            5.980633562959071,
            46.98883910873519
        ],
        [
            4.238713774821001,
            81.73153251270891
        ],
        [
            47.58731609042026,
            1.6810619583250919
        ],
        [
            38.00589351290291,
            19.725028548202552
        ],
        [
            31.63907062707637,
            11.913112923397595
        ],
        [
            61.8128512645336,
            51.23171218840582
        ],
        [
            27.28275077378305,
            62.50405749879714
        ],
        [
            49.78055571075271,
            19.95354544657133
        ]
    ],
    "distances": [
        [
            0.0,
            72.23339288352959,
            68.48193194418181,
            56.93371758387869,
            11.863390660030873,
            35.48934592111316,
            56.30808786282746,
            70.17539086132501,
            54.23979223221348,
            53.63445820420955,
            51.47174257349581,
            76.75010783615389,
            18.403639663404284,
            11.77687946131373,
            19.843438114423645,
            33.51268194316201,
            48.13208184660778,
            0.0
        ],
        [
            72.23339288352959,
            0.0,
            3.9532217058199155,
            24.251417731098478,
            76.62959235775776,
            53.59632245536117,
            15.973201606743837,
            83.64866070947613,
            53.74193732056314,
            84.9277332813221,
            28.586269277556553,
            6.293429543695277,
            85.92228960821203,
            65.52526261967841,
            69.48138018963672,
            63.08423864468463,
            27.025724780342752,
            72.23339288352959
        ],
        [
            68.48193194418181,
            3.9532217058199155,
            0.0,
            22.590183049101416,
            72.73219679440535,
            50.92832477806898,
            12.389995866357351,
            82.43175592867198,
            52.27140590019732,
            82.8258520027822,
            24.83395644900905,
            9.959103946249579,
            82.01925873540279,
            61.63358835397755,
            65.53055668179724,
            60.37999857283761,
            24.103620205834556,
            68.48193194418181
        ],
        [
            56.93371758387869,
            24.251417731098478,
            22.590183049101416,
            0.0,
            64.37150512713147,
            30.790581017195578,
            15.539374071239855,
            59.90816120799286,
            29.68295953811377,
            60.762725405088815,
            33.3825735355281,
            25.182022123107448,
            73.48237421558683,
            53.688389945749066,
            60.62062830450252,
            40.20842154087115,
            9.90289129376322,
            56.93371758387869
        ],
        [
            11.863390660030873,
            76.62959235775776,
            72.73219679440535,
            64.37150512713147,
            0.0,
            46.35680160796293,
            61.126142786753434,
            82.03816396145365,
            65.19660291748521,
            65.32209121725529,
            52.597991589087364,
            81.72147006806316,
            9.315670250127155,
            11.116788965218761,
            11.875278090836016,
            45.19217151226819,
            54.928064638455005,
            11.863390660030873
        ],
        [
            35.48934592111316,
            53.59632245536117,
            50.92832477806898,
            30.790581017195578,
            46.35680160796293,
            0.0,
            39.56833851916771,
            41.59702224889482,
            18.83986996115621,
            33.79327499491175,
            47.9582017969748,
            55.66687387559537,
            53.889927524630984,
            38.66868447453916,
            48.43522564252722,
            9.499421369656513,
            26.923016288413983,
            35.48934592111316
        ],
        [
            56.30808786282746,
            15.973201606743837,
            12.389995866357351,
            15.539374071239855,
            61.126142786753434,
            39.56833851916771,
            0.0,
            74.15055040886551,
            43.777939980017834,
            72.41445455491832,
            19.00397815015401,
            20.60615184361652,
            70.44047487314387,
            50.01040019357377,
            54.728147266062585,
            48.88364524892543,
            12.75650341818658,
            56.30808786282746
        ],
        [
            70.17539086132501,
            83.64866070947613,
            82.43175592867198,
            59.90816120799286,
            82.03816396145365,
            41.59702224889482,
            74.15055040886551,
            0.0,
            30.384315321180438,
            20.634321942105352,
            87.36950861584741,
            82.92558328609391,
            87.16798040251375,
            77.26576498099126,
            87.34346467135424,
            37.84695727402242,
            62.177161302334184,
            70.17539086132501
        ],
        [
            54.23979223221348,
            53.74193732056314,
            52.27140590019732,
            29.68295953811377,
            65.19660291748521,
            18.83986996115621,
            43.777939980017834,
            30.384315321180438,
            0.0,
            33.1116771927795,
            57.82752909127783,
            53.65415366170403,
            72.64086566507945,
            57.28790064098949,
            66.8715402077732,
            22.892533890703312,
            32.01245967673757,
            54.23979223221348
        ],
        [
            53.63445820420955,
            84.9277332813221,
            82.8258520027822,
            60.762725405088815,
            65.32209121725529,
            33.79327499491175,
            72.41445455491832,
            20.634321942105352,
            33.1116771927795,
            0.0,
            81.70117459929928,
            85.73741353401704,
            69.24609251731142,
            62.49516300267419,
            72.37674143736764,
            26.12052290368288,
            59.670155688633606,
            53.63445820420955
        ],
        [
            51.47174257349581,
            28.586269277556553,
            24.83395644900905,
            33.3825735355281,
            52.597991589087364,
            47.9582017969748,
            19.00397815015401,
            87.36950861584741,
            57.82752909127783,
            81.70117459929928,
            0.0,
            34.78633394755512,
            61.513500154455265,
            42.05868092489454,
            43.458738591933916,
            55.993200528691034,
            26.35340963433384,
            51.47174257349581
        ],
        [
            76.75010783615389,
            6.293429543695277,
            9.959103946249579,
            25.182022123107448,
            81.72147006806316,
            55.66687387559537,
            20.60615184361652,
