{
    "vertices": [
        [
            35.50559040070499,
            65.20664161168447
        ],
        [
            49.68253560489879,
            73.28869931281223
        ],
        [
            74.533923860161,
            90.31743577011841
        ],
        [
            49.34543090541658,
            7.031429899447639
        ],
        [
            15.16471004277874,
            24.258982569728403
        ],
        [
            24.531786125638334,
            28.437978445427515
        ],
        [
            68.16343280388638,
            90.77743480611045
        ],
        [
            85.37526951116477,
            78.92994114924261
        ],
        [
            23.717265382745765,
            57.217119969437135
        ],
        [
            92.73179842617868,
            76.05992605115792
        ],
        [
            83.19694653464012,
            49.908511681314614
        ],
        [
            46.33631859658605,
            13.144245135110754
        ],
        [
            22.126732499215272,
            93.82609916100482
        ],
        [
            40.349252730294324,
            80.79943073293735
        ],
        [
            35.50559040070499,
            65.20664161168447
        ]
    ],
    "distances": [
        [
            0.0,
            16.31886736287393,
            46.40865001149821,
            59.79879967824968,
            45.72157253148405,
            38.371330069481985,
            41.47770648219516,
            51.72343612694126,
            14.240683368468732,
            58.24631033892968,
            50.08491019519063,
            53.177042040123,
            31.592201397902034,
            16.327771965058332,
            0.0
        ],
        [
            16.31886736287393,
            0.0,
            30.1258919128741,
            66.25812697091271,
            59.96159942366433,
            51.42127343515112,
            25.44404508788051,
            36.135783693737736,
            30.53671430098247,
            43.138367227920824,
            40.86378486694055,
            60.23746788005248,
            34.367238430280345,
            11.9800357129117,
            16.31886736287393
        ],
        [
            46.40865001149821,
            30.1258919128741,
            0.0,
            87.01160239428197,
            88.81679339247826,
            79.55677857241591,
            6.387077219760888,
            15.72290715055628,
            60.646217399893025,
            23.117941562923942,
            41.327098953026535,
            82.16329043671281,
            52.52451261204934,
            35.48498499569845,
            46.40865001149821
        ],
        [
            59.79879967824968,
            66.25812697091271,
            87.01160239428197,
            0.0,
            38.276758610113056,
            32.771287553411895,
            85.83420374930732,
            80.42104942049163,
            56.35074405771813,
            81.53103806289553,
            54.62938085430289,
            6.813315418539678,
            90.96247663267994,
            74.31452865172653,
            59.79879967824968
        ],
        [
            45.72157253148405,
            59.96159942366433,
            88.81679339247826,
            38.276758610113056,
            0.0,
            10.257003503518483,
            85.0503915466154,
            88.98559643485416,
            34.0497433720326,
            93.27374199550715,
            72.7068328682433,
            33.093905301011,
            69.91461555002769,
            61.895746775330316,
            45.72157253148405
        ],
        [
            38.371330069481985,
            51.42127343515112,
            79.55677857241591,
            32.771287553411895,
            10.257003503518483,
            0.0,
            76.09157910834132,
            79.06559155643045,
            28.790665690455597,
            83.18107700406858,
            62.470671864861856,
            26.63336093781079,
            65.43233614705255,
            54.69839061111923,
            38.371330069481985
        ],
        [
            41.47770648219516,
            25.44404508788051,
            6.387077219760888,
            85.83420374930732,
            85.0503915466154,
            76.09157910834132,
            0.0,
            20.895225023615794,
            55.69341550277462,
            28.63930259805114,
            43.54624452778027,
            80.64325795199464,
            46.13753492863385,
            29.549774592210756,
            41.47770648219516
        ],
        [
            51.72343612694126,
            36.135783693737736,
            15.72290715055628,
            80.42104942049163,
            88.98559643485416,
            79.06559155643045,
            20.895225023615794,
            0.0,
            65.3693817982574,
            7.896550154381965,
            29.103066150355613,
            76.49704235181025,
            64.97901936520229,
            45.06481086673693,
            51.72343612694126
        ],
        [
            14.240683368468732,
            30.53671430098247,
            60.646217399893025,
            56.35074405771813,
            34.0497433720326,
            28.790665690455597,
            55.69341550277462,
            65.3693817982574,
            0.0,
            71.54059765081941,
            59.92702416306211,
            49.53826666782699,
            36.64351446439366,
            28.85738006256482,
            14.240683368468732
        ],
        [
            58.24631033892968,
            43.138367227920824,
            23.117941562923942,
            81.53103806289553,
            93.27374199550715,
            83.18107700406858,
            28.63930259805114,
            7.896550154381965,
            71.54059765081941,
            0.0,
            27.835406843386057,
            78.1723957273154,
            72.80599042331544,
            52.59652078046629,
            58.24631033892968
        ],
        [
            50.08491019519063,
            40.86378486694055,
            41.327098953026535,
            54.62938085430289,
            72.7068328682433,
            62.470671864861856,
            43.54624452778027,
            29.103066150355613,
            59.92702416306211,
            27.835406843386057,
            0.0,
            52.06070674383874,
            75.22184212294222,
            52.82209522732776,
            50.08491019519063
        ],
        [
            53.177042040123,
            60.23746788005248,
            82.16329043671281,
            6.813315418539678,
            33.093905301011,
            26.63336093781079,
            80.64325795199464,
            76.49704235181025,
            49.53826666782699,
            78.1723957273154,
            52.06070674383874,
            0.0,
            84.23577403966611,
            67.91957814918817,
            53.177042040123
        ],
        [
            31.592201397902034,
            34.367238430280345,
            52.52451261204934,
            90.96247663267994,
            69.91461555002769,
            65.43233614705255,
            46.13753492863385,
            64.97901936520229,
            36.64351446439366,
            72.80599042331544,
            75.22184212294222,
            84.23577403966611,
            0.0,
            22.399873524350426,
            31.592201397902034
        ],
        [
            16.327771965058332,
            11.9800357129117,
            35.48498499569845,
            74.31452865172653,
            61.895746775330316,
            54.69839061111923,
            29.549774592210756,
            45.06481086673693,
            28.85738006256482,
            52.59652078046629,
            52.82209522732776,
            67.91957814918817,
            22.399873524350426,
            0.0,
            16.327771965058332
        ],
        [
            0.0,
            16.31886736287393,
            46.40865001149821,
