{
    "vertices": [
        [
            37.45472973206707,
            84.05857095442212
        ],
        [
            53.223584538125046,
            8.252928813138183
        ],
        [
            69.70362137694923,
            95.1726724945941
        ],
        [
            90.04111595837851,
            40.15054987813114
        ],
        [
            49.66211234729787,
            5.991297696845576
        ],
        [
            96.09366741986317,
            59.1136860326438
        ],
        [
            67.50528107158466,
            97.42469932776507
        ],
        [
            3.3498803870934846,
            21.388236575958842
        ],
        [
            27.249641966187887,
            34.805165474047804
        ],
        [
            40.71018497369667,
            69.49760088763966
        ],
        [
            5.529127624413899,
            29.71525267469598
        ],
        [
            52.90070056301241,
            30.073516150610047
        ],
        [
            44.295869338825554,
            14.091762019374377
        ],
        [
            67.11845862519465,
            77.19057893443707
        ],
        [
            58.76171465767155,
            40.60064961120505
        ],
        [
            29.451557568945987,
            61.94563861440946
        ],
        [
            9.644987184774212,
            65.45011870338742
        ],
        [
            99.07348170512081,
            99.49098889619407
        ],
        [
            12.887381422617139,
            64.41333427821357
        ],
        [
            57.63039773189671,
            15.904643540078222
        ],
        [
            73.881664247025,
            86.903350592392
        ],
        [
            37.45472973206707,
            84.05857095442212
        ]
    ],
    "distances": [
        [
            0.0,
            77.428367943196,
            34.11032490857575,
            68.5072429103581,
            79.01594360752622,
            63.724189260546865,
            32.88904108516491,
            71.34922256024758,
            50.29952055162617,
            14.920450332211438,
            63.02729814602405,
            56.15126140240313,
            70.30046616966801,
            30.448417466783887,
            48.40019146752602,
            23.5166439218383,
            33.46126530371721,
            63.52188692290429,
            31.456158809080332,
            71.07753091687277,
            36.53784790249203,
            0.0
        ],
        [
            77.428367943196,
            0.0,
            88.46826242138475,
            48.71333338509318,
            4.218893157241395,
            66.51812257744943,
            90.30820290863457,
            51.57443820119264,
            37.14386846341186,
            62.50995941585835,
            52.30098054369767,
            21.82297609891057,
            10.667524168711763,
            70.32401531583744,
            32.818377870496825,
            58.7198122615094,
            71.90697239229799,
            102.11070794947707,
            69.1447787166694,
            8.829990984552083,
            81.31817203622931,
            77.428367943196
        ],
        [
            34.11032490857575,
            88.46826242138475,
            0.0,
            58.660443768102795,
            91.4055780300201,
            44.684281742132015,
            3.1471137500116613,
            99.23185943627205,
            73.80092324412381,
            38.727621363720345,
            91.66809400152589,
            67.23271751593795,
            84.96862895870083,
            18.166968796673267,
            55.65816206306593,
            52.19448650268055,
            67.01096734789515,
            29.685628715603016,
            64.60821936919427,
            80.18218719589422,
            9.26486518770944,
            34.11032490857575
        ],
        [
            68.5072429103581,
            48.71333338509318,
            58.660443768102795,
            0.0,
            52.8896818123188,
            19.90562513483325,
            61.54829038424899,
            88.69833552736436,
            63.01858726232578,
            57.40026267161274,
            85.15381142311946,
            38.48320496639989,
            52.6468233889891,
            43.559292598784886,
            31.28263952259115,
            64.3903756694174,
            84.2828909359773,
            60.023923012740255,
            80.87880723440239,
            40.47614890413902,
            49.46667822119206,
            68.5072429103581
        ],
        [
            79.01594360752622,
            4.218893157241395,
            91.4055780300201,
            52.8896818123188,
            0.0,
            70.5540746446016,
            93.15817518567222,
            48.804595644087925,
            36.50421626149814,
            64.13413715536596,
            50.10535281126542,
            24.299006137819692,
            9.716691117172553,
            73.30799188440159,
            35.785611663613295,
            59.492476767804234,
            71.67092647483403,
            105.75289913845734,
            69.0327110354024,
            12.7188048879582,
            84.45914395727249,
            79.01594360752622
        ],
        [
            63.724189260546865,
            66.51812257744943,
            44.684281742132015,
            19.90562513483325,
            70.5540746446016,
            0.0,
            47.80198294733594,
            100.12302217716278,
            73.00961589005912,
            56.348520970657574,
            95.21661489605275,
            52.0477074679989,
            68.62933431048673,
            34.15167319001428,
            41.67021975680023,
            66.70225454066063,
            86.6805900613253,
            40.4871075740104,
            83.37489011076579,
            57.84846124326538,
            35.57581399340707,
            63.724189260546865
        ],
        [
            32.88904108516491,
            90.30820290863457,
            3.1471137500116613,
            61.54829038424899,
            93.15817518567222,
            47.80198294733594,
            0.0,
            99.48597441244885,
            74.44274645551971,
            38.70271311135057,
            91.79113662098354,
            68.91643960038896,
            86.50465440324531,
            20.23781756259116,
            57.49280459174516,
            52.02739299174281,
            66.10739304172343,
            31.635752619778003,
            63.81900331797291,
            82.11597175093297,
            12.30272496690774,
            32.88904108516491
        ],
        [
            71.34922256024758,
            51.57443820119264,
            99.23185943627205,
            88.69833552736436,
            48.804595644087925,
            100.12302217716278,
            99.48597441244885,
            0.0,
            27.408257598649566,
            60.91225897368928,
            8.607456978108928,
            50.306240779808896,
            41.59101528203236,
            84.73684548767226,
            58.64800245419197,
            48.23069988932524,
            44.50930044614963,
            123.54370793079124,
            44.06952414414274,
            54.556799354458484,
            96.2650647901425,
            71.34922256024758
        ],
        [
            50.29952055162617,
            37.14386846341186,
            73.80092324412381,
            63.01858726232578,
            36.50421626149814,
            73.00961589005912,
            74.44274645551971,
            27.408257598649566,
            0.0,
            37.21224654577087,
            22.308920986372584,
            26.083813226936627,
            26.825714348656938,
            58.189739782865864,
            32.04057367928033,
            27.229647713555938,
            35.34171796052314,
            96.65877977010162,
            32.90772231342339,
            35.7801628038794,
