{
    "vertices": [
        [
            10.968371196240712,
            20.263775258159466
        ],
        [
            71.48690787193893,
            65.08877111997049
        ],
        [
            32.35122746232161,
            9.054490615263589
        ],
        [
            4.283238222908626,
            16.06813025848267
        ],
        [
            30.663451208002922,
            34.79819316937282
        ],
        [
            77.50392837438656,
            26.87265502434527
        ],
        [
            64.75981038323259,
            91.40734483203703
        ],
        [
            87.79040043681022,
            55.11981494338831
        ],
        [
            82.65554891020935,
            61.118998675049774
        ],
        [
            84.30668614063086,
            88.26353889465153
        ],
        [
            49.5138855734328,
            43.19140919489806
        ],
        [
            84.22367448398667,
            30.359230901059565
        ],
        [
            1.004351060297537,
            62.88021628957116
        ],
        [
            57.300421038627,
            6.309883370508662
        ],
        [
            64.55113537327607,
            13.64562021137411
        ],
        [
            26.116320295555784,
            13.613000306870848
        ],
        [
            26.194209141182146,
            53.976022582010344
        ],
        [
            84.30124080274298,
            77.311507812181
        ],
        [
            69.8543111084423,
            35.101995831524555
        ],
        [
            24.164526797537057,
            73.69076411577922
        ],
        [
            10.968371196240712,
            20.263775258159466
        ]
    ],
    "distances": [
        [
            0.0,
            75.3111780241101,
            24.142796116053677,
            7.892682676659742,
            24.47744841047602,
            66.86297675672401,
            89.19039422225357,
            84.35975153577188,
            82.51182175323814,
            100.01238070109794,
            44.84900307185667,
            73.94766855295309,
            43.76577136819676,
            48.38770444451373,
            53.98993047851677,
            16.54367460294503,
            36.99110380551125,
            92.9093835641989,
            60.72665567217786,
            55.03255092257535,
            0.0
        ],
        [
            75.3111780241101,
            0.0,
            68.34794856324424,
            83.18266913706825,
            50.833785286691906,
            38.686897848770194,
            27.16470435804592,
            19.10978694448029,
            11.853169867431665,
            26.484270355605815,
            31.021092311655615,
            36.991433975269544,
            70.51715060285076,
            60.46663587248398,
            51.90859963009818,
            68.61665393932448,
            46.63605620529069,
            17.7088232446032,
            30.031184864935508,
            48.0978381432144,
            75.3111780241101
        ],
        [
            24.142796116053677,
            68.34794856324424,
            0.0,
            28.931006912804424,
            25.798969163109835,
            48.541254439532736,
            88.50033245469025,
            72.07992789640252,
            72.39639325159754,
            94.7282588027454,
            38.2084551317046,
            56.077114036482534,
            62.28832478506374,
            25.09970376390764,
            32.525567488396405,
            7.7236052453931885,
            45.34151418784223,
            85.77776100301429,
            45.661294451198685,
            65.15266625248918,
            24.142796116053677
        ],
        [
            7.892682676659742,
            83.18266913706825,
            28.931006912804424,
            0.0,
            32.35322076370204,
            74.0135610660295,
            96.60959079109557,
            92.18720202798308,
            90.39800787381121,
            107.77722043541394,
            52.739773605980474,
            81.20781309201563,
            46.92677806548374,
            53.90774578891198,
            60.316564738516156,
            21.970688106435087,
            43.78468849944689,
            100.76523225324904,
            68.2777682559455,
            60.95599698175488,
            7.892682676659742
        ],
        [
            24.47744841047602,
            50.833785286691906,
            25.798969163109835,
            32.35322076370204,
            0.0,
            47.5062570201315,
            66.08447443214469,
            60.633791236544546,
            58.27489189988646,
            75.7373081615705,
            20.63455720427539,
            53.7438545639661,
            40.84436612428906,
            39.00143531914739,
            39.94754661839401,
            21.66769014353715,
            19.691705503385563,
            68.44263579471507,
            39.19203740293936,
            39.4318157496482,
            24.47744841047602
        ],
        [
            66.86297675672401,
            38.686897848770194,
            48.541254439532736,
            74.0135610660295,
            47.5062570201315,
            0.0,
            65.7809906579967,
            30.06182880303549,
            34.631650950933015,
            61.76664257998509,
            32.399756691650595,
            7.5704160467950405,
            84.55016142801432,
            28.827231687311162,
            18.51294942663562,
            53.070751900554,
            58.02826742852279,
            50.894806481621025,
            11.235599424869983,
            70.97201631258496,
            66.86297675672401
        ],
        [
            89.19039422225357,
            27.16470435804592,
            88.50033245469025,
            96.60959079109557,
            66.08447443214469,
            65.7809906579967,
            0.0,
            42.978982114930574,
            35.18012749197201,
            19.7980773724901,
            50.56891013924263,
            64.07584740182706,
            69.84665816169587,
            85.42376973998935,
            77.76200461176136,
            86.86356754276576,
            53.743925094341456,
            24.094815295637968,
            56.535354104389164,
            44.29282426848303,
            89.19039422225357
        ],
        [
            84.35975153577188,
            19.10978694448029,
            72.07992789640252,
            92.18720202798308,
            60.633791236544546,
            30.06182880303549,
            42.978982114930574,
            0.0,
            7.896638882870787,
            33.32630646583782,
            40.0921245855962,
            25.01615590253167,
            87.1323257777292,
            57.55039759941568,
            47.54126911812761,
            74.3404857566864,
            61.60681003828679,
            22.464315421014472,
            26.877804642315773,
            66.28070571081966,
            84.35975153577188
        ],
        [
            82.51182175323814,
            11.853169867431665,
            72.39639325159754,
            90.39800787381121,
            58.27489189988646,
            34.631650950933015,
            35.18012749197201,
            7.896638882870787,
            0.0,
            27.194711211690805,
            37.67981307407303,
            30.79971316952385,
            81.67019038676929,
            60.38974772137051,
            50.80837974460194,
            73.84784528540747,
            56.911378440337096,
            16.275922522586217,
            28.99579497474399,
            59.82682470332048,
            82.51182175323814
        ],
        [
            100.01238070109794,
            26.484270355605815,
            94.7282588027454,
            107.77722043541394,
            75.7373081615705,
            61.76664257998509,
            19.7980773724901,
            33.32630646583782,
            27.194711211690805,
