{
    "vertices": [
        [
            25.22811190299875,
            53.56131288353284
        ],
        [
            47.93800336379923,
            11.59885294573526
        ],
        [
            22.29972257033095,
            12.385796101806722
        ],
        [
            16.224623815082182,
            80.47689623276615
        ],
        [
            54.94511258541572,
            27.534285124383896
        ],
        [
            97.59080273057201,
            71.88505757854385
        ],
        [
            18.15102998714051,
            14.130450530383687
        ],
        [
            47.85589113041527,
            19.81183509617229
        ],
        [
            69.08064041352462,
            97.75455676189031
        ],
        [
            35.15989359829565,
            7.897225809082276
        ],
        [
            17.17458805971028,
            24.11508213404636
        ],
        [
            85.62857982715005,
            82.23510793573118
        ],
        [
            84.79486660996103,
            98.90660183366441
        ],
        [
            33.179585768717686,
            11.202006272597497
        ],
        [
            84.53625678242834,
            44.37991765027406
        ],
        [
            79.99548169841579,
            41.52127941226891
        ],
        [
            0.18729315073193753,
            54.54843695089798
        ],
        [
            35.242341614865516,
            76.31287628069437
        ],
        [
            82.15280303692536,
            3.5650444134570636
        ],
        [
            25.22811190299875,
            53.56131288353284
        ]
    ],
    "distances": [
        [
            0.0,
            47.713595695489204,
            41.27951848466612,
            28.38153316469674,
            39.5032442153082,
            74.64662513104595,
            40.060928525893694,
            40.63303635816853,
            62.25822886380936,
            46.73167165837359,
            30.52768827878094,
            66.86107274155795,
            74.8624972619157,
            43.09915072477,
            60.01461544881145,
            56.075192378601024,
            25.06026771022706,
            24.85796519703685,
            75.76310000009791,
            0.0
        ],
        [
            47.713595695489204,
            0.0,
            25.65035519394639,
            75.82824862444791,
            17.407974562365755,
            78.10138893762301,
            29.89436015827021,
            8.213392613425258,
            88.71198566976987,
            13.303463182121552,
            33.212101924843374,
            80.06285076832711,
            94.76851473049457,
            14.763752138016713,
            49.13278290975748,
            43.852406123490226,
            64.22458323779811,
            65.94759012610673,
            35.14533534063173,
            47.713595695489204
        ],
        [
            41.27951848466612,
            25.65035519394639,
            0.0,
            68.36157357704961,
            35.98886228966036,
            95.96305991355726,
            4.500607650637031,
            26.613226159510997,
            97.34618416193966,
            13.62098609283598,
            12.800123225111813,
            94.28398869971183,
            106.73093671950964,
            10.944075181364083,
            69.97863962947315,
            64.63495191535463,
            47.60932490811235,
            65.22409806145178,
            60.49956116938493,
            41.27951848466612
        ],
        [
            28.38153316469674,
            75.82824862444791,
            68.36157357704961,
            0.0,
            65.59112990021536,
            81.81854779185274,
            66.37440695086418,
            68.41627521782175,
            55.60823719571119,
            75.00901946148643,
            56.369819234806144,
            69.42622284495603,
            71.00374810870491,
            71.31957034252733,
            77.26235216099953,
            74.72792247240477,
            30.487390435542434,
            19.468247288172805,
            101.30132163887515,
            28.38153316469674
        ],
        [
            39.5032442153082,
            17.407974562365755,
            35.98886228966036,
            65.59112990021536,
            0.0,
            61.52760279124608,
            39.159510927385384,
            10.483000299354382,
            71.62890265684955,
            27.875957183942052,
            37.924971615494314,
            62.718858234290224,
            77.36288133062071,
            27.21178954241912,
            34.050127020111425,
            28.690712816290844,
            61.05885020328656,
            52.60751029190077,
            36.25993546551788,
            39.5032442153082
        ],
        [
            74.64662513104595,
            78.10138893762301,
            95.96305991355726,
            81.81854779185274,
            61.52760279124608,
            0.0,
            98.21543732436075,
            72.00820739036608,
            38.49753684771991,
            89.39832789062368,
            93.53468947913395,
            15.818290653147907,
            29.89815772140811,
            88.49427996377611,
            30.445917499492364,
            35.093508612781854,
            98.93433222727545,
            62.505489214595215,
            70.04253017573441,
            74.64662513104595
        ],
        [
            40.060928525893694,
            29.89436015827021,
            4.500607650637031,
            66.37440695086418,
            39.159510927385384,
            98.21543732436075,
            0.0,
            30.243295225977207,
            97.91228912246694,
            18.115036068667393,
            10.032263308870194,
            95.87212364765226,
            107.83504434832834,
            15.311214016234562,
            72.95223504252031,
            67.63869982713283,
            44.230187286700705,
            64.4885028927553,
            64.86797946546321,
            40.060928525893694
        ],
        [
            40.63303635816853,
            8.213392613425258,
            26.613226159510997,
            68.41627521782175,
            10.483000299354382,
            72.00820739036608,
            30.243295225977207,
            0.0,
            80.78092499340696,
            17.411096111376764,
            30.981612178603996,
            72.96191474586207,
            87.2953036236015,
            17.01537808692633,
            44.14793205519982,
            38.784703871402805,
            58.98242739801747,
            57.891875823091844,
            37.95044629264426,
            40.63303635816853
        ],
        [
            62.25822886380936,
            88.71198566976987,
            97.34618416193966,
            55.60823719571119,
            71.62890265684955,
            38.49753684771991,
            97.91228912246694,
            80.78092499340696,
            0.0,
            96.0466396625376,
            90.09445318343293,
            22.68672719245308,
            15.75639910640015,
            93.70288000275656,
            55.56733012875462,
            57.282765660832126,
            81.32073589308922,
            40.05965710593431,
            95.09230080342097,
            62.25822886380936
        ],
        [
            46.73167165837359,
            13.303463182121552,
            13.62098609283598,
            75.00901946148643,
            27.875957183942052,
            89.39832789062368,
            18.115036068667393,
            17.411096111376764,
            96.0466396625376,
            0.0,
            24.21755724868731,
            89.85103788349973,
            103.66454104587807,
            3.8526864668591556,
            61.39228001362007,
            56.0429026817277,
            58.304530553493045,
            68.41570015083695,
            47.19217449060654,
            46.73167165837359
        ],
        [
