{
    "vertices": [
        [
            37.91244658880759,
            9.337007642487816
        ],
        [
            0.46738065941069884,
            4.1455635192018665
        ],
        [
            84.62407956530784,
            70.45164649549943
        ],
        [
            70.3496674200527,
            20.850088452499627
        ],
        [
            6.421068269568842,
            41.219573801193995
        ],
        [
            95.64821072208221,
            0.9088447282262324
        ],
        [
            54.465563378437196,
            32.23977480102304
        ],
        [
            35.008175103100555,
            85.61173304620272
        ],
        [
            16.795833354368174,
            92.17288744954193
        ],
        [
            32.45215186522679,
            57.42483712735408
        ],
        [
            81.44389978651726,
            62.67902473347119
        ],
        [
            51.99793659661184,
            47.77403063137003
        ],
        [
            29.804305072559856,
            34.12237929851996
        ],
        [
            52.82715858823752,
            49.66368747242447
        ],
        [
            37.91244658880759,
            9.337007642487816
        ]
    ],
    "distances": [
        [
            0.0,
            37.80322809684485,
            76.92188074576246,
            34.419824592708544,
            44.812999601786274,
            58.34768538821788,
            28.258492864432757,
            76.32999756501242,
            85.4850533011568,
            48.39684042408075,
            68.85025929391371,
            40.93660666210395,
            26.077894987424536,
            42.99639217576469,
            0.0
        ],
        [
            37.80322809684485,
            0.0,
            107.13937936350708,
            71.85106231743387,
            37.54901642584807,
            95.23584808227943,
            60.86943768842439,
            88.48617552026575,
            89.52892340326943,
            62.14263098148281,
            99.91677902967562,
            67.51919236598253,
            41.94358852423098,
            69.37900224835319,
            37.80322809684485
        ],
        [
            76.92188074576246,
            107.13937936350708,
            0.0,
            51.61466266852556,
            83.4878736687349,
            70.41116918077714,
            48.67939232353733,
            51.88030647391836,
            71.22136823057687,
            53.77367201760062,
            8.398046944437946,
            39.73335458144461,
            65.76490956813726,
            37.98925405910332,
            76.92188074576246
        ],
        [
            34.419824592708544,
            71.85106231743387,
            51.61466266852556,
            0.0,
            67.09531818773885,
            32.21287777388937,
            19.545580480574284,
            73.7773114830725,
            89.19055331091612,
            52.668149064278296,
            43.275188066589486,
            32.583503290272304,
            42.6623969344298,
            33.723312474341164,
            34.419824592708544
        ],
        [
            44.812999601786274,
            37.54901642584807,
            83.4878736687349,
            67.09531818773885,
            0.0,
            97.91035608471313,
            48.87648003231766,
            52.80044014538107,
            51.99880693161807,
            30.66313540123256,
            78.03161720184481,
            46.04575801134406,
            24.43656958727104,
            47.16808533698497,
            44.812999601786274
        ],
        [
            58.34768538821788,
            95.23584808227943,
            70.41116918077714,
            32.21287777388937,
            97.91035608471313,
            0.0,
            51.74589473047611,
            104.17194060436314,
            120.61021063897749,
            84.7808896621014,
            63.382312888017694,
            64.04445394384229,
            73.74658493676367,
            64.88973105862702,
            58.34768538821788
        ],
        [
            28.258492864432757,
            60.86943768842439,
            48.67939232353733,
            19.545580480574284,
            48.87648003231766,
            51.74589473047611,
            0.0,
            56.80806179955808,
            70.78832214303644,
            33.44962856043582,
            40.674052807626424,
            15.729026865545475,
            24.73301156194287,
            17.50077435535847,
            28.258492864432757
        ],
        [
            76.32999756501242,
            88.48617552026575,
            51.88030647391836,
            73.7773114830725,
            52.80044014538107,
            104.17194060436314,
            56.80806179955808,
            0.0,
            19.358154330335267,
            28.302550350322786,
            51.789821755156694,
            41.4770264078783,
            51.751655168204735,
            40.12204073845225,
            76.32999756501242
        ],
        [
            85.4850533011568,
            89.52892340326943,
            71.22136823057687,
            89.19055331091612,
            51.99880693161807,
            120.61021063897749,
            70.78832214303644,
            19.358154330335267,
            0.0,
            38.11229867781204,
            71.0581482402264,
            56.660802672024616,
            59.490182660963995,
            55.725115350292754,
            85.4850533011568
        ],
        [
            48.39684042408075,
            62.14263098148281,
            53.77367201760062,
            52.668149064278296,
            30.66313540123256,
            84.7808896621014,
            33.44962856043582,
            28.302550350322786,
            38.11229867781204,
            0.0,
            49.272688700572694,
            21.79852671142187,
            23.45241210413183,
            21.803126907142165,
            48.39684042408075
        ],
        [
            68.85025929391371,
            99.91677902967562,
            8.398046944437946,
            43.275188066589486,
            78.03161720184481,
            63.382312888017694,
            40.674052807626424,
            51.789821755156694,
            71.0581482402264,
            49.272688700572694,
            0.0,
            33.00338766497972,
            59.00957329721423,
            31.437507547961115,
            68.85025929391371
        ],
        [
            40.93660666210395,
            67.51919236598253,
            39.73335458144461,
            32.583503290272304,
            46.04575801134406,
            64.04445394384229,
            15.729026865545475,
            41.4770264078783,
            56.660802672024616,
            21.79852671142187,
            33.00338766497972,
            0.0,
            26.056186680692573,
            2.0635920353450468,
            40.93660666210395
        ],
        [
            26.077894987424536,
            41.94358852423098,
            65.76490956813726,
            42.6623969344298,
            24.43656958727104,
            73.74658493676367,
            24.73301156194287,
            51.751655168204735,
            59.490182660963995,
            23.45241210413183,
            59.00957329721423,
            26.056186680692573,
            0.0,
            27.777401674033925,
            26.077894987424536
        ],
        [
            42.99639217576469,
            69.37900224835319,
            37.98925405910332,
            33.723312474341164,
            47.16808533698497,
            64.88973105862702,
            17.50077435535847,
            40.12204073845225,
            55.725115350292754,
            21.803126907142165,
            31.437507547961115,
            2.0635920353450468,
            27.777401674033925,
            0.0,
            42.99639217576469
        ],
        [
            0.0,
            37.80322809684485,
            76.92188074576246,
