{
    "vertices": [
        [
            38.837736724200546,
            28.95058764416304
        ],
        [
            74.71614799792825,
            5.300366547628421
        ],
        [
            90.53803949951873,
            37.406662983265484
        ],
        [
            69.55216712411755,
            90.40839920793226
        ],
        [
            1.3305053724314564,
            22.10670893114489
        ],
        [
            62.70305446697737,
            55.098706321748516
        ],
        [
            25.853332306155295,
            47.51103031623375
        ],
        [
            21.902733627947157,
            66.25911936739513
        ],
        [
            85.68422948030701,
            88.58142926806332
        ],
        [
            83.94911242367898,
            36.1523896343787
        ],
        [
            20.64369844039363,
            35.78546638940019
        ],
        [
            32.18638842038087,
            44.57089422267545
        ],
        [
            46.08418606859528,
            88.61192325541461
        ],
        [
            17.896417037806135,
            38.33082718462438
        ],
        [
            32.24647755983669,
            83.7889604845283
        ],
        [
            38.837736724200546,
            28.95058764416304
        ]
    ],
    "distances": [
        [
            0.0,
            42.97200662572929,
            52.38727438224048,
            68.70544983477738,
            38.126514127489195,
            35.4016595845561,
            22.65137501951209,
            40.97219629472561,
            75.8315973478247,
            45.68262437082362,
            19.43549836085317,
            16.97746776953038,
            60.099800291009906,
            22.94619280064134,
            55.23306829382848,
            0.0
        ],
        [
            42.97200662572929,
            0.0,
            35.79310717863291,
            85.26455255129432,
            75.28549453825161,
            51.22683925875268,
            64.57023225228808,
            80.65498300016398,
            84.00020368575967,
            32.203958772681204,
            62.07391653113986,
            57.8874320867718,
            88.0942945087674,
            65.72285109665283,
            89.24198723309374,
            42.97200662572929
        ],
        [
            52.38727438224048,
            35.79310717863291,
            0.0,
            57.00518294142894,
            90.51006982116654,
            32.981734175942954,
            65.46914986381539,
            74.4531359412234,
            51.40443731825377,
            6.7072469497150475,
            69.91314032773282,
            58.789806879366324,
            67.80946662816747,
            72.64750094353599,
            74.493111861859,
            52.38727438224048
        ],
        [
            68.70544983477738,
            85.26455255129432,
            57.00518294142894,
            0.0,
            96.53660459549869,
            35.96782945781984,
            61.235385377067836,
            53.41962400955793,
            16.235185709599072,
            56.13364952329485,
            73.31918642950609,
            59.137790636868274,
            23.53664081109125,
            73.35114194627295,
            37.88840776384504,
            68.70544983477738
        ],
        [
            38.126514127489195,
            75.28549453825161,
            90.51006982116654,
            96.53660459549869,
            0.0,
            69.67827261194157,
            35.30932717934816,
            48.70987500218141,
            107.39850657592544,
            83.80402960183741,
            23.66659739130569,
            38.16706878293053,
            80.16130904726568,
            23.187312099678206,
            68.99635854874722,
            38.126514127489195
        ],
        [
            35.4016595845561,
            51.22683925875268,
            32.981734175942954,
            35.96782945781984,
            69.67827261194157,
            0.0,
            37.62279695204021,
            42.29918438832175,
            40.61067767093972,
            28.466785816414745,
            46.281645023220385,
            32.28160055190704,
            37.40751924527617,
            47.841368379953465,
            41.84177052689666,
            35.4016595845561
        ],
        [
            22.65137501951209,
            64.57023225228808,
            65.46914986381539,
            61.235385377067836,
            35.30932717934816,
            37.62279695204021,
            0.0,
            19.159803573798378,
            72.57075117928957,
            59.19576324031267,
            12.830788534519273,
            6.982263243001816,
            45.810160929156744,
            12.148606098038508,
            36.83694508954733,
            22.65137501951209
        ],
        [
            40.97219629472561,
            80.65498300016398,
            74.4531359412234,
            53.41962400955793,
            48.70987500218141,
            42.29918438832175,
            19.159803573798378,
            0.0,
            67.57488240808168,
            68.96497877096995,
            30.499650742701263,
            24.002763712081073,
            32.930084782696596,
            28.214182193830336,
            20.35407497579869,
            40.97219629472561
        ],
        [
            75.8315973478247,
            84.00020368575967,
            51.40443731825377,
            16.235185709599072,
            107.39850657592544,
            40.61067767093972,
            72.57075117928957,
            67.57488240808168,
            0.0,
            52.45774326170231,
            83.77162033910476,
            69.27442668874592,
            39.60005515264743,
            84.38193245883738,
            53.65222350802329,
            75.8315973478247
        ],
        [
            45.68262437082362,
            32.203958772681204,
            6.7072469497150475,
            56.13364952329485,
            83.80402960183741,
            28.466785816414745,
            59.19576324031267,
            68.96497877096995,
            52.45774326170231,
            0.0,
            63.3064773325988,
            52.44283378827643,
            64.69741351563067,
            66.08860838222597,
            70.30224273965321,
            45.68262437082362
        ],
        [
            19.43549836085317,
            62.07391653113986,
            69.91314032773282,
            73.31918642950609,
            23.66659739130569,
            46.281645023220385,
            12.830788534519273,
            30.499650742701263,
            83.77162033910476,
            63.3064773325988,
            0.0,
            14.5057724436786,
            58.6332069375159,
            3.7451858008471954,
            49.38582720412389,
            19.43549836085317
        ],
        [
            16.97746776953038,
            57.8874320867718,
            58.789806879366324,
            59.137790636868274,
            38.16706878293053,
            32.28160055190704,
            6.982263243001816,
            24.002763712081073,
            69.27442668874592,
            52.44283378827643,
            14.5057724436786,
            0.0,
            46.18182562148542,
            15.593002236714273,
            39.21811229551675,
            16.97746776953038
        ],
        [
            60.099800291009906,
            88.0942945087674,
            67.80946662816747,
            23.53664081109125,
            80.16130904726568,
            37.40751924527617,
            45.810160929156744,
            32.930084782696596,
            39.60005515264743,
            64.69741351563067,
            58.6332069375159,
            46.18182562148542,
            0.0,
            57.643203805940146,
            14.654117055036963,
            60.099800291009906
        ],
        [
            22.94619280064134,
            65.72285109665283,
