{
    "vertices": [
        [
            0.13248469754032488,
            25.793891433492544
        ],
        [
            15.583490351449624,
            53.70384130294145
        ],
        [
            13.208783990049488,
            23.397627601321812
        ],
        [
            3.547123129471541,
            95.75984270112787
        ],
        [
            3.1374174324492965,
            87.190464618715
        ],
        [
            32.22011894545474,
            1.9417610313543388
        ],
        [
            65.88898301943541,
            65.45171590926829
        ],
        [
            76.0780318119247,
            10.667267399432056
        ],
        [
            55.715429138937125,
            15.626438677117637
        ],
        [
            44.620206565988404,
            16.26213640835562
        ],
        [
            65.66977971476679,
            26.23176855471566
        ],
        [
            0.13248469754032488,
            25.793891433492544
        ]
    ],
    "distances": [
        [
            0.0,
            31.901393032786014,
            13.294046921108906,
            70.04922620847387,
            61.47006441862335,
            39.98175079143653,
            76.78971359309026,
            77.43733518898358,
            56.5052281503979,
            45.49738180273252,
            65.53875780443407,
            0.0
        ],
        [
            31.901393032786014,
            0.0,
            30.399108855871287,
            43.744501248803445,
            35.72476273115865,
            54.36993990264378,
            51.65902777186918,
            74.24106841812936,
            55.32143437738882,
            47.381559218085165,
            57.1257486889209,
            31.901393032786014
        ],
        [
            13.294046921108906,
            30.399108855871287,
            0.0,
            73.00436880581478,
            64.58295811640434,
            28.666793804938518,
            67.40734168611216,
            64.1451821461146,
            43.21118210728707,
            32.21168581134963,
            52.53749544251716,
            13.294046921108906
        ],
        [
            70.04922620847387,
            43.744501248803445,
            73.00436880581478,
            0.0,
            8.579166595742883,
            98.10185083503617,
            69.31875679908954,
            111.81001335201212,
            95.61848457475418,
            89.48119069835266,
            93.23828374505571,
            70.04922620847387
        ],
        [
            61.47006441862335,
            35.72476273115865,
            64.58295811640434,
            8.579166595742883,
            0.0,
            90.07299812163603,
            66.41033186990026,
            105.71723103977234,
            88.80234863998356,
            82.16842177512072,
            87.32845446033069,
            61.47006441862335
        ],
        [
            39.98175079143653,
            54.36993990264378,
            28.666793804938518,
            98.10185083503617,
            90.07299812163603,
            0.0,
            71.88259021923773,
            44.717457244148356,
            27.190071779169887,
            18.942949187894072,
            41.338653474284854,
            39.98175079143653
        ],
        [
            76.78971359309026,
            51.65902777186918,
            67.40734168611216,
            69.31875679908954,
            66.41033186990026,
            71.88259021923773,
            0.0,
            55.723895357580886,
            50.853313066309376,
            53.59081622165602,
            39.2205599218402,
            76.78971359309026
        ],
        [
            77.43733518898358,
            74.24106841812936,
            64.1451821461146,
            111.81001335201212,
            105.71723103977234,
            44.717457244148356,
            55.723895357580886,
            0.0,
            20.957790135875072,
            31.95148397853972,
            18.723926082176696,
            77.43733518898358
        ],
        [
            56.5052281503979,
            55.32143437738882,
            43.21118210728707,
            95.61848457475418,
            88.80234863998356,
            27.190071779169887,
            50.853313066309376,
            20.957790135875072,
            0.0,
            11.113418715623558,
            14.545175048764236,
            56.5052281503979
        ],
        [
            45.49738180273252,
            47.381559218085165,
            32.21168581134963,
            89.48119069835266,
            82.16842177512072,
            18.942949187894072,
            53.59081622165602,
            31.95148397853972,
            11.113418715623558,
            0.0,
            23.291159157060164,
            45.49738180273252
        ],
        [
            65.53875780443407,
            57.1257486889209,
            52.53749544251716,
            93.23828374505571,
            87.32845446033069,
            41.338653474284854,
            39.2205599218402,
            18.723926082176696,
            14.545175048764236,
            23.291159157060164,
            0.0,
            65.53875780443407
        ],
        [
            0.0,
            31.901393032786014,
            13.294046921108906,
            70.04922620847387,
            61.47006441862335,
            39.98175079143653,
            76.78971359309026,
            77.43733518898358,
            56.5052281503979,
            45.49738180273252,
            65.53875780443407,
            0.0
        ]
    ],
    "scores_ave": [
        0,
        17.797940166725553,
        15.917494295870515,
        10.362286073178009,
        18.49143288632581,
        13.12889588020553,
        19.19815582016608,
        16.681317718973133,
        13.78326471752768,
        17.831750764489136,
        11.969504575424166,
        0
    ],
    "scores_var": [
        0,
        16.730948716247532,
        21.452676324849897,
        246.18794524731948,
        17.40535889192374,
        231.02135187399924,
        16.15571074385865,
        23.91940848198187,
        18.23672818277966,
        327.5142200919712,
        382.34641726745417,
        0
    ],
    "vertex_number": 12,
    "minimum_distances": {
        "cost": 296.4435639282341,
        "path": [
            0,
            2,
            5,
            9,
            8,
            7,
            10,
            6,
            3,
            4,
            1,
            11
        ]
    }
}