{
    "vertices": [
        [
            3.8715829655628364,
            55.174331234540254
        ],
        [
            94.77050195488003,
            66.0976932064813
        ],
        [
            61.605169253995115,
            85.55819873568966
        ],
        [
            52.12891254358256,
            91.9360594458189
        ],
        [
            52.48196275790171,
            65.86051569920006
        ],
        [
            26.901899417542076,
            51.39071281666611
        ],
        [
            58.69191749942198,
            42.915924065144694
        ],
        [
            17.96837626449862,
            0.7547189810120036
        ],
        [
            3.8565151493611394,
            58.35447617502183
        ],
        [
            97.38028688115611,
            96.50224021772425
        ],
        [
            83.22435424478726,
            30.653624093245813
        ],
        [
            41.117461437507586,
            98.23302006789294
        ],
        [
            57.45003660642769,
            36.969378854655986
        ],
        [
            98.92816790461781,
            79.46879079669796
        ],
        [
            55.22134690354653,
            61.532123492042366
        ],
        [
            60.990225505835646,
            26.967722341219723
        ],
        [
            22.308187224312338,
            55.381751750409656
        ],
        [
            43.6953292225699,
            95.06841614406815
        ],
        [
            3.8715829655628364,
            55.174331234540254
        ]
    ],
    "distances": [
        [
            0.0,
            91.55289897210518,
            65.24068048427498,
            60.66460680727715,
            49.7711117212401,
            23.339049770939305,
            56.17417222118113,
            56.215778738155734,
            3.1801806366235947,
            102.23440599375745,
            83.0549660670693,
            56.932470060540744,
            56.58684463459822,
            98.11205382466055,
            51.741857126278376,
            63.7036271408796,
            18.437771011273128,
            56.36904094191337,
            0.0
        ],
        [
            91.55289897210518,
            0.0,
            38.45322572441401,
            49.859064546377304,
            42.28920430304089,
            69.44380809372109,
            42.88424742060708,
            100.83784404275752,
            91.24313895778874,
            30.51634736203369,
            37.27727943730731,
            62.54061072014387,
            47.34211476902764,
            14.002586793757317,
            39.81180845040602,
            51.69392321047109,
            73.25038196079119,
            58.719469149182004,
            91.55289897210518
        ],
        [
            65.24068048427498,
            38.45322572441401,
            0.0,
            11.422633167507799,
            21.707869858103784,
            48.70045206533861,
            42.74167316406465,
            95.37190299511798,
            63.83533169064328,
            37.4116437115198,
            59.00763913540162,
            24.091435560734848,
            48.76616188250224,
            37.8164926628824,
            24.859715996275742,
            58.59370341550651,
            49.54665225115241,
            20.27822983166594,
            65.24068048427498
        ],
        [
            60.66460680727715,
            49.859064546377304,
            11.422633167507799,
            0.0,
            26.077933701420122,
            47.75277295131216,
            49.45752426870961,
            97.3703193372274,
            58.8043117905406,
            45.48117067843492,
            68.720181732409,
            12.684784922789616,
            55.2236392906436,
            48.431426676454,
            30.560799592812213,
            65.56986879315706,
            47.17513189868174,
            8.996498547631173,
            60.66460680727715
        ],
        [
            49.7711117212401,
            42.28920430304089,
            21.707869858103784,
            26.077933701420122,
            0.0,
            29.389025774193318,
            23.770103557731797,
            73.68821085457051,
            49.2013697418014,
            54.35784019390334,
            46.73991710397383,
            34.30934172149444,
            29.315176034514618,
            48.398709937972704,
            5.12242175112453,
            39.81255970387284,
            31.94152820147944,
            30.500924203727713,
            49.7711117212401
        ],
        [
            23.339049770939305,
            69.44380809372109,
            48.70045206533861,
            47.75277295131216,
            29.389025774193318,
            0.0,
            32.90026282614115,
            51.41800956523272,
            24.074545399224036,
            83.67946584394363,
            60.018711802987575,
            48.9518534088529,
            33.78111245881051,
            77.30563896136599,
            30.08054714261693,
            41.93443023656791,
            6.085275957989448,
            46.794882760542784,
            23.339049770939305
        ],
        [
            56.17417222118113,
            42.88424742060708,
            42.74167316406465,
            49.45752426870961,
            23.770103557731797,
            32.90026282614115,
            0.0,
            58.617181993497425,
            56.967273430825614,
            66.09298907011024,
            27.426345970000817,
            58.041731676866995,
            6.07483893554146,
            54.360536356481205,
            18.93694118285687,
            16.112956212916007,
            38.46001415250193,
            54.265828013470795,
            56.17417222118113
        ],
        [
            56.215778738155734,
            100.83784404275752,
            95.37190299511798,
            97.3703193372274,
            73.68821085457051,
            51.41800956523272,
            58.617181993497425,
            0.0,
            59.30326005323667,
            124.3938879960051,
            71.77943430450172,
            100.18931743021227,
            53.57520968805604,
            112.91763796775277,
            71.28588023256205,
            50.378577364854124,
            54.79914842728638,
            97.75965211206245,
            56.215778738155734
        ],
        [
            3.1801806366235947,
            91.24313895778874,
            63.83533169064328,
            58.8043117905406,
            49.2013697418014,
            24.074545399224036,
            56.967273430825614,
            59.30326005323667,
            0.0,
            101.00469187319266,
            84.06301855592557,
            54.57725150008731,
            57.70258165429491,
            97.38805593890469,
            51.463029289064785,
            65.18733907225554,
            18.68960387130288,
            54.176050934065266,
            3.1801806366235947
        ],
        [
            102.23440599375745,
            30.51634736203369,
            37.4116437115198,
            45.48117067843492,
            54.35784019390334,
            83.67946584394363,
            66.09298907011024,
            124.3938879960051,
            101.00469187319266,
            0.0,
            67.35303017915626,
            56.28944062426108,
            71.68393452564358,
            17.103635135299562,
            54.774859961879436,
            78.48111711244634,
            85.59623075041118,
            53.70410161503858,
            102.23440599375745
        ],
        [
            83.0549660670693,
            37.27727943730731,
            59.00763913540162,
            68.720181732409,
            46.73991710397383,
            60.018711802987575,
            27.426345970000817,
            71.77943430450172,
            84.06301855592557,
            67.35303017915626,
            0.0,
            79.62389831063217,
            26.536846231783628,
