{
    "vertices": [
        [
            11.865573948849029,
            74.30217392557158
        ],
        [
            4.08533290395704,
            20.021926188437444
        ],
        [
            99.22284929750201,
            75.56037903894067
        ],
        [
            78.17038560576354,
            16.140689928428454
        ],
        [
            80.90681930987004,
            82.90047227521617
        ],
        [
            69.57039807149093,
            16.516789382496842
        ],
        [
            71.8373214255209,
            73.95103859915744
        ],
        [
            73.88152938020653,
            38.041464652269255
        ],
        [
            10.90520318284196,
            5.98171987955145
        ],
        [
            89.15091286314268,
            63.03681743261698
        ],
        [
            15.096778492755758,
            55.4631234314397
        ],
        [
            11.969577634224638,
            7.298849589162004
        ],
        [
            79.93149953317588,
            41.64380336697977
        ],
        [
            79.60271388468081,
            32.95461827672821
        ],
        [
            36.25203242143272,
            38.042975571831725
        ],
        [
            83.19451844342971,
            78.50560018855586
        ],
        [
            78.18380032881538,
            5.329285318980825
        ],
        [
            34.1728673274896,
            0.02319874035022762
        ],
        [
            27.403987261692286,
            7.706648140855432
        ],
        [
            11.865573948849029,
            74.30217392557158
        ]
    ],
    "distances": [
        [
            0.0,
            54.835002007123855,
            87.36633583049984,
            88.19912850821623,
            69.57459518754102,
            81.66392957613571,
            59.972775418711066,
            71.8388318743218,
            68.32720360926935,
            78.10206058748122,
            19.114144143147353,
            67.00340505449456,
            75.49529384798377,
            79.35956454530641,
            43.697011592223326,
            71.45269144727382,
            95.6836794491184,
            77.55631175118806,
            68.38425507983206,
            0.0
        ],
        [
            54.835002007123855,
            0.0,
            110.16200238993302,
            74.18664993605962,
            99.27362354422766,
            65.57880560077714,
            86.59492545198127,
            72.0847612814299,
            15.608908476152328,
            95.32278721555093,
            37.11240218542132,
            14.967898754260156,
            78.86790579869101,
            76.61676941008619,
            36.870784894361904,
            98.3798930740974,
            75.541091933011,
            36.127673980345506,
            26.37092555153839,
            54.835002007123855
        ],
        [
            87.36633583049984,
            110.16200238993302,
            0.0,
            63.038921956850515,
            19.732053193346374,
            66.07127472078533,
            27.432774440041168,
            45.27528500081579,
            112.43307531884372,
            16.071200914840176,
            86.4933261702798,
            110.7825339066077,
            39.0191014894169,
            46.90629556620649,
            73.2999272915962,
            16.296678115117402,
            73.31471957668921,
            99.68633688605826,
            98.80322738103467,
            87.36633583049984
        ],
        [
            88.19912850821623,
            74.18664993605962,
            63.038921956850515,
            0.0,
            66.81584099902835,
            8.608207501506623,
            58.15620444408601,
            22.316769955079145,
            68.0280048130393,
            48.16449681808327,
            74.32720693558184,
            66.78866009038997,
            25.563847858351494,
            16.874825948742238,
            47.29543794164007,
            62.56695567569402,
            10.811412931896552,
            46.856751240827926,
            51.462221694204466,
            88.19912850821623
        ],
        [
            69.57459518754102,
            99.27362354422766,
            19.732053193346374,
            66.81584099902835,
            0.0,
            67.34469393274492,
            12.741591540949182,
            45.4057844719309,
            104.00346499276539,
            21.50650743893638,
            71.30055808985881,
            102.31299351798306,
            41.268195721047114,
            49.962876444399036,
            63.294905028334625,
            4.954641054990326,
            77.61896596947425,
            95.1457026694555,
            92.28577477122185,
            69.57459518754102
        ],
        [
            81.66392957613571,
            65.57880560077714,
            66.07127472078533,
            8.608207501506623,
            67.34469393274492,
            0.0,
            57.47896941120749,
            21.95216387124832,
            59.603630600451304,
            50.47285972966122,
            66.9641110286742,
            58.3337374859501,
            27.179390266813023,
            19.257455162393793,
            39.667243179339934,
            63.468333214749364,
            14.119169437954534,
            39.051552018367026,
            43.07696355685223,
            81.66392957613571
        ],
        [
            59.972775418711066,
            86.59492545198127,
            27.432774440041168,
            58.15620444408601,
            12.741591540949182,
            57.47896941120749,
            0.0,
            35.96771173162161,
            91.28280955769924,
            20.466574509210137,
            59.6765634026767,
            89.59163491355903,
            33.30575277014023,
            41.72538555002297,
            50.55394924117081,
            12.236419221946441,
            68.91460525690758,
            82.96949203588119,
            79.7661610716376,
            59.972775418711066
        ],
        [
            71.8388318743218,
            72.0847612814299,
            45.27528500081579,
            22.316769955079145,
            45.4057844719309,
            21.95216387124832,
            35.96771173162161,
            0.0,
            70.66714155962921,
            29.290300998163197,
            61.311998267202895,
            69.12451193256398,
            7.041234484614341,
            7.655583464543487,
            37.62949698910743,
            41.52201861652065,
            32.99388143350925,
            54.97423382791493,
            55.50101813624152,
            71.8388318743218
        ],
        [
            68.32720360926935,
            15.608908476152328,
            112.43307531884372,
            68.0280048130393,
            104.00346499276539,
            59.603630600451304,
            91.28280955769924,
            70.66714155962921,
            0.0,
            96.83839755057768,
            49.65862061156651,
            1.6934354563120966,
            77.69436135594674,
            73.8030163650083,
            40.87035440286827,
            102.39852692260492,
            67.28176056544604,
            24.018496391623458,
            16.588708617224256,
            68.32720360926935
        ],
        [
            78.10206058748122,
            95.32278721555093,
            16.071200914840176,
            48.16449681808327,
            21.50650743893638,
            50.47285972966122,
            20.466574509210137,
            29.290300998163197,
            96.83839755057768,
            0.0,
            74.44041683232832,
            95.20335901131139,
            23.29503451298841,
            31.5611598295572,
            58.506270458372796,
            16.57594264087626,
            58.74041896332496,
            83.62596266480125,
            82.9102554276975,
            78.10206058748122
        ],
        [
