{
    "vertices": [
        [
            37.67663690952836,
            53.97729751387143
        ],
        [
            48.340011661143436,
            65.84784850734687
        ],
        [
            63.015494953946394,
            56.43698216445414
        ],
        [
            96.55925828863752,
            18.496126718530892
        ],
        [
            98.3074152298221,
            91.66243829053607
        ],
        [
            62.91057268683547,
            93.21629967461476
        ],
        [
            60.794131174550046,
            15.266882608867938
        ],
        [
            58.86593543756946,
            72.64460348710764
        ],
        [
            29.292844664203244,
            44.76457632074107
        ],
        [
            34.559646631167574,
            49.7434545057392
        ],
        [
            42.85777271178717,
            98.21758979524745
        ],
        [
            46.89416835436605,
            61.28444988894489
        ],
        [
            18.114638199535506,
            20.609571884260347
        ],
        [
            95.87710943621794,
            59.11171517793282
        ],
        [
            68.17731321594785,
            37.40935063221447
        ],
        [
            37.67663690952836,
            53.97729751387143
        ]
    ],
    "distances": [
        [
            0.0,
            15.956739704027342,
            25.45796094693133,
            68.74646595632134,
            71.38810205546604,
            46.652446938869986,
            45.08785605028062,
            28.239240152823967,
            12.456412171854575,
            5.257476106736558,
            44.54264955459011,
            11.762540617107911,
            38.67915339330433,
            58.42651150872327,
            34.71005789425286,
            0.0
        ],
        [
            15.956739704027342,
            0.0,
            17.433709163603993,
            67.58166394584059,
            56.24175019564681,
            31.005376435362674,
            52.091642363025024,
            12.529602930741008,
            28.41300647069636,
            21.195517604399253,
            32.83070354018407,
            4.786968750491905,
            54.4065701245775,
            48.01198972244991,
            34.67371763122835,
            15.956739704027342
        ],
        [
            25.45796094693133,
            17.433709163603993,
            0.0,
            50.642793866671816,
            49.86333719326545,
            36.77946716845342,
            41.22998368247668,
            16.730386520295543,
            35.685602149111354,
            29.2324924747613,
            46.38914679092885,
            16.834343309743808,
            57.442930502068414,
            32.97028818610525,
            19.715352634345987,
            25.45796094693133
        ],
        [
            68.74646595632134,
            67.58166394584059,
            50.642793866671816,
            0.0,
            73.18719288060413,
            81.94716767110386,
            35.910615909597375,
            65.97608751594737,
            72.21358491584068,
            69.42872128678681,
            96.12159605548041,
            65.55502847162116,
            78.4730850125831,
            40.62131648482556,
            34.10637542921127,
            68.74646595632134
        ],
        [
            71.38810205546604,
            56.24175019564681,
            49.86333719326545,
            73.18719288060413,
            0.0,
            35.430932068094386,
            85.108914976766,
            43.78707993019364,
            83.44111940581053,
            76.29534194731463,
            55.8357669117886,
            59.71720132092427,
            107.1419213584362,
            32.641322911361755,
            62.05820306637953,
            71.38810205546604
        ],
        [
            46.652446938869986,
            31.005376435362674,
            36.77946716845342,
            81.94716767110386,
            35.430932068094386,
            0.0,
            77.97814402487832,
            20.965537782495467,
            58.97220644815641,
            51.90051324689358,
            20.667067757909813,
            35.723497007932046,
            85.31361360892582,
            47.433271328675005,
            56.0549205442489,
            46.652446938869986
        ],
        [
            45.08785605028062,
            52.091642363025024,
            41.22998368247668,
            35.910615909597375,
            85.108914976766,
            77.97814402487832,
            0.0,
            57.410110537964435,
            43.15605387574769,
            43.32299838442749,
            84.8677369653816,
            48.0710460129474,
            43.01259640265522,
            56.15322525659585,
            23.340956861734323,
            45.08785605028062
        ],
        [
            28.239240152823967,
            12.529602930741008,
            16.730386520295543,
            65.97608751594737,
            43.78707993019364,
            20.965537782495467,
            57.410110537964435,
            0.0,
            40.643125035940535,
            33.39548323062642,
            30.170165769704205,
            16.50382673407361,
            66.09321251453821,
            39.40769045182467,
            36.44481856011821,
            28.239240152823967
        ],
        [
            12.456412171854575,
            28.41300647069636,
            35.685602149111354,
            72.21358491584068,
            83.44111940581053,
            58.97220644815641,
            43.15605387574769,
            40.643125035940535,
            0.0,
            7.24765002882104,
            55.147365507718405,
            24.139445278533756,
            26.616095489255052,
            68.11244165802088,
            39.573997011684035,
            12.456412171854575
        ],
        [
            5.257476106736558,
            21.195517604399253,
            29.2324924747613,
            69.42872128678681,
            76.29534194731463,
            51.90051324689358,
            43.32299838442749,
            33.39548323062642,
            7.24765002882104,
            0.0,
            49.17927092297534,
            16.891861962946244,
            33.45476675929093,
            62.02898961671796,
            35.808904269306396,
            5.257476106736558
        ],
        [
            44.54264955459011,
            32.83070354018407,
            46.38914679092885,
            96.12159605548041,
            55.8357669117886,
            20.667067757909813,
            84.8677369653816,
            30.170165769704205,
            55.147365507718405,
            49.17927092297534,
            0.0,
            37.15305254110284,
            81.45690363353786,
            65.88110120727875,
            65.86896903284922,
            44.54264955459011
        ],
        [
            11.762540617107911,
            4.786968750491905,
            16.834343309743808,
            65.55502847162116,
            59.71720132092427,
            35.723497007932046,
            48.0710460129474,
            16.50382673407361,
            24.139445278533756,
            16.891861962946244,
            37.15305254110284,
            0.0,
            49.826770481627356,
            49.031105363356936,
            31.984255809973213,
            11.762540617107911
        ],
        [
            38.67915339330433,
            54.4065701245775,
            57.442930502068414,
            78.4730850125831,
            107.1419213584362,
            85.31361360892582,
            43.01259640265522,
            66.09321251453821,
            26.616095489255052,
            33.45476675929093,
            81.45690363353786,
            49.826770481627356,
            0.0,
            86.77221312748887,
            52.80628746445945,
            38.67915339330433
        ],
        [
            58.42651150872327,
            48.01198972244991,
