{
    "vertices": [
        [
            62.57304860516878,
            74.87213764773347
        ],
        [
            36.69106602398324,
            87.56651247806181
        ],
        [
            97.76531854044647,
            34.884305470619516
        ],
        [
            13.74306458169955,
            17.33383227517027
        ],
        [
            6.728589343421243,
            6.844074875531203
        ],
        [
            23.946494034277787,
            56.2162523771285
        ],
        [
            27.33440515257024,
            60.036750365784656
        ],
        [
            3.6811056546500076,
            0.8946151926236046
        ],
        [
            38.652089179703,
            23.180282893911595
        ],
        [
            75.45135207825521,
            24.995407715502182
        ],
        [
            73.42372405002752,
            42.23737019876812
        ],
        [
            81.33704236206968,
            6.830572116470501
        ],
        [
            31.89494211907483,
            38.603685127352435
        ],
        [
            52.18239222187757,
            73.2311142268948
        ],
        [
            15.50665080580057,
            31.699171078188737
        ],
        [
            27.584320799719585,
            11.334604367333101
        ],
        [
            37.33697155460871,
            5.728612187558168
        ],
        [
            55.21737331237938,
            97.69408585725536
        ],
        [
            19.533498615772814,
            48.135140831492485
        ],
        [
            53.92405808736308,
            82.7869186020711
        ],
        [
            73.43239007344197,
            53.3233346032122
        ],
        [
            62.57304860516878,
            74.87213764773347
        ]
    ],
    "distances": [
        [
            0.0,
            28.82748991267997,
            53.26840137851407,
            75.4653822946561,
            88.01375434996324,
            42.89583631598754,
            38.234156302771666,
            94.55651629096454,
            56.958407173348846,
            51.51251196629462,
            34.391353623515734,
            70.58145720835017,
            47.50312480032501,
            10.51944380389816,
            63.86823032011611,
            72.53433124253506,
            73.60493664125875,
            23.978058284420197,
            50.66823326346987,
            11.723855787761917,
            24.13040011637036,
            0.0
        ],
        [
            28.82748991267997,
            0.0,
            80.65655122567365,
            73.88667091347862,
            86.10378587105022,
            33.84173346028474,
            29.076363332115687,
            92.74521692595528,
            64.41608628192316,
            73.60368826503331,
            58.343974028469866,
            92.25809053547229,
            49.197167262827314,
            21.1065115637125,
            59.74896888839456,
            76.77393192211947,
            81.84044915512688,
            21.1137823303886,
            43.00250212833151,
            17.883526863455106,
            50.224696354243136,
            28.82748991267997
        ],
        [
            53.26840137851407,
            80.65655122567365,
            0.0,
            85.835646847288,
            95.25723381832076,
            76.83925305658981,
            74.78742571351712,
            100.0356844307768,
            60.26075032665916,
            24.407035831640044,
            25.427952792789622,
            32.51000174252095,
            65.9753004913514,
            59.567448439180545,
            82.32031036491979,
            74.02675776999857,
            67.09425884721253,
            75.86432729121127,
            79.3460918160909,
            64.93624922134485,
            30.53013598287699,
            53.26840137851407
        ],
        [
            75.4653822946561,
            73.88667091347862,
            85.835646847288,
            0.0,
            12.618948972545299,
            40.19891249249047,
            44.81365586478208,
            19.27409857131394,
            25.58594323571679,
            62.18209134457818,
            64.66813214935623,
            68.40514824291004,
            27.962426548591075,
            67.83869131269812,
            14.473188843352627,
            15.085460191291833,
            26.29360339565893,
            90.4316794075216,
            31.340863662074185,
            76.80246577303951,
            69.6997837548963,
            75.4653822946561
        ],
        [
            88.01375434996324,
            86.10378587105022,
            95.25723381832076,
            12.618948972545299,
            0.0,
            52.288317559399914,
            57.04437194826484,
            6.6845513949606,
            35.86058468872025,
            71.07945555345576,
            75.50447898880053,
            74.60845424052405,
            40.52182319906442,
            80.45674110945001,
            26.35963145191279,
            21.33369142211387,
            30.628700896290024,
            102.98003042419288,
            43.23098228415241,
            89.41324165488045,
            81.30017599405024,
            88.01375434996324
        ],
        [
            42.89583631598754,
            33.84173346028474,
            76.83925305658981,
            40.19891249249047,
            52.288317559399914,
            0.0,
            5.10628501229371,
            58.916631836444516,
            36.16116436561732,
            60.228660482495094,
            51.41405874843852,
            75.71407037118372,
            19.3230523490622,
            32.96621710519928,
            25.929100044932035,
            45.028836445665966,
            52.23319538506145,
            51.94495703175368,
            9.20754540454499,
            40.05814087291292,
            49.57038309359335,
            42.89583631598754
        ],
        [
            38.234156302771666,
            29.076363332115687,
            74.78742571351712,
            44.81365586478208,
            57.04437194826484,
            5.10628501229371,
            0.0,
            63.69670894150472,
            38.55501480019497,
            59.52424948022184,
            49.406915009556045,
            75.81017233510688,
            21.912890793725655,
            28.133853257167488,
            30.706907574165037,
            48.70278721680291,
            55.22160090954019,
            46.85653454661483,
            14.23033563562726,
            34.99399659901787,
            46.58426950126054,
            38.234156302771666
        ],
        [
            94.55651629096454,
            92.74521692595528,
            100.0356844307768,
            19.27409857131394,
            6.6845513949606,
            58.916631836444516,
            63.69670894150472,
            0.0,
            41.46830926866633,
            75.7087608664668,
            81.07562033152344,
            77.8824761452057,
            47.095589213678785,
            87.0915833546012,
            32.996426797894436,
            26.083655193234232,
            34.00124757156771,
            109.66368772315668,
            49.829365089578296,
            96.07655086888201,
            87.25830789733112,
            94.55651629096454
        ],
        [
            56.958407173348846,
            64.41608628192316,
            60.26075032665916,
            25.58594323571679,
            35.86058468872025,
            36.16116436561732,
            38.55501480019497,
            41.46830926866633,
            0.0,
            36.84400124843549,
            39.651471197171134,
            45.709061144228386,
            16.838657097686376,
            51.84741861979063,
            24.66338933351075,
            16.21158834500813,
            17.501152670919364,
            76.3329252056825,
            31.436689390520183,
            61.53197587240127,
