{
    "vertices": [
        [
            19.903612802786608,
            57.62680693889004
        ],
        [
            29.7948727334999,
            59.232415519988834
        ],
        [
            3.277067149359536,
            19.043618387636442
        ],
        [
            13.848749565446628,
            10.173531127979551
        ],
        [
            23.518280440634353,
            16.9404223902347
        ],
        [
            49.79848894498596,
            27.367516441560824
        ],
        [
            67.75681511327302,
            18.133498937965943
        ],
        [
            49.61225388342545,
            55.36214803315396
        ],
        [
            87.20708495956961,
            39.90689683170244
        ],
        [
            3.569760133390165,
            48.19334806268548
        ],
        [
            90.98036828996709,
            66.50666305964015
        ],
        [
            35.5348168837167,
            71.50609098028355
        ],
        [
            73.76802058285863,
            35.04622581147259
        ],
        [
            40.924651154870695,
            44.75610836173799
        ],
        [
            33.52804365044274,
            14.611264666707157
        ],
        [
            32.072887878442515,
            72.35681735359472
        ],
        [
            63.25725411451422,
            84.56040104392432
        ],
        [
            3.8873529051212885,
            62.821359847741206
        ],
        [
            19.903612802786608,
            57.62680693889004
        ]
    ],
    "distances": [
        [
            0.0,
            10.020728612862062,
            42.013146265747366,
            47.83800533058662,
            40.84663645605552,
            42.536199653462205,
            62.04555059167577,
            29.794832350888495,
            69.59707306033548,
            18.862260983100406,
            71.62930276995347,
            20.903805072793947,
            58.40596775629836,
            24.648304916640697,
            45.12163552989316,
            19.106660165614723,
            51.03877649788122,
            16.837575865676637,
            0.0
        ],
        [
            10.020728612862062,
            0.0,
            48.14907504764387,
            51.58539504432681,
            42.755213643461424,
            37.62334986168603,
            55.9484585441037,
            20.19176976050083,
            60.57753531848729,
            28.45377903223627,
            61.616390220123975,
            13.549541252464921,
            50.18575001330456,
            18.260214583866087,
            44.777043990938346,
            13.32063348683333,
            41.967104002887055,
            26.15492506289278,
            10.020728612862062
        ],
        [
            42.013146265747366,
            48.14907504764387,
            0.0,
            13.799960764456271,
            20.350187932949588,
            47.2602366128092,
            64.48617072599731,
            58.87261778868927,
            86.48424294087802,
            29.1511991058916,
            99.72266362515951,
            61.586308936797536,
            72.28456239284536,
            45.590270037808416,
            30.57396504833032,
            60.59287479106219,
            88.82607521446715,
            43.78199511273397,
            42.013146265747366
        ],
        [
            47.83800533058662,
            51.58539504432681,
            13.799960764456271,
            0.0,
            11.80214576682536,
            39.8499296413488,
            54.49257397705459,
            57.62845945281467,
            79.15502768534644,
            39.38482072439686,
            95.51287012908091,
            65.05358109872962,
            64.87657497183658,
            43.92105525837288,
            20.17345024145624,
            64.79876775887011,
            89.30065362396248,
            53.581930651383786,
            47.83800533058662
        ],
        [
            40.84663645605552,
            42.755213643461424,
            20.350187932949588,
            11.80214576682536,
            0.0,
            28.273196660218584,
            44.254619890255526,
            46.44485387438361,
            67.70319615292722,
            37.076796322447635,
            83.71347269758023,
            55.87315398979164,
            53.412138151262724,
            32.81301765316182,
            10.277175449387906,
            56.0727932169436,
            78.43243934609427,
            49.904245689962984,
            40.84663645605552
        ],
        [
            42.536199653462205,
            37.62334986168603,
            47.2602366128092,
            39.8499296413488,
            28.273196660218584,
            0.0,
            20.193280021415056,
            27.995251051690513,
            39.45426613626202,
            50.70316193540106,
            56.813906610759425,
            46.3860550487085,
            25.16944624989889,
            19.5219908332047,
            20.67484823224057,
            48.35529060737595,
            58.75512240671254,
            58.00696014049453,
            42.536199653462205
        ],
        [
            62.04555059167577,
            55.9484585441037,
            64.48617072599731,
            54.49257397705459,
            44.254619890255526,
            20.193280021415056,
            0.0,
            41.41494193737728,
            29.195784848719573,
            70.8771652677462,
            53.65907592656778,
            62.34493364517437,
            17.94923178009047,
            37.79852318836413,
            34.409518016332264,
            64.91156232061701,
            66.57912114601791,
            77.9507095249937,
            62.04555059167577
        ],
        [
            29.794832350888495,
            20.19176976050083,
            58.87261778868927,
            57.62845945281467,
            46.44485387438361,
            27.995251051690513,
            41.41494193737728,
            0.0,
            40.64770735655067,
            46.59724158937552,
            42.84298197754556,
            21.419643469510508,
            31.563234317079285,
            13.709942329595755,
            43.81023069974108,
            24.42228787742626,
            32.22924153912674,
            46.32932559805505,
            29.794832350888495
        ],
        [
            69.59707306033548,
            60.57753531848729,
            86.48424294087802,
            79.15502768534644,
            67.70319615292722,
            39.45426613626202,
            29.195784848719573,
            40.64770735655067,
            0.0,
            84.04681658506355,
            26.866060940755546,
            60.568410569722985,
            14.291066233430051,
            46.53577689637691,
            59.340614106138915,
            63.97481558908701,
            50.67079865107401,
            86.41325341021754,
            69.59707306033548
        ],
        [
            18.862260983100406,
            28.45377903223627,
            29.1511991058916,
            39.38482072439686,
            37.076796322447635,
            50.70316193540106,
            70.8771652677462,
            46.59724158937552,
            84.04681658506355,
            0.0,
            89.30840903565755,
            39.563225796105336,
            71.41878319895785,
            37.51269785004081,
            45.002834094116196,
            37.367118425475184,
            69.89391590322403,
            14.631459050702531,
            18.862260983100406
        ],
        [
            71.62930276995347,
            61.616390220123975,
            99.72266362515951,
            95.51287012908091,
            83.71347269758023,
            56.813906610759425,
            53.65907592656778,
            42.84298197754556,
            26.866060940755546,
            89.30840903565755,
            0.0,
            55.67048994105282,
            35.86117713400232,
