{
    "vertices": [
        [
            80.36499919658908,
            79.3034483198756
        ],
        [
            79.97175672835833,
            26.090093252906943
        ],
        [
            58.282825956293514,
            56.83986691291045
        ],
        [
            0.9366789406830556,
            4.9455091217186276
        ],
        [
            78.02372989425648,
            1.860651543886238
        ],
        [
            16.767431894290564,
            61.051193039883614
        ],
        [
            74.41147799410969,
            51.445349721874564
        ],
        [
            94.96404737294782,
            45.09037236918954
        ],
        [
            56.57232540016138,
            87.97520154968097
        ],
        [
            49.10662287012162,
            12.262948357149494
        ],
        [
            79.68561177071113,
            38.63938921118187
        ],
        [
            42.031609053812815,
            55.35368396939096
        ],
        [
            24.983857349726325,
            35.11666420391624
        ],
        [
            27.86459898088367,
            12.594239619241964
        ],
        [
            6.646855455688961,
            38.32044371610762
        ],
        [
            16.125146289072532,
            94.50532639463468
        ],
        [
            99.603630776782,
            61.65826932387037
        ],
        [
            44.129110955801885,
            47.63552932581321
        ],
        [
            50.357874490043365,
            12.7279410194034
        ],
        [
            76.60526005110118,
            91.50320743960538
        ],
        [
            80.36499919658908,
            79.3034483198756
        ]
    ],
    "distances": [
        [
            0.0,
            53.21480806243784,
            31.499759755302513,
            108.80239510448095,
            77.47817960195782,
            66.16491056123618,
            28.487156267418463,
            37.19767161615168,
            25.323716758443208,
            73.96968788510156,
            40.66973408408,
            45.20000013586329,
            70.84873155373165,
            84.89057985591766,
            84.34436189192778,
            66.01405758305728,
            26.105119936124797,
            48.123764295962104,
            73.02551407192841,
            12.76596103008089,
            0.0
        ],
        [
            53.21480806243784,
            0.0,
            37.629221333650605,
            81.81465002665955,
            24.307625430658852,
            72.22925429523202,
            25.9577682054845,
            24.202879689584254,
            66.16116697418853,
            33.82079869037899,
            12.552557826401852,
            47.91463813061944,
            55.72385540509705,
            53.82651719943913,
            74.33789490629542,
            93.57902430792319,
            40.62641539279864,
            41.81986455679465,
            32.488907853852375,
            65.4996855525279,
            53.21480806243784
        ],
        [
            31.499759755302513,
            37.629221333650605,
            0.0,
            77.34083622573678,
            58.41590032586531,
            41.728446075442555,
            17.00688778940267,
            38.517043326955225,
            31.182284635610177,
            45.51158501970257,
            28.095135329607427,
            16.31903154458262,
            39.75825506982419,
            53.69305417777772,
            54.856562825988135,
            56.53279395973126,
            41.60079221369286,
            16.88334915626615,
            44.818153261559964,
            39.207891649873005,
            31.499759755302513
        ],
        [
            108.80239510448095,
            81.81465002665955,
            77.34083622573678,
            0.0,
            77.14875093606076,
            58.29631641024319,
            86.95275310064272,
            102.23872094003818,
            99.94626046854425,
            48.72256576915339,
            85.65437512089737,
            65.03673863653162,
            38.58193085409769,
            27.993141229865245,
            33.85989331070415,
            90.83859537856806,
            113.80467720781003,
            60.729103471125484,
            50.03019903788323,
            114.96942769864614,
            108.80239510448095
        ],
        [
            77.47817960195782,
            24.307625430658852,
            58.41590032586531,
            77.14875093606076,
            0.0,
            85.18130221621419,
            49.716100583134164,
            46.430411573800605,
            88.74614626827356,
            30.731203322299248,
            36.816265369684615,
            64.47431489104167,
            62.603438065205964,
            51.29472026394423,
            80.14970149576733,
            111.42024246306794,
            63.5723777615774,
            56.95774424021194,
            29.72368644350014,
            89.65377785800814,
            77.47817960195782
        ],
        [
            66.16491056123618,
            72.22925429523202,
            41.728446075442555,
            58.29631641024319,
            85.18130221621419,
            0.0,
            58.43892775032933,
            79.80888715424514,
            48.05550729364282,
            58.53303419602991,
            66.79061543224336,
            25.898653578054436,
            27.204952365485887,
            49.7114016313964,
            24.881982080813433,
            33.460298404469405,
            82.8384233729388,
            30.47361996800138,
            58.85112165127704,
            67.14082855852212,
            66.16491056123618
        ],
        [
            28.487156267418463,
            25.9577682054845,
            17.00688778940267,
            86.95275310064272,
            49.716100583134164,
            58.43892775032933,
            0.0,
            21.512643845541028,
            40.65298807998822,
            46.643287507983764,
            13.849516659252368,
            32.614889072034444,
            52.05492919320374,
            60.630196289297814,
            69.02396124125922,
            72.46694456570019,
            27.183603304608724,
            30.521082629766525,
            45.58084661527275,
            40.117884349097274,
            28.487156267418463
        ],
        [
            37.19767161615168,
            24.202879689584254,
            38.517043326955225,
            102.23872094003818,
            46.430411573800605,
            79.80888715424514,
            21.512643845541028,
            0.0,
            57.558951431342656,
            56.39630439398195,
            16.584504157694678,
            53.91825842339365,
            70.68735283098546,
            74.55423943828745,
            88.57628532580124,
            93.0452040969868,
            17.20525918613422,
            50.898610830445264,
            55.10932427574467,
            49.91188567067386,
            37.19767161615168
        ],
        [
            25.323716758443208,
            66.16116697418853,
            31.182284635610177,
            99.94626046854425,
            88.74614626827356,
            48.05550729364282,
            40.65298807998822,
            57.558951431342656,
            0.0,
            76.07944530395207,
            54.48161511874112,
            35.71548461250581,
            61.57805034350277,
            80.66240126429656,
            70.41411452746696,
            40.9709266252935,
            50.440798607812376,
            42.21519561529243,
            75.50344109658668,
            20.34122160265125,
            25.323716758443208
        ],
        [
            73.96968788510156,
            33.82079869037899,
            45.51158501970257,
            48.72256576915339,
            30.731203322299248,
            58.53303419602991,
            46.643287507983764,
            56.39630439398195,
