{
    "vertices": [
        [
            39.82585808949782,
            68.08997500132473
        ],
        [
            14.654222456272715,
            1.6942734709360696
        ],
        [
            31.43699834128083,
            54.81434878772544
        ],
        [
            27.019579683295657,
            46.77428201763758
        ],
        [
            52.90883617829339,
            43.26324068857391
        ],
        [
            38.203493452300464,
            28.421298438728194
        ],
        [
            96.57510446005195,
            76.61190049848932
        ],
        [
            71.46364822627625,
            29.414111241277695
        ],
        [
            50.705379666112314,
            90.0265397098878
        ],
        [
            59.90761081901921,
            88.61398681787323
        ],
        [
            52.506984574440615,
            36.60687795462165
        ],
        [
            37.091814305097614,
            45.46706647477926
        ],
        [
            58.76491351335764,
            20.770934049787193
        ],
        [
            12.290752031459673,
            16.414428404012238
        ],
        [
            85.58265671754025,
            62.72236975991674
        ],
        [
            96.6059262879738,
            54.49313535979565
        ],
        [
            74.25958655462833,
            91.1538429199333
        ],
        [
            38.74960779725707,
            22.53222596100083
        ],
        [
            43.85299289365944,
            79.6104579043299
        ],
        [
            55.2326195566336,
            36.46786495992641
        ],
        [
            38.96731203503288,
            90.39733752302908
        ],
        [
            39.82585808949782,
            68.08997500132473
        ]
    ],
    "distances": [
        [
            0.0,
            71.00704487700008,
            15.70398736749555,
            24.8668360269651,
            28.062983667240804,
            39.701838335824256,
            57.38553979710459,
            49.9677115978364,
            24.48625861476177,
            28.714314439586783,
            33.94107200103205,
            22.78751819780867,
            50.96841626852183,
            58.553771712490246,
            46.07055248979347,
            58.385359405085794,
            41.444223474175026,
            45.570459865056016,
            12.204070675365838,
            35.17564700720549,
            22.323877888986427,
            0.0
        ],
        [
            71.00704487700008,
            0.0,
            55.70820377707206,
            46.74515194030896,
            56.49242875432125,
            35.62165111380068,
            111.01207928742123,
            63.211551652618056,
            95.4058446588972,
            97.99441681352711,
            51.494869179451946,
            49.18844310741861,
            48.059047476768455,
            14.908687189109997,
            93.5696068358313,
            97.48744317950758,
            107.4979720520229,
            31.85604901284401,
            83.20757172105104,
            53.43976961288061,
            91.9747785922561,
            71.00704487700008
        ],
        [
            15.70398736749555,
            55.70820377707206,
            0.0,
            9.173672180069799,
            24.38171278678445,
            27.246624796700168,
            68.68847158966133,
            47.40574615415285,
            40.139368560279166,
            44.192661221367565,
            27.84701624957094,
            10.924679868195392,
            43.655114645038985,
            42.90842147215222,
            54.72009792293147,
            65.16971956198326,
            56.16344803406124,
            33.09999563829832,
            27.73092043274529,
            30.04704740682915,
            36.37106970743444,
            15.70398736749555
        ],
        [
            24.8668360269651,
            46.74515194030896,
            9.173672180069799,
            0.0,
            26.12625141650014,
            21.49213654898584,
            75.68523306153469,
            47.71426157908699,
            49.31302988362017,
            53.21826274649693,
            27.44055235351127,
            10.15670826361161,
            41.03584196186532,
            33.744022810540066,
            60.6957617495184,
            70.01314398528426,
            64.81638431048226,
            26.930852964721407,
            36.899569742378354,
            30.03660852130341,
            45.22962834221851,
            24.8668360269651
        ],
        [
            28.062983667240804,
            56.49242875432125,
            24.38171278678445,
            26.12625141650014,
            0.0,
            20.893308843662567,
            54.944299947965305,
            23.153389310939705,
            46.81518296405441,
            45.88761293590923,
            6.668481803039386,
            15.969816186578269,
            23.242149205429822,
            48.68970610766607,
            38.02941299633863,
            45.117028031334954,
            52.43438112264558,
            25.104954092393722,
            37.45835683696228,
            7.181719883352579,
            49.15271284310676,
            28.062983667240804
        ],
        [
            39.701838335824256,
            35.62165111380068,
            27.246624796700168,
            21.49213654898584,
            20.893308843662567,
            0.0,
            75.6939832385805,
            33.27496916376828,
            62.86098083056679,
            63.98615822955121,
            16.48009618576775,
            17.0819799339885,
            21.938552144816235,
            28.5593259019522,
            58.49229526609047,
            63.95768008272401,
            72.35616066991194,
            5.9143398216278795,
            51.49996981293015,
            18.83449942677926,
            61.98074571515027,
            39.701838335824256
        ],
        [
            57.38553979710459,
            111.01207928742123,
            68.68847158966133,
            75.68523306153469,
            54.944299947965305,
            75.6939832385805,
            0.0,
            53.46229086888247,
            47.79104725619381,
            38.58179837608815,
            59.518073044983346,
            67.14359607604388,
            67.43755684594869,
            103.5740687183452,
            17.713073463112018,
            22.11878661332413,
            26.635510672331293,
            79.17322314002116,
            52.807313835635114,
            57.62590257263461,
            59.23424703701091,
            57.38553979710459
        ],
        [
            49.9677115978364,
            63.211551652618056,
            47.40574615415285,
            47.71426157908699,
            23.153389310939705,
            33.27496916376828,
            53.46229086888247,
            0.0,
            64.06849614653264,
            60.31722199208379,
            20.275378906481997,
            37.935739597823726,
            15.361066866353575,
            60.58401932813662,
            36.177154204288584,
            35.51185149874508,
            61.80300752300278,
            33.430058124424384,
            57.288930049477045,
            17.697506411868087,
            69.10112700662418,
            49.9677115978364
        ],
        [
            24.48625861476177,
            95.4058446588972,
            40.139368560279166,
            49.31302988362017,
            46.81518296405441,
            62.86098083056679,
            47.79104725619381,
            64.06849614653264,
            0.0,
            9.310014171002583,
            53.45003313649821,
            46.59265840053531,
            69.72298760941223,
            83.03268360842993,
            44.29381617312922,
            58.047248038927975,
            23.58116779708745,
            68.54504263193147,
            12.467957517547184,
