{
    "vertices": [
        [
            96.67343916216741,
            59.39883703315303
        ],
        [
            69.32098560317766,
            43.05326738137906
        ],
        [
            44.21177761468612,
            12.463540553850672
        ],
        [
            16.814650551457177,
            99.29076974344045
        ],
        [
            44.2857347301415,
            3.9022707757613295
        ],
        [
            8.54758827889438,
            62.72327752156567
        ],
        [
            98.03076812533723,
            27.09812287714285
        ],
        [
            14.93180262856052,
            56.98597209980745
        ],
        [
            48.83041424749681,
            51.39595629448323
        ],
        [
            2.4901757561899385,
            42.48231267184621
        ],
        [
            68.47879200076733,
            82.3102651793897
        ],
        [
            22.729590394210717,
            34.59193015068628
        ],
        [
            99.25808891204917,
            19.634757470586127
        ],
        [
            25.303662198323916,
            76.80107096443035
        ],
        [
            58.4995804783599,
            8.634869886157915
        ],
        [
            98.47031759029043,
            92.86255216665977
        ],
        [
            96.67343916216741,
            59.39883703315303
        ]
    ],
    "distances": [
        [
            0.0,
            31.864311744296085,
            70.39281204727149,
            89.26809292088748,
            76.31736658204589,
            88.18853382646675,
            32.32922017158063,
            81.77724047911414,
            48.50774302215228,
            95.69041698240437,
            36.33003809874155,
            77.994072849761,
            39.847991640579764,
            73.460756936392,
            63.51554020326447,
            33.5119232904043,
            0.0
        ],
        [
            31.864311744296085,
            0.0,
            39.57529170065759,
            76.93875416515654,
            46.47111276361853,
            63.87734435032695,
            32.845368754525474,
            56.145378130504206,
            22.12383268746805,
            66.8332487171211,
            39.2660306903684,
            47.353482820692875,
            38.00864060931346,
            55.46565609823519,
            36.07948024867427,
            57.7117700830265,
            31.864311744296085
        ],
        [
            70.39281204727149,
            39.57529170065759,
            0.0,
            91.04707738340787,
            8.561589213934084,
            61.6277174739021,
            55.77324393795622,
            53.28755807834084,
            39.205417989703854,
            51.39862586792587,
            73.94222696220443,
            30.840719737465584,
            55.51146493755206,
            67.05844203327973,
            14.791890675395612,
            96.99479485313046,
            70.39281204727149
        ],
        [
            89.26809292088748,
            76.93875416515654,
            91.04707738340787,
            0.0,
            99.26543306337449,
            37.49034283672668,
            108.66386711016803,
            42.346676610679765,
            57.61008835569568,
            58.58661428189388,
            54.383095231368316,
            64.96865673532375,
            114.63856602352392,
            24.03850806333969,
            99.78038665962579,
            81.9083020259316,
            89.26809292088748
        ],
        [
            76.31736658204589,
            46.47111276361853,
            8.561589213934084,
            99.26543306337449,
            0.0,
            68.82678218804615,
            58.53696412831699,
            60.65915162681359,
            47.710630640002265,
            56.87959548598009,
            82.05557632787183,
            37.503633839674784,
            57.179287000660835,
            75.32963657519313,
            14.981018166128528,
            104.16285655105749,
            76.31736658204589
        ],
        [
            88.18853382646675,
            63.87734435032695,
            61.6277174739021,
            37.49034283672668,
            68.82678218804615,
            0.0,
            96.31402347981252,
            8.583406454608761,
            41.84512246604403,
            21.127917656924815,
            63.050767362978135,
            31.5039979827945,
            100.42417779250793,
            21.884932748659534,
            73.62579279864835,
            94.83919613188958,
            88.18853382646675
        ],
        [
            32.32922017158063,
            32.845368754525474,
            55.77324393795622,
            108.66386711016803,
            58.53696412831699,
            96.31402347981252,
            0.0,
            88.3103708393936,
            54.87312211348603,
            96.77126684035412,
            62.62347762996483,
            75.6731426276702,
            7.563606250016113,
            88.08867682674438,
            43.630339304085716,
            65.76589818065295,
            32.32922017158063
        ],
        [
            81.77724047911414,
            56.145378130504206,
            53.28755807834084,
            42.346676610679765,
            60.65915162681359,
            8.583406454608761,
            88.3103708393936,
            0.0,
            34.35642802148176,
            19.108904103416886,
            59.23343558166963,
            23.712836373093843,
            92.22817244553339,
            22.365455818061754,
            65.08440943916027,
            90.91651378767467,
            81.77724047911414
        ],
        [
            48.50774302215228,
            22.12383268746805,
            39.205417989703854,
            57.61008835569568,
            47.710630640002265,
            41.84512246604403,
            54.87312211348603,
            34.35642802148176,
            0.0,
            47.18973136247521,
            36.629950070490445,
            31.042362997389223,
            59.5963431999402,
            34.62553845612258,
            43.840657915003135,
            64.68074347986656,
            48.50774302215228
        ],
        [
            95.69041698240437,
            66.8332487171211,
            51.39862586792587,
            58.58661428189388,
            56.87959548598009,
            21.127917656924815,
            96.77126684035412,
            19.108904103416886,
            47.18973136247521,
            0.0,
            77.07634705159062,
            21.723076237493526,
            99.42856629366905,
            41.209614586771416,
            65.44236243032702,
            108.3990597655202,
            95.69041698240437
        ],
        [
            36.33003809874155,
            39.2660306903684,
            73.94222696220443,
            54.383095231368316,
            82.05557632787183,
            63.050767362978135,
            62.62347762996483,
            59.23343558166963,
            36.629950070490445,
            77.07634705159062,
            0.0,
            66.10619445671446,
            69.82538496069421,
            43.525200221894195,
            74.34815757113897,
            31.79374730743025,
            36.33003809874155
        ],
        [
            77.994072849761,
            47.353482820692875,
            30.840719737465584,
            64.96865673532375,
            37.503633839674784,
            31.5039979827945,
            75.6731426276702,
            23.712836373093843,
            31.042362997389223,
            21.723076237493526,
            66.10619445671446,
            0.0,
            77.97645862680055,
            42.287556253432356,
            44.19571436459069,
            95.56214285123279,
            77.994072849761
        ],
        [
            39.847991640579764,
            38.00864060931346,
            55.51146493755206,
            114.63856602352392,
