{
    "vertices": [
        [
            99.64282940864472,
            83.32841639506157
        ],
        [
            95.33806000786868,
            74.05549504742679
        ],
        [
            9.186128713306996,
            66.13028842026505
        ],
        [
            79.0142723256064,
            45.05963245182759
        ],
        [
            54.005293631165564,
            94.06605329462765
        ],
        [
            95.8071156416386,
            20.070627588232025
        ],
        [
            50.062615000445554,
            36.86313063173026
        ],
        [
            92.74877394118046,
            52.02375686533222
        ],
        [
            57.28062154695075,
            99.13410034474198
        ],
        [
            43.041112903612735,
            65.41175001657228
        ],
        [
            55.37501894301198,
            48.61434104173167
        ],
        [
            88.48720745825217,
            50.12286113310323
        ],
        [
            48.89307163648747,
            49.7604942495666
        ],
        [
            73.53100629322189,
            74.65486776623732
        ],
        [
            99.64282940864472,
            83.32841639506157
        ]
    ],
    "distances": [
        [
            0.0,
            10.223409896569661,
            92.07708893380257,
            43.47455798305594,
            46.88370205122045,
            63.37397371817431,
            67.9501320221752,
            32.054792294768475,
            45.214779663673596,
            59.36969972497838,
            56.25572034076045,
            35.02937055322361,
            60.84688415275384,
            27.51468248458827,
            0.0
        ],
        [
            10.223409896569661,
            0.0,
            86.51568739752395,
            33.2750070166551,
            45.921890397889086,
            53.98690515091967,
            58.59298500204751,
            22.183369664221654,
            45.577462257842754,
            53.00646191346642,
            47.3740115283994,
            24.893877695803383,
            52.415493974451515,
            21.81528911954972,
            10.223409896569661
        ],
        [
            92.07708893380257,
            86.51568739752395,
            0.0,
            72.93793377440959,
            52.812541153118886,
            98.10549287578199,
            50.2737869689724,
            84.7449698211626,
            58.32951090547268,
            33.862608463664365,
            49.39860315048682,
            80.90054893797549,
            42.94894035358434,
            64.90710071941291,
            92.07708893380257
        ],
        [
            43.47455798305594,
            33.2750070166551,
            72.93793377440959,
            0.0,
            55.018890384672645,
            30.10730726434382,
            30.089551408427454,
            15.399206585891939,
            58.2786380595016,
            41.33130639320951,
            23.905025698493603,
            10.741172408364314,
            30.485813628565346,
            30.098906287391678,
            43.47455798305594
        ],
        [
            46.88370205122045,
            45.921890397889086,
            52.812541153118886,
            55.018890384672645,
            0.0,
            84.9865598131021,
            57.33863510725169,
            57.1717758652052,
            6.034308067881046,
            30.680325216288296,
            45.47234647728185,
            55.85701852518883,
            44.59952215011123,
            27.53266384821449,
            46.88370205122045
        ],
        [
            63.37397371817431,
            53.98690515091967,
            98.10549287578199,
            30.10730726434382,
            84.9865598131021,
            0.0,
            48.729328923944855,
            32.09915769231085,
            87.95068772640388,
            69.57060031371796,
            49.49240367129677,
            30.93085509404306,
            55.5195074481491,
            58.95476506197599,
            63.37397371817431
        ],
        [
            67.9501320221752,
            58.59298500204751,
            50.2737869689724,
            30.089551408427454,
            57.33863510725169,
            48.729328923944855,
            0.0,
            45.29848510611213,
            62.68790383721739,
            29.399407485124687,
            12.896223546027763,
            40.64812121756146,
            12.950282621273827,
            44.48573687727944,
            67.9501320221752
        ],
        [
            32.054792294768475,
            22.183369664221654,
            84.7449698211626,
            15.399206585891939,
            57.1717758652052,
            32.09915769231085,
            45.29848510611213,
            0.0,
            58.96926569839808,
            51.47902414035623,
            37.52894454845941,
            4.666299762469634,
            43.91406360502039,
            29.689893465285262,
            32.054792294768475
        ],
        [
            45.214779663673596,
            45.577462257842754,
            58.32951090547268,
            58.2786380595016,
            6.034308067881046,
            87.95068772640388,
            62.68790383721739,
            58.96926569839808,
            0.0,
            36.60547114926271,
            50.55568614229497,
            58.102948060317146,
            50.080974155282284,
            29.382100538157005,
            45.214779663673596
        ],
        [
            59.36969972497838,
            53.00646191346642,
            33.862608463664365,
            41.33130639320951,
            30.680325216288296,
            69.57060031371796,
            29.399407485124687,
            51.47902414035623,
            36.60547114926271,
            0.0,
            20.839342275052378,
            47.94890648972395,
            16.70949514783429,
            31.86014476809396,
            59.36969972497838
        ],
        [
            56.25572034076045,
            47.3740115283994,
            49.39860315048682,
            23.905025698493603,
            45.47234647728185,
            49.49240367129677,
            12.896223546027763,
            37.52894454845941,
            50.55568614229497,
            20.839342275052378,
            0.0,
            33.146533169169835,
            6.58250013751543,
            31.745061171002256,
            56.25572034076045
        ],
        [
            35.02937055322361,
            24.893877695803383,
            80.90054893797549,
            10.741172408364314,
            55.85701852518883,
            30.93085509404306,
            40.64812121756146,
            4.666299762469634,
            58.102948060317146,
            47.94890648972395,
            33.146533169169835,
            0.0,
            39.59579398409173,
            28.73164288266489,
            35.02937055322361
        ],
        [
            60.84688415275384,
            52.415493974451515,
            42.94894035358434,
            30.485813628565346,
            44.59952215011123,
            55.5195074481491,
            12.950282621273827,
            43.91406360502039,
            50.080974155282284,
            16.70949514783429,
            6.58250013751543,
            39.59579398409173,
            0.0,
            35.02510038439621,
            60.84688415275384
        ],
        [
            27.51468248458827,
            21.81528911954972,
            64.90710071941291,
            30.098906287391678,
            27.53266384821449,
            58.95476506197599,
            44.48573687727944,
            29.689893465285262,
            29.382100538157005,
            31.86014476809396,
            31.745061171002256,
            28.73164288266489,
            35.02510038439621,
            0.0,
            27.51468248458827
        ],
        [
            0.0,
            10.223409896569661,
            92.07708893380257,
