{
    "vertices": [
        [
            21.314198773157734,
            34.19796965186398
        ],
        [
            74.83134904492763,
            80.09900239996891
        ],
        [
            89.76862720870135,
            21.273953987521686
        ],
        [
            96.23631080040114,
            67.63149638908281
        ],
        [
            72.49976401751735,
            43.39077477603157
        ],
        [
            63.02020381361591,
            25.151269681420896
        ],
        [
            84.89827331469968,
            60.23572337984488
        ],
        [
            91.31737043777258,
            66.9601260562367
        ],
        [
            99.98481999400653,
            38.16114594862707
        ],
        [
            74.52578016476778,
            2.261229694903877
        ],
        [
            98.30202994802056,
            88.13127984737865
        ],
        [
            87.62968658449007,
            1.6987953312880721
        ],
        [
            71.45872030429743,
            7.101196038419855
        ],
        [
            97.89109277948663,
            47.720036847431025
        ],
        [
            68.0889393015196,
            10.490637571314398
        ],
        [
            13.069752672360291,
            71.37000003411362
        ],
        [
            34.277698100424104,
            32.588344025629326
        ],
        [
            21.314198773157734,
            34.19796965186398
        ]
    ],
    "distances": [
        [
            0.0,
            70.50524931204629,
            69.66375638256328,
            82.04342496940957,
            52.00451668302973,
            42.67591401235523,
            68.70879968754618,
            77.29038061343803,
            78.7703840896659,
            62.05987232724889,
            93.9996175399389,
            73.85079725483095,
            56.99744011659799,
            77.76160361578175,
            52.43962190818154,
            38.07532973262141,
            13.063047479997419,
            0.0
        ],
        [
            70.50524931204629,
            0.0,
            60.6919154391152,
            24.771174656942787,
            36.782200369619545,
            56.20281561082265,
            22.2686510072933,
            21.081246949391467,
            48.90276990641235,
            77.83837249086012,
            24.80706236229873,
            79.43796266388387,
            73.07567555774175,
            39.751090442350986,
            69.93414433069923,
            62.37539794495127,
            62.464880245557474,
            70.50524931204629
        ],
        [
            69.66375638256328,
            60.6919154391152,
            0.0,
            46.80654514653779,
            28.060067671103226,
            27.027980522283038,
            39.264994858440886,
            45.71241542384115,
            19.736966518635636,
            24.368587793137575,
            67.39971055904111,
            19.69167091464356,
            23.15426005580328,
            27.66531665428362,
            24.2134008492167,
            91.60966752828898,
            56.6326640308778,
            69.66375638256328
        ],
        [
            82.04342496940957,
            24.771174656942787,
            46.80654514653779,
            0.0,
            33.926924963772954,
            53.92475706474639,
            13.536932903407031,
            4.964545539616118,
            29.707791507579522,
            68.88119415449223,
            20.60359962321781,
            66.49206756576633,
            65.40524635940206,
            19.980103214877097,
            63.69734899293841,
            83.25054234279021,
            71.1821060047676,
            82.04342496940957
        ],
        [
            52.00451668302973,
            36.782200369619545,
            28.060067671103226,
            33.926924963772954,
            0.0,
            20.555816883688195,
            20.915910839775268,
            30.159851311923575,
            27.978157904035847,
            41.17941500324446,
            51.64755290609266,
            44.35240362036205,
            36.30450794276318,
            25.75775779025158,
            33.194493560897584,
            65.68685785245016,
            39.719250157673635,
            52.00451668302973
        ],
        [
            42.67591401235523,
            56.20281561082265,
            27.027980522283038,
            53.92475706474639,
            20.555816883688195,
            0.0,
            41.346932370021214,
            50.48475126535995,
            39.18723937523043,
            25.618981590932403,
            72.18925775960368,
            33.99478188477741,
            19.925203112672776,
            41.537069572415206,
            15.512131166097713,
            68.05305727614214,
            29.68908401204299,
            42.67591401235523
        ],
        [
            68.70879968754618,
            22.2686510072933,
            39.264994858440886,
            13.536932903407031,
            20.915910839775268,
            41.346932370021214,
            0.0,
            9.296364839533158,
            26.737443024226064,
            58.89508071282905,
            30.948711807095602,
            58.60061914188538,
            54.80784233041887,
            18.040392651552573,
            52.50835430733582,
            72.68637076014161,
            57.67859412451065,
            68.70879968754618
        ],
        [
            77.29038061343803,
            21.081246949391467,
            45.71241542384115,
            4.964545539616118,
            30.159851311923575,
            50.48475126535995,
            9.296364839533158,
            0.0,
            30.07500518783588,
            66.84238695820905,
            22.29356905751705,
            65.36543658687583,
            63.06708720086625,
            20.332113962614685,
            61.06032380196178,
            78.37178493860415,
            66.59537236408895,
            77.29038061343803
        ],
        [
            78.7703840896659,
            48.90276990641235,
            19.736966518635636,
            29.707791507579522,
            27.978157904035847,
            39.18723937523043,
            26.737443024226064,
            30.07500518783588,
            0.0,
            44.01098381144307,
            49.998460618283346,
            38.49873159090714,
            42.171777908120056,
            9.785504016863836,
            42.22563485619004,
            93.0433066759637,
            65.94302077408243,
            78.7703840896659
        ],
        [
            62.05987232724889,
            77.83837249086012,
            24.368587793137575,
            68.88119415449223,
            41.17941500324446,
            25.618981590932403,
            58.89508071282905,
            66.84238695820905,
            44.01098381144307,
            0.0,
            89.10092910258658,
            13.115971022772772,
            5.729932843766656,
            51.11204340773506,
            10.44777843826663,
            92.48170334149984,
            50.394860586046235,
            62.05987232724889
        ],
        [
            93.9996175399389,
            24.80706236229873,
            67.39971055904111,
            20.60359962321781,
            51.64755290609266,
            72.18925775960368,
            30.948711807095602,
            22.29356905751705,
            49.998460618283346,
            89.10092910258658,
            0.0,
            87.08888156643954,
            85.36063351871098,
            40.41333233176025,
            83.3120650293429,
            86.86473156911038,
            84.75926373105254,
            93.9996175399389
        ],
        [
            73.85079725483095,
            79.43796266388387,
            19.69167091464356,
            66.49206756576633,
            44.35240362036205,
            33.99478188477741,
            58.60061914188538,
