{
    "vertices": [
        [
            90.29224804203129,
            93.20825051486426
        ],
        [
            22.231316149639323,
            50.9843536436108
        ],
        [
            56.83208297906798,
            6.277489815087611
        ],
        [
            1.7578066706620765,
            69.09399020924947
        ],
        [
            57.75256144707216,
            63.97547152477831
        ],
        [
            31.736660527162996,
            70.16993542909597
        ],
        [
            17.215195762570133,
            20.794413247786803
        ],
        [
            14.556997182694564,
            75.61276779250649
        ],
        [
            71.17881442878094,
            99.28482347378099
        ],
        [
            94.80224144286838,
            89.25639551856112
        ],
        [
            13.038285371658331,
            13.184801271053171
        ],
        [
            20.667900366152892,
            17.446621900047944
        ],
        [
            47.48675658803791,
            78.56703972402251
        ],
        [
            6.35331263588208,
            82.1607638745009
        ],
        [
            78.5568046841494,
            32.63968122441669
        ],
        [
            34.60017767317536,
            89.67237296558108
        ],
        [
            90.29224804203129,
            93.20825051486426
        ]
    ],
    "distances": [
        [
            0.0,
            80.09461852743333,
            93.14794577382038,
            91.759712614128,
            43.742274417105634,
            62.92472321117145,
            102.87866347109042,
            77.7523583884081,
            20.056123339597967,
            5.996432138146832,
            111.2291651373514,
            102.8949666390973,
            45.240193987645114,
            84.66281260498435,
            61.69499344920787,
            55.80420353354329,
            0.0
        ],
        [
            80.09461852743333,
            0.0,
            56.53243970117162,
            27.33356045094177,
            37.82232160091161,
            21.41116811813081,
            30.60382271614082,
            25.796394226634337,
            68.76621971289211,
            82.04442934894107,
            38.90138782165275,
            33.574152549472316,
            37.398420329581256,
            34.986848249987254,
            59.237552826047484,
            40.61713400088139,
            80.09461852743333
        ],
        [
            93.14794577382038,
            56.53243970117162,
            0.0,
            83.54093985983384,
            57.70532361907228,
            68.64419010068217,
            42.192876397273054,
            81.20691874031843,
            94.10734730928134,
            91.25366691542901,
            44.33517407689376,
            37.84967127455085,
            72.89111160759776,
            91.13933035378376,
            34.16033766029457,
            86.30738177707997,
            93.14794577382038
        ],
        [
            91.759712614128,
            27.33356045094177,
            83.54093985983384,
            0.0,
            56.228211744582275,
            29.99815555439285,
            50.71272041800649,
            14.36362555009273,
            75.701801374601,
            95.2039360002322,
            57.03583616859282,
            55.00038451537003,
            46.69984504958458,
            13.851326618605201,
            85.01178000393409,
            38.756820947193425,
            91.759712614128
        ],
        [
            43.742274417105634,
            37.82232160091161,
            57.70532361907228,
            56.228211744582275,
            0.0,
            26.743195092143065,
            59.227373827985815,
            44.73570650543987,
            37.77584683613834,
            44.85313707836194,
            67.66874219143551,
            59.49962970378403,
            17.840981248714034,
            54.52144198569498,
            37.613139863825666,
            34.58848967607767,
            43.742274417105634
        ],
        [
            62.92472321117145,
            21.41116811813081,
            68.64419010068217,
            29.99815555439285,
            26.743195092143065,
            0.0,
            51.466640939411086,
            18.02124459535082,
            49.024077862346964,
            65.89051870324083,
            59.97445079753653,
            53.87267620031757,
            17.848722264259177,
            28.07301759656285,
            60.00538208818301,
            19.71153977521822,
            62.92472321117145
        ],
        [
            102.87866347109042,
            30.60382271614082,
            42.192876397273054,
            50.71272041800649,
            59.227373827985815,
            51.466640939411086,
            0.0,
            54.882766099028224,
            95.25133404313594,
            103.4736327469008,
            8.680597609044835,
            4.80924900453249,
            65.22303093825559,
            62.320217380065706,
            62.47482179667379,
            71.03809492742721,
            102.87866347109042
        ],
        [
            77.7523583884081,
            25.796394226634337,
            81.20691874031843,
            14.36362555009273,
            44.73570650543987,
            18.02124459535082,
            54.882766099028224,
            0.0,
            61.370973663667456,
            81.39685377151949,
            62.44643696455929,
            58.48626903556401,
            33.06201411195546,
            10.496508602074508,
            77.08866018690307,
            24.482679220149407,
            77.7523583884081
        ],
        [
            20.056123339597967,
            68.76621971289211,
            94.10734730928134,
            75.701801374601,
            37.77584683613834,
            49.024077862346964,
            95.25133404313594,
            61.370973663667456,
            0.0,
            25.663898206292657,
            103.8919387746342,
            96.17090867962702,
            31.47284811120325,
            67.04907978384811,
            67.0522909798488,
            37.820574713654636,
            20.056123339597967
        ],
        [
            5.996432138146832,
            82.04442934894107,
            91.25366691542901,
            95.2039360002322,
            44.85313707836194,
            65.89051870324083,
            103.4736327469008,
            81.39685377151949,
            25.663898206292657,
            0.0,
            111.67914739902096,
            103.21116273940962,
            48.50791104912607,
            88.73308850441035,
            58.901328957386994,
            60.20350088962115,
            5.996432138146832
        ],
        [
            111.2291651373514,
            38.90138782165275,
            44.33517407689376,
            57.03583616859282,
            67.66874219143551,
            59.97445079753653,
            8.680597609044835,
            62.44643696455929,
            103.8919387746342,
            111.67914739902096,
            0.0,
            8.739229945363702,
            73.90219397464918,
            69.29915062647082,
            68.34594886971027,
            79.4686342109122,
            111.2291651373514
        ],
        [
            102.8949666390973,
            33.574152549472316,
            37.84967127455085,
            55.00038451537003,
            59.49962970378403,
            53.87267620031757,
            4.80924900453249,
            58.48626903556401,
            96.17090867962702,
            103.21116273940962,
            8.739229945363702,
            0.0,
            66.74546069979117,
            66.2784097076663,
            59.84943019588359,
            73.55723939858083,
            102.8949666390973
        ],
        [
            45.240193987645114,
            37.398420329581256,
            72.89111160759776,
            46.69984504958458,
