{
    "vertices": [
        [
            11.774288099766384,
            16.44371669544712
        ],
        [
            88.0289699076677,
            52.60464040135599
        ],
        [
            16.56863854190259,
            32.235185027356216
        ],
        [
            8.952308369516949,
            34.64720883066072
        ],
        [
            8.379768931770016,
            2.2589956112782805
        ],
        [
            28.04363388912554,
            95.52384502783065
        ],
        [
            87.67962030243832,
            65.63985694193894
        ],
        [
            8.090745078147844,
            68.77962457356634
        ],
        [
            16.58013924812467,
            11.951510157354194
        ],
        [
            11.774288099766384,
            16.44371669544712
        ]
    ],
    "distances": [
        [
            0.0,
            84.39424684709758,
            16.50321993550651,
            18.42093090792977,
            14.585234746741609,
            80.73635060788905,
            90.45374327218569,
            52.4653766079983,
            6.578459154016347,
            0.0
        ],
        [
            84.39424684709758,
            0.0,
            74.30675387297121,
            81.08999783349024,
            94.22674336634806,
            73.75838029015154,
            13.039897062728734,
            81.55826078249903,
            82.20469817018872,
            84.39424684709758
        ],
        [
            16.50321993550651,
            74.30675387297121,
            0.0,
            7.98913913525728,
            31.074579923151585,
            64.32052551771044,
            78.56617486341153,
            37.51494021492479,
            20.283678130413016,
            16.50321993550651
        ],
        [
            18.42093090792977,
            81.08999783349024,
            7.98913913525728,
            0.0,
            32.3932733287631,
            63.800027780387666,
            84.60811947521952,
            34.143287711519314,
            23.94323583357457,
            18.42093090792977
        ],
        [
            14.585234746741609,
            94.22674336634806,
            31.074579923151585,
            32.3932733287631,
            0.0,
            95.31526489368481,
            101.51650117309265,
            66.52125684566069,
            12.696098280623213,
            14.585234746741609
        ],
        [
            80.73635060788905,
            73.75838029015154,
            64.32052551771044,
            63.800027780387666,
            95.31526489368481,
            0.0,
            66.70459968702716,
            33.367215940343726,
            84.35488643278059,
            80.73635060788905
        ],
        [
            90.45374327218569,
            13.039897062728734,
            78.56617486341153,
            84.60811947521952,
            101.51650117309265,
            66.70459968702716,
            0.0,
            79.6507827974609,
            89.09306811786503,
            90.45374327218569
        ],
        [
            52.4653766079983,
            81.55826078249903,
            37.51494021492479,
            34.143287711519314,
            66.52125684566069,
            33.367215940343726,
            79.6507827974609,
            0.0,
            57.458719107506525,
            52.4653766079983
        ],
        [
            6.578459154016347,
            82.20469817018872,
            20.283678130413016,
            23.94323583357457,
            12.696098280623213,
            84.35488643278059,
            89.09306811786503,
            57.458719107506525,
            0.0,
            6.578459154016347
        ],
        [
            0.0,
            84.39424684709758,
            16.50321993550651,
            18.42093090792977,
            14.585234746741609,
            80.73635060788905,
            90.45374327218569,
            52.4653766079983,
            6.578459154016347,
            0.0
        ]
    ],
    "scores_ave": [
        0,
        14.89337976013043,
        12.047069450444024,
        16.708313074003236,
        16.91829701960336,
        19.10467108206697,
        19.070753670688276,
        17.284898910850984,
        10.494244668332122,
        0
    ],
    "scores_var": [
        0,
        315.7802627194064,
        232.1480763364009,
        388.41550611681055,
        278.2135063916232,
        317.15983201691415,
        278.4699257403729,
        301.0698547636173,
        278.4938115877425,
        0
    ],
    "vertex_number": 10,
    "minimum_distances": {
        "cost": 281.2333906699363,
        "path": [
            0,
            2,
            3,
            7,
            5,
            6,
            1,
            8,
            4,
            9
        ]
    }
}