{
    "vertices": [
        [
            24.79033083823038,
            1.2815449150615943
        ],
        [
            14.009706155840506,
            75.28233333269173
        ],
        [
            26.721416193762913,
            0.8818487981892331
        ],
        [
            29.303449736988384,
            74.7813216208324
        ],
        [
            21.40034213521076,
            3.9808851394854905
        ],
        [
            5.896312264782145,
            37.55764065333459
        ],
        [
            88.90760159826316,
            54.81840912365842
        ],
        [
            16.19267547380755,
            33.17084896203079
        ],
        [
            46.88829988685691,
            95.88595049404917
        ],
        [
            45.28077427269056,
            10.984852921984366
        ],
        [
            3.0150381105262802,
            75.7179742251999
        ],
        [
            20.393252639031644,
            1.8614247487685365
        ],
        [
            26.631252980772768,
            6.9090361991285265
        ],
        [
            87.70804561560635,
            64.8598248638298
        ],
        [
            10.01335163465351,
            43.35020161643768
        ],
        [
            34.57055245749308,
            83.25282891043112
        ],
        [
            11.523945327404327,
            56.222813796069545
        ],
        [
            24.79033083823038,
            1.2815449150615943
        ]
    ],
    "distances": [
        [
            0.0,
            74.78194003215896,
            1.9720161348718876,
            73.63820623828704,
            4.333412172156427,
            40.90157771854473,
            83.52975660808004,
            33.02797890221917,
            97.15098450879246,
            22.671842854475322,
            77.55607894820638,
            4.435150201673983,
            5.9209503027091985,
            89.44739523346209,
            44.588462532825446,
            82.55267490985024,
            56.52026194894241,
            0.0
        ],
        [
            74.78194003215896,
            0.0,
            75.47860406139586,
            15.30194776691262,
            71.68345704992217,
            38.58729840483013,
            77.64320276583865,
            42.168026642749204,
            38.80091449774108,
            71.49857123281537,
            11.0032953433905,
            73.69789334161369,
            69.52849203864902,
            74.43167284100484,
            32.18123498878205,
            22.05169382144926,
            19.220933688639338,
            74.78194003215896
        ],
        [
            1.9720161348718876,
            75.47860406139586,
            0.0,
            73.94456694499547,
            6.157747589928607,
            42.17580659400359,
            82.31812798470247,
            33.96224245730258,
            97.12096857490701,
            21.13103084629991,
            78.50119763897003,
            6.4035320736592265,
            6.027861757789246,
            88.38863269500743,
            45.636831752506644,
            82.74410737169114,
            57.389768492566965,
            1.9720161348718876
        ],
        [
            73.63820623828704,
            15.30194776691262,
            73.94456694499547,
            0.0,
            71.24016364182857,
            43.97154204042451,
            62.85835500927247,
            43.6270997966741,
            27.4705717936403,
            65.76674172986105,
            26.305092737787035,
            73.46225542519686,
            67.92486852301715,
            59.24131090416461,
            36.87849223501912,
            9.975410108164587,
            25.70075854390689,
            73.63820623828704
        ],
        [
            4.333412172156427,
            71.68345704992217,
            6.157747589928607,
            71.24016364182857,
            0.0,
            36.98342132712897,
            84.50848433768788,
            29.65086474317054,
            95.37388021977674,
            24.88635376609157,
            74.05558287240608,
            2.3465595243105106,
            5.994705739425987,
            90.01642540561367,
            40.983004191032656,
            80.35854347334275,
            53.167305025408865,
            4.333412172156427
        ],
        [
            40.90157771854473,
            38.58729840483013,
            42.17580659400359,
            43.97154204042451,
            36.98342132712897,
            0.0,
            84.78684028192716,
            11.191918364385259,
            71.29189840425582,
            47.51051352561639,
            38.26895346188622,
            38.52766681386169,
            37.0037122662852,
            86.24713894692493,
            7.106600853033512,
            53.94684680758248,
            19.495100470010218,
            40.90157771854473
        ],
        [
            83.52975660808004,
            77.64320276583865,
            82.31812798470247,
            62.85835500927247,
            84.50848433768788,
            84.78684028192716,
            0.0,
            75.86881666558615,
            58.75512463200928,
            61.844003038133344,
            88.39866675424739,
            86.59479318867665,
            78.57258816628656,
            10.112811904830886,
            79.72341224978516,
            61.32724629344508,
            77.39639920778176,
            83.52975660808004
        ],
        [
            33.02797890221917,
            42.168026642749204,
            33.96224245730258,
            43.6270997966741,
            29.65086474317054,
            11.191918364385259,
            75.86881666558615,
            0.0,
            69.82410270299481,
            36.58327366464809,
            44.54108209998888,
            31.589949241602383,
            28.26033810772009,
            78.22173202009327,
            11.908117549466752,
            53.34745615284248,
            23.51999413030738,
            33.02797890221917
        ],
        [
            97.15098450879246,
            38.80091449774108,
            97.12096857490701,
            27.4705717936403,
            95.37388021977674,
            71.29189840425582,
            58.75512463200928,
            69.82410270299481,
            0.0,
            84.91631473127804,
            48.28675145084107,
            97.68622712690583,
            91.25370801672088,
            51.2725278583172,
            64.18540892394576,
            17.644337977948492,
            53.13945790210221,
            97.15098450879246
        ],
        [
            22.671842854475322,
            71.49857123281537,
            21.13103084629991,
            65.76674172986105,
            24.88635376609157,
            47.51051352561639,
            61.844003038133344,
            36.58327366464809,
            84.91631473127804,
            0.0,
            77.30956892252405,
            26.507087254122602,
            19.08970734128751,
            68.57540342819746,
            47.86759755454079,
            73.05730083159004,
            56.44463308842193,
            22.671842854475322
        ],
        [
            77.55607894820638,
            11.0032953433905,
            78.50119763897003,
            26.305092737787035,
            74.05558287240608,
            38.26895346188622,
            88.39866675424739,
            44.54108209998888,
            48.28675145084107,
            77.30956892252405,
            0.0,
            75.87352793144198,
            72.74885261688587,
            85.38621040782506,
            33.115692591798826,
            32.44263430779286,
            21.27117256248393,
            77.55607894820638
        ],
        [
            4.435150201673983,
            73.69789334161369,
            6.4035320736592265,
            73.46225542519686,
            2.3465595243105106,
            38.52766681386169,
            86.59479318867665,
