{
    "vertices": [
        [
            73.75172931734186,
            48.50956818916535
        ],
        [
            30.7113492654274,
            74.0747076505779
        ],
        [
            98.37626213553534,
            55.62761680829625
        ],
        [
            1.166253893305147,
            25.39850614959778
        ],
        [
            23.93741102095349,
            77.89496802125227
        ],
        [
            85.53971682162019,
            51.17511715317213
        ],
        [
            96.12424660220518,
            59.500753388223224
        ],
        [
            74.88940779390623,
            50.01049952480593
        ],
        [
            17.462978155052255,
            67.15992695198292
        ],
        [
            48.5000708640995,
            82.7200422235582
        ],
        [
            53.34468593955035,
            82.23948411171365
        ],
        [
            96.45698610365912,
            31.499658209517676
        ],
        [
            50.87582731027015,
            6.746842489470128
        ],
        [
            22.45519150876294,
            17.114590364474946
        ],
        [
            73.75172931734186,
            48.50956818916535
        ]
    ],
    "distances": [
        [
            0.0,
            50.060470140568086,
            25.63267899886002,
            76.17593078610972,
            57.835698583362046,
            12.085603033383968,
            24.926605900954446,
            1.8833765397141518,
            59.29805552791731,
            42.52061603854151,
            39.422768136766365,
            28.370155502716646,
            47.61756136663375,
            60.14132874953602,
            0.0
        ],
        [
            50.060470140568086,
            0.0,
            70.13441091406337,
            56.94106824702027,
            7.77692925515536,
            59.41835687584983,
            67.01676865406922,
            50.306927634930865,
            14.944347733771604,
            19.778281674448653,
            24.06099548365602,
            78.32702980563845,
            70.28262660126794,
            57.5553568501624,
            50.060470140568086
        ],
        [
            25.63267899886002,
            70.13441091406337,
            0.0,
            101.8016936679852,
            77.69798893986908,
            13.58681893509579,
            4.480263488806071,
            24.149209789170907,
            81.73098373173102,
            56.75943948477984,
            52.30711553956591,
            24.20417333087225,
            68.15879551897376,
            85.13085322594766,
            25.63267899886002
        ],
        [
            76.17593078610972,
            56.94106824702027,
            101.8016936679852,
            0.0,
            57.222409124172,
            88.22309743681267,
            100.89590500128261,
            77.72292865656183,
            44.82855662518373,
            74.33874310817345,
            77.15883323699478,
            95.48585079289839,
            53.093561253575366,
            22.843864067400265,
            76.17593078610972
        ],
        [
            57.835698583362046,
            7.77692925515536,
            77.69798893986908,
            57.222409124172,
            0.0,
            67.14755773943901,
            74.49353235818936,
            58.083126280188246,
            12.53632273411791,
            25.032091395403935,
            29.72646360060702,
            86.09072855251613,
            76.07715845681113,
            60.79844802939294,
            57.835698583362046
        ],
        [
            12.085603033383968,
            59.41835687584983,
            13.58681893509579,
            88.22309743681267,
            67.14755773943901,
            0.0,
            13.466569325351063,
            10.713795620885568,
            69.92822385689732,
            48.65200582046695,
            44.73829353062493,
            22.501343364785644,
            56.351191874249025,
            71.6922368117503,
            12.085603033383968
        ],
        [
            24.926605900954446,
            67.01676865406922,
            4.480263488806071,
            100.89590500128261,
            74.49353235818936,
            13.466569325351063,
            0.0,
            23.259047650463806,
            79.03327206559811,
            52.98299244807417,
            48.44729801965401,
            28.00307209544615,
            69.50104001763096,
            84.9924496307548,
            24.926605900954446
        ],
        [
            1.8833765397141518,
            50.306927634930865,
            24.149209789170907,
            77.72292865656183,
            58.083126280188246,
            10.713795620885568,
            23.259047650463806,
            0.0,
            59.9324426512574,
            42.02750631617773,
            38.76702835251491,
            28.4220280829343,
            49.48126986765021,
            61.8990135375511,
            1.8833765397141518
        ],
        [
            59.29805552791731,
            14.944347733771604,
            81.73098373173102,
            44.82855662518373,
            12.53632273411791,
            69.92822385689732,
            79.03327206559811,
            59.9324426512574,
            0.0,
            34.71913465359849,
            38.92158781018187,
            86.67011052588666,
            69.03737584051157,
            50.29371639008129,
            59.29805552791731
        ],
        [
            42.52061603854151,
            19.778281674448653,
            56.75943948477984,
            74.33874310817345,
            25.032091395403935,
            48.65200582046695,
            52.98299244807417,
            42.02750631617773,
            34.71913465359849,
            0.0,
            4.868391041005773,
            70.1668971655444,
            76.01033677419908,
            70.5861959186676,
            42.52061603854151
        ],
        [
            39.422768136766365,
            24.06099548365602,
            52.30711553956591,
            77.15883323699478,
            29.72646360060702,
            44.73829353062493,
            48.44729801965401,
            38.76702835251491,
            38.92158781018187,
            4.868391041005773,
            0.0,
            66.58228261351042,
            75.53300074825485,
            72.07921095419105,
            39.422768136766365
        ],
        [
            28.370155502716646,
            78.32702980563845,
            24.20417333087225,
            95.48585079289839,
            86.09072855251613,
            22.501343364785644,
            28.00307209544615,
            28.4220280829343,
            86.67011052588666,
            70.1668971655444,
            66.58228261351042,
            0.0,
            51.8685253599789,
            75.38697354431791,
            28.370155502716646
        ],
        [
            47.61756136663375,
            70.28262660126794,
            68.15879551897376,
            53.093561253575366,
            76.07715845681113,
            56.351191874249025,
            69.50104001763096,
            49.48126986765021,
            69.03737584051157,
            76.01033677419908,
            75.53300074825485,
            51.8685253599789,
            0.0,
            30.25264840243875,
            47.61756136663375
        ],
        [
            60.14132874953602,
            57.5553568501624,
            85.13085322594766,
            22.843864067400265,
            60.79844802939294,
            71.6922368117503,
            84.9924496307548,
            61.8990135375511,
            50.29371639008129,
            70.5861959186676,
            72.07921095419105,
            75.38697354431791,
            30.25264840243875,
            0.0,
            60.14132874953602
        ],
        [
            0.0,
            50.060470140568086,
            25.63267899886002,
