{
    "vertices": [
        [
            7.377000508300635,
            39.09252629189187
        ],
        [
            55.97578276673787,
            19.548391382448706
        ],
        [
            69.83136944304417,
            57.13156023995013
        ],
        [
            91.63584341244989,
            2.1884196866538974
        ],
        [
            22.36758370598514,
            73.34777309420669
        ],
        [
            31.459191609452773,
            17.201966182369375
        ],
        [
            87.44616862425231,
            74.99316716095035
        ],
        [
            13.091272768245188,
            16.43548181006128
        ],
        [
            58.34960588751945,
            33.664116765819955
        ],
        [
            98.55412483650075,
            9.825365601836067
        ],
        [
            80.57327048259901,
            53.55061302164595
        ],
        [
            92.95950841828362,
            97.78303971860966
        ],
        [
            96.15641493364183,
            86.29546794126546
        ],
        [
            91.73312542745316,
            57.643072031934054
        ],
        [
            7.377000508300635,
            39.09252629189187
        ]
    ],
    "distances": [
        [
            0.0,
            52.38143608532997,
            65.0073453143278,
            91.98622555511706,
            37.39170386722435,
            32.54456252803268,
            87.74923189173592,
            23.366526744735125,
            51.260844014982,
            95.75925383803701,
            74.61052345370233,
            103.77351312572027,
            100.54800906065046,
            86.37174629836461,
            0.0
        ],
        [
            52.38143608532997,
            0.0,
            40.05585929069681,
            39.66117172417698,
            63.43409585289775,
            24.62862061084699,
            63.753496744485844,
            42.99734182268341,
            14.3139351440304,
            43.67439116622231,
            41.96650424246739,
            86.5358663407929,
            77.90799336705177,
            52.247413791900584,
            52.38143608532997
        ],
        [
            65.0073453143278,
            40.05585929069681,
            0.0,
            59.11162135267275,
            50.15751704209453,
            55.37866478433686,
            25.086214381500724,
            69.82556387339238,
            26.125692288558987,
            55.34322658222477,
            11.32305704851256,
            46.770221255216086,
            39.28793113021956,
            21.90772830564442,
            65.0073453143278
        ],
        [
            91.98622555511706,
            39.66117172417698,
            59.11162135267275,
            0.0,
            99.30632094757736,
            62.02125442618979,
            72.92519886587168,
            79.82623852362512,
            45.81149544803694,
            10.304637828365674,
            52.54003639139748,
            95.60378375410497,
            84.2284461033312,
            55.45473767430813,
            91.98622555511706
        ],
        [
            37.39170386722435,
            63.43409585289775,
            50.15751704209453,
            99.30632094757736,
            0.0,
            56.8771392393439,
            65.09938199859494,
            57.663323211769956,
            53.567700154682164,
            99.19417978419162,
            61.480318152038514,
            74.70141959556376,
            74.91618260293403,
            71.12113619570533,
            37.39170386722435
        ],
        [
            32.54456252803268,
            24.62862061084699,
            55.37866478433686,
            62.02125442618979,
            56.8771392393439,
            0.0,
            80.46343583145347,
            18.38390439624241,
            31.52930037089714,
            67.49921703891646,
            61.10169286201554,
            101.36862621067489,
            94.65538912902196,
            72.5839523602317,
            32.54456252803268
        ],
        [
            87.74923189173592,
            63.753496744485844,
            25.086214381500724,
            72.92519886587168,
            65.09938199859494,
            80.46343583145347,
            0.0,
            94.64487863276806,
            50.54404385934963,
            66.10770795649572,
            22.517101431635055,
            23.447285703867774,
            14.269211390225642,
            17.871871743564665,
            87.74923189173592
        ],
        [
            23.366526744735125,
            42.99734182268341,
            69.82556387339238,
            79.82623852362512,
            57.663323211769956,
            18.38390439624241,
            94.64487863276806,
            0.0,
            48.426672187689995,
            85.71810030516761,
            77.01527757771962,
            114.00158000455389,
            108.53679332470439,
            88.7840440708034,
            23.366526744735125
        ],
        [
            51.260844014982,
            14.3139351440304,
            26.125692288558987,
            45.81149544803694,
            53.567700154682164,
            31.52930037089714,
            50.54404385934963,
            48.426672187689995,
            0.0,
            46.74066110975902,
            29.82220651406556,
            72.86344511354632,
            64.80288525060462,
            41.102915620761465,
            51.260844014982
        ],
        [
            95.75925383803701,
            43.67439116622231,
            55.34322658222477,
            10.304637828365674,
            99.19417978419162,
            67.49921703891646,
            66.10770795649572,
            85.71810030516761,
            46.74066110975902,
            0.0,
            47.277990494730396,
            88.1354194912552,
            76.50768304282303,
            48.30175029099113,
            95.75925383803701
        ],
        [
            74.61052345370233,
            41.96650424246739,
            11.32305704851256,
            52.54003639139748,
            61.480318152038514,
            61.10169286201554,
            22.517101431635055,
            77.01527757771962,
            29.82220651406556,
            47.277990494730396,
            0.0,
            45.93393583943858,
            36.263754834393474,
            11.886571546963145,
            74.61052345370233
        ],
        [
            103.77351312572027,
            86.5358663407929,
            46.770221255216086,
            95.60378375410497,
            74.70141959556376,
            101.36862621067489,
            23.447285703867774,
            114.00158000455389,
            72.86344511354632,
            88.1354194912552,
            45.93393583943858,
            0.0,
            11.924114919253954,
            40.15869795109846,
            103.77351312572027
        ],
        [
            100.54800906065046,
            77.90799336705177,
            39.28793113021956,
            84.2284461033312,
            74.91618260293403,
            94.65538912902196,
            14.269211390225642,
            108.53679332470439,
            64.80288525060462,
            76.50768304282303,
            36.263754834393474,
            11.924114919253954,
            0.0,
            28.991814041219115,
            100.54800906065046
        ],
        [
            86.37174629836461,
            52.247413791900584,
            21.90772830564442,
            55.45473767430813,
            71.12113619570533,
            72.5839523602317,
            17.871871743564665,
            88.7840440708034,
            41.102915620761465,
            48.30175029099113,
            11.886571546963145,
            40.15869795109846,
            28.991814041219115,
            0.0,
            86.37174629836461
        ],
        [
            0.0,
            52.38143608532997,
            65.0073453143278,
