{
    "vertices": [
        [
            55.209047711442196,
            94.10966115449935
        ],
        [
            4.2616242470331915,
            2.0161625051671628
        ],
        [
            33.716052597901346,
            41.463324927217805
        ],
        [
            48.291014898561514,
            11.705196285444453
        ],
        [
            70.9251197655561,
            19.0868344397493
        ],
        [
            89.35860020449904,
            37.73265176012575
        ],
        [
            64.66072828616541,
            5.696704383873186
        ],
        [
            50.27442196508901,
            87.73715345489019
        ],
        [
            16.166863030039714,
            97.58598407354273
        ],
        [
            16.93042906118545,
            63.75881461979903
        ],
        [
            18.644364481208985,
            67.2543421321101
        ],
        [
            69.78365211373642,
            44.692732088427064
        ],
        [
            85.59936690320477,
            43.64712341982715
        ],
        [
            41.45374533239289,
            99.18822180506652
        ],
        [
            62.14649556124316,
            0.6189021026890451
        ],
        [
            77.17639064172248,
            94.80894422739443
        ],
        [
            46.493781447658314,
            92.15419077755774
        ],
        [
            17.247084707032954,
            60.47468164379617
        ],
        [
            98.29862794933159,
            78.80161301811951
        ],
        [
            16.556778326126352,
            27.562491226443797
        ],
        [
            98.53134832307045,
            14.990479235996068
        ],
        [
            55.209047711442196,
            94.10966115449935
        ]
    ],
    "distances": [
        [
            0.0,
            105.24662679219873,
            56.86462483043978,
            82.69434689478716,
            76.65128471905422,
            65.91326970898452,
            88.91673178098266,
            8.05973855892049,
            39.19664533776079,
            48.85106479028593,
            45.36721524979905,
            51.52137393164699,
            58.9070387576937,
            14.662882452661506,
            93.74780109822501,
            21.97847019773152,
            8.931949979917352,
            50.71905442566491,
            45.72798118027113,
            76.95793496494385,
            90.20347375648846,
            0.0
        ],
        [
            105.24662679219873,
            0.0,
            49.23049839914349,
            45.082863892395345,
            68.81445687532711,
            92.28847664689829,
            60.51114076970312,
            97.28959781623738,
            96.30849134469685,
            63.028990992776826,
            66.8048149288736,
            78.19479347859331,
            91.37267253987672,
            104.04644626036593,
            57.901732821177134,
            118.01298021040324,
            99.54104300564967,
            59.883392048544394,
            121.40413286121333,
            28.35111505680446,
            95.15836154539475,
            105.24662679219873
        ],
        [
            56.86462483043978,
            49.23049839914349,
            0.0,
            33.13571707879576,
            43.41914331286157,
            55.76747283526618,
            47.29507478103235,
            49.14719526797685,
            58.802439780533874,
            27.907812851392467,
            29.871932497746037,
            36.21188762613096,
            51.92925263432188,
            58.241184812911136,
            49.765017461674,
            68.8081105786417,
            52.27651705321493,
            25.152705373288246,
            74.59930828487848,
            22.083339220112833,
            70.01309962380155,
            56.86462483043978
        ],
        [
            82.69434689478716,
            45.082863892395345,
            33.13571707879576,
            0.0,
            23.807378792533992,
            48.6207260470982,
            17.43758846066582,
            76.05782283636563,
            91.69226163846228,
            60.77059754323704,
            62.96531970269698,
            39.37144870100897,
            49.114151100885195,
            87.74980347093263,
            17.7448658236838,
            87.98066750043868,
            80.46906711817356,
            57.81166235159633,
            83.68207992993689,
            35.47556304952925,
            50.34763337706167,
            82.69434689478716
        ],
        [
            76.65128471905422,
            68.81445687532711,
            43.41914331286157,
            23.807378792533992,
            0.0,
            26.21945279058551,
            14.783037019514616,
            71.68903417208821,
            95.71093549820426,
            70.07861612123492,
            71.08717303702143,
            25.631327370909066,
            28.61016119915656,
            85.351005669695,
            20.448197175467204,
            75.97970978004187,
            77.04368146837129,
            67.78115773524063,
            65.68990585280973,
            55.025024387457165,
            27.908492992726007,
            76.65128471905422
        ],
        [
            65.91326970898452,
            92.28847664689829,
            55.76747283526618,
            48.6207260470982,
            26.21945279058551,
            0.0,
            40.45104203340671,
            63.46670921350557,
            94.54867412944222,
            76.96233577772546,
            76.62919376026571,
            20.775497850411625,
            7.008053226608009,
            77.92087146500721,
            46.02096318799065,
            58.36188303713818,
            69.27551223977112,
            75.61263512516311,
            42.03074678005339,
            73.50875753331141,
            24.522351419960405,
            65.91326970898452
        ],
        [
            88.91673178098266,
            60.51114076970312,
            47.29507478103235,
            17.43758846066582,
            14.783037019514616,
            40.45104203340671,
            0.0,
            83.29226310611315,
            103.90040755148938,
            75.16242484882275,
            76.85602450669215,
            39.33108853410275,
            43.34352191665404,
            96.32874901883646,
            5.666166446714113,
            89.98684956218639,
            88.34554267730373,
            72.44777698547863,
            80.47257893326608,
            52.840350453064524,
            35.12254479228897,
            88.91673178098266
        ],
        [
            8.05973855892049,
            97.28959781623738,
            49.14719526797685,
            76.05782283636563,
            71.68903417208821,
            63.46670921350557,
            83.29226310611315,
            0.0,
            35.50105690064408,
            41.07045892202828,
            37.68296824983621,
            47.259203037784296,
            56.49586253323044,
            14.454456150924578,
            87.92346586741105,
            27.815933265102654,
            5.814074426069621,
            42.825779334509186,
            48.84842109335904,
            68.9773112470448,
            87.29724824660603,
            8.05973855892049
        ],
        [
            39.19664533776079,
            96.30849134469685,
            58.802439780533874,
            91.69226163846228,
            95.71093549820426,
            94.54867412944222,
            103.90040755148938,
            35.50105690064408,
            0.0,
            33.83578617878134,
            30.43265542643003,
            75.31571002922671,
            87.92197269578308,
            25.337592275537563,
            107.31608264210337,
            61.0726977438182,
            30.809517346417515,
            37.1270204420387,
            84.25247417557328,
            70.02457843104689,
