{
    "vertices": [
        [
            98.20468363608329,
            11.780045884192813
        ],
        [
            84.76583311611022,
            93.2185850955948
        ],
        [
            34.375963688053886,
            60.199295542511535
        ],
        [
            19.75452667655233,
            6.757448091781148
        ],
        [
            25.885728393172723,
            59.109515210186544
        ],
        [
            16.915008699221012,
            91.9723810983132
        ],
        [
            73.51217693579382,
            40.78240469280495
        ],
        [
            90.81992188007196,
            4.305153304352105
        ],
        [
            46.29260164267382,
            35.766401913941806
        ],
        [
            34.01147482156011,
            67.868930319117
        ],
        [
            35.736918330384604,
            92.97924512597453
        ],
        [
            58.351094717520525,
            87.23135402692726
        ],
        [
            45.36063113777351,
            92.25859545766656
        ],
        [
            84.34565827936004,
            6.069149288751885
        ],
        [
            85.93136886409603,
            22.039491344312488
        ],
        [
            81.29042365511326,
            95.34351345103808
        ],
        [
            27.06991671058603,
            1.1281414876481377
        ],
        [
            1.67934890665431,
            64.130594657614
        ],
        [
            81.83341951495889,
            96.70176172155523
        ],
        [
            98.20468363608329,
            11.780045884192813
        ]
    ],
    "distances": [
        [
            0.0,
            82.53991987023757,
            80.11572397275434,
            78.61077289760851,
            86.42979783677781,
            114.18766079762992,
            38.09011293770764,
            10.507555627890113,
            57.185745885459454,
            85.24512311598393,
            102.44770207181035,
            85.32999736399653,
            96.27715630352918,
            14.989560492626754,
            15.996577028897491,
            85.25810989283684,
            71.9278675675704,
            109.80765092427147,
            86.48535199492076,
            0.0
        ],
        [
            82.53991987023757,
            0.0,
            60.24460493327946,
            108.17577444590049,
            68.04627381886353,
            67.86226785522547,
            53.630194784828966,
            89.1193039899768,
            69.14436269390896,
            56.732793719137184,
            49.02949896426641,
            27.084780607114883,
            39.41689387887433,
            87.15044869846898,
            71.1886357562334,
            4.073547770353751,
            108.67137881605092,
            88.03110271948334,
            4.553193268010302,
            82.53991987023757
        ],
        [
            80.11572397275434,
            60.24460493327946,
            0.0,
            55.40593361029526,
            8.55988998382387,
            36.254846777477084,
            43.68820021060599,
            79.43598399291018,
            27.184049573352603,
            7.678290808527237,
            32.8081894080252,
            36.13224451628997,
            33.88896029728249,
            73.66846754888974,
            64.14148781647306,
            58.61810817829943,
            59.52125304301289,
            32.93210790240495,
            59.871864433261706,
            80.11572397275434
        ],
        [
            78.61077289760851,
            108.17577444590049,
            55.40593361029526,
            0.0,
            52.709871618700724,
            85.262228856929,
            63.62061484374762,
            71.10769399408817,
            39.31652101551883,
            62.752480671535416,
            87.69056463943043,
            89.25102016783804,
            89.25311639691819,
            64.59479883840088,
            67.91844585889243,
            107.86175222381011,
            9.23060259102162,
            60.15305477095866,
            109.28754956706427,
            78.61077289760851
        ],
        [
            86.42979783677781,
            68.04627381886353,
            8.55988998382387,
            52.709871618700724,
            0.0,
            34.065257465759046,
            51.030986475858505,
            84.97039230049337,
            31.00550619136094,
            11.948016909471189,
            35.27328376756902,
            42.95157539612303,
            38.446499946881104,
            78.93569420343134,
            70.56674577291952,
            66.20107918747645,
            57.99346515534113,
            24.721651374103587,
            67.40416262835924,
            86.42979783677781
        ],
        [
            114.18766079762992,
            67.86226785522547,
            36.254846777477084,
            85.262228856929,
            34.065257465759046,
            0.0,
            76.31286350803131,
            114.66245689565257,
            63.42046249614709,
            29.551065857891196,
            18.848821112575905,
            41.70643310338983,
            28.44706231891408,
            109.20740697464954,
            98.25409426457996,
            64.46362217625459,
            91.41005430016556,
            31.73783863977407,
            65.0904532471576,
            114.18766079762992
        ],
        [
            38.09011293770764,
            53.630194784828966,
            43.68820021060599,
            63.62061484374762,
            51.030986475858505,
            76.31286350803131,
            0.0,
            40.375090141231524,
            27.677889424871097,
            47.89556699760727,
            64.43198207343391,
            48.860651942776045,
            58.671183271504404,
            36.36446643041001,
            22.48406388847674,
            55.11275452156558,
            61.06835616888481,
            75.5320670794646,
            56.5351003233403,
            38.09011293770764
        ],
        [
            10.507555627890113,
            89.1193039899768,
            79.43598399291018,
            71.10769399408817,
            84.97039230049337,
            114.66245689565257,
            40.375090141231524,
            0.0,
            54.52056870207991,
            85.24994666029122,
            104.38980716738773,
            89.05604697937396,
            99.00684370996407,
            6.710273541703188,
            18.395779306829958,
            91.53575451492816,
            63.82912002521231,
            107.35513580235356,
            92.83259380066978,
            10.507555627890113
        ],
        [
            57.185745885459454,
            69.14436269390896,
            27.184049573352603,
            39.31652101551883,
            31.00550619136094,
            63.42046249614709,
            27.677889424871097,
            54.52056870207991,
            0.0,
            34.37147663399637,
            58.178448575000516,
            52.85876040192403,
            56.49988053441937,
            48.26967922908955,
            41.948300807311576,
            69.09616316929618,
            39.61465260933203,
            52.866527687073784,
            70.54266659202959,
            57.185745885459454
        ],
        [
            85.24512311598393,
            56.732793719137184,
            7.678290808527237,
            62.752480671535416,
            11.948016909471189,
            29.551065857891196,
            47.89556699760727,
            85.24994666029122,
            34.37147663399637,
            0.0,
            25.169526515245238,
            31.101777256623215,
            26.9009128964135,
            79.70409625461251,
            69.25325172245336,
            54.682279772139886,
            67.10080567962466,
            32.5475270903242,
            55.841477066244586,
            85.24512311598393
        ],
        [
