{
    "vertices": [
        [
            75.45437736965096,
            77.21666075291712
        ],
        [
            61.21332131440794,
            25.119112814090606
        ],
        [
            72.2602830223347,
            97.79922606421115
        ],
        [
            86.89710534893196,
            9.302825914779655
        ],
        [
            86.92821331214276,
            4.5840176359240425
        ],
        [
            28.85562957016662,
            60.76919805862262
        ],
        [
            46.66155213363336,
            15.066019780026796
        ],
        [
            78.12774265337312,
            63.39763752742661
        ],
        [
            85.79776562904536,
            10.049055826866748
        ],
        [
            0.9773771560741218,
            92.55796044434742
        ],
        [
            97.05883695758088,
            11.187128799689294
        ],
        [
            33.54059815014227,
            13.629714721132535
        ],
        [
            33.56160477485162,
            99.21220010854107
        ],
        [
            0.5082777148175177,
            53.39628866638899
        ],
        [
            29.71647700213986,
            17.077822064474823
        ],
        [
            84.25284488366438,
            28.935142769377244
        ],
        [
            4.83439931115427,
            13.860301852946966
        ],
        [
            88.47293883710547,
            7.518630710610208
        ],
        [
            35.036437568447795,
            61.939708664219616
        ],
        [
            75.45437736965096,
            77.21666075291712
        ]
    ],
    "distances": [
        [
            0.0,
            54.008908328227676,
            20.828927804696097,
            68.87107510435446,
            73.53332412855887,
            49.41621520877692,
            68.49619667115077,
            14.075236582269481,
            67.95934690818154,
            76.04064069322011,
            69.47410858765178,
            76.15815513857201,
            47.31604534641893,
            78.64049834412847,
            75.55551236556374,
            49.07665442336136,
            94.87470428962811,
            70.90344374189598,
            43.20873896440443,
            0.0
        ],
        [
            54.008908328227676,
            0.0,
            73.51485717204889,
            30.16308494854905,
            32.90814191703211,
            48.14508067246063,
            17.68668046418217,
            41.84905140456012,
            28.835768064292697,
            90.42326657637904,
            38.457784261479354,
            29.963075207070357,
            79.08478369703637,
            66.96791017054348,
            32.507130887716166,
            23.35340940672192,
            57.49211833380058,
            32.44786152828399,
            45.17726775058503,
            54.008908328227676
        ],
        [
            20.828927804696097,
            73.51485717204889,
            0.0,
            89.69865889314441,
            94.36219190605779,
            57.0542453757604,
            86.6029932806803,
            34.89837211641957,
            88.78826393172646,
            71.47533514462266,
            90.09230638538627,
            92.64837093189782,
            38.72446505443517,
            84.37992127991639,
            91.24648209313396,
            69.90052580657488,
            107.66611719560606,
            91.72478457848158,
            51.68674548213645,
            20.828927804696097
        ],
        [
            68.87107510435446,
            30.16308494854905,
            89.69865889314441,
            0.0,
            4.718910814793112,
            77.57319364461888,
            40.64620703177048,
            54.8010069751827,
            1.328686156100778,
            119.63952991495326,
            10.334959441057007,
            53.531661913273695,
            104.53885014386533,
            96.9910459652039,
            57.70680049406429,
            19.809593092426045,
            82.18916175001232,
            2.380462919062249,
            73.89296507933646,
            68.87107510435446
        ],
        [
            73.53332412855887,
            32.90814191703211,
            94.36219190605779,
            4.718910814793112,
            0.0,
            80.80346206444389,
            41.608609342464824,
            59.4683963846177,
            5.580730632514224,
            122.99171048972,
            12.092585020852706,
            54.14851880193228,
            108.63925545052018,
            99.25242098708428,
            58.56003689124674,
            24.49765073416623,
            82.61624383923467,
            3.316342992754266,
            77.34618079237808,
            73.53332412855887
        ],
        [
            49.41621520877692,
            48.14508067246063,
            57.0542453757604,
            77.57319364461888,
            80.80346206444389,
            0.0,
            49.049275051740445,
            49.342170825020006,
            76.25575182868111,
            42.2814660540517,
            84.32116632215367,
            47.37171962174124,
            38.72997042649457,
            29.290478830450198,
            43.699855772795516,
            63.892554657399344,
            52.70165126816561,
            79.93651535509312,
            6.290666307270763,
            49.41621520877692
        ],
        [
            68.49619667115077,
            17.68668046418217,
            86.6029932806803,
            40.64620703177048,
            41.608609342464824,
            49.049275051740445,
            0.0,
            57.672059265343854,
            39.45647138386523,
            89.95579309473537,
            50.54633629516025,
            13.19933353086798,
            85.15978091024951,
            59.99445184747791,
            17.064082736662687,
            40.06816520770902,
            41.84452734772735,
            42.48711733964113,
            48.293746989292416,
            68.49619667115077
        ],
        [
            14.075236582269481,
            41.84905140456012,
            34.89837211641957,
            54.8010069751827,
            59.4683963846177,
            49.342170825020006,
            57.672059265343854,
            0.0,
            53.89712814156846,
            82.4772897771618,
            55.536686551899564,
            66.81960487316005,
            57.17362624745743,
            78.26115458123424,
            67.00131302053852,
            35.00257736624689,
            88.46390113490614,
            56.82857104409475,
            43.115961435323264,
            14.075236582269481
        ],
        [
            67.95934690818154,
            28.835768064292697,
            88.78826393172646,
            1.328686156100778,
            5.580730632514224,
            76.25575182868111,
            39.45647138386523,
            53.89712814156846,
            0.0,
            118.33096653827465,
            11.318433529328779,
            52.379697126226404,
            103.33771237539504,
            95.67277221610635,
            56.520036171938344,
            18.949170433282138,
            81.05302142299406,
            3.682336617163697,
            72.5903042999703,
            67.95934690818154
        ],
        [
            76.04064069322011,
            90.42326657637904,
            71.47533514462266,
            119.63952991495326,
            122.99171048972,
            42.2814660540517,
            89.95579309473537,
            82.4772897771618,
            118.33096653827465,
            0.0,
            125.90813778359147,
            85.38168032108943,
            33.25674059526625,
            39.16448123913213,
            80.7662500665151,
            104.79821780045414,
            78.79211945158859,
            122.01295388376776,
            45.79843816381754,
            76.04064069322011
        ],
        [
