{
    "vertices": [
        [
            23.89732460788565,
            95.79971985181545
        ],
        [
            75.08553034587155,
            36.90325351394507
        ],
        [
            63.39263106346421,
            37.883129686756725
        ],
        [
            32.74801142616744,
            73.04047295266199
        ],
        [
            98.17463034806761,
            36.74640291719028
        ],
        [
            21.397931134897675,
            4.52779190436583
        ],
        [
            57.42669605224435,
            51.830612770109695
        ],
        [
            94.96934487486539,
            4.40374031911287
        ],
        [
            4.0754354793090535,
            3.1841869198553363
        ],
        [
            46.32151587127146,
            78.47492124060524
        ],
        [
            16.13647310571572,
            42.21234010992425
        ],
        [
            73.3130725124461,
            91.36297991716688
        ],
        [
            69.46966459952756,
            92.91304872251074
        ],
        [
            27.73257823507724,
            88.96399819649511
        ],
        [
            22.677975913632377,
            18.058204019862977
        ],
        [
            96.02864967953029,
            2.9537126381570245
        ],
        [
            54.87814135595771,
            97.39633846371945
        ],
        [
            23.89732460788565,
            95.79971985181545
        ]
    ],
    "distances": [
        [
            0.0,
            78.03221228289168,
            70.10143114350407,
            24.419622777019587,
            94.8915822873755,
            91.30614327074193,
            55.29467539479985,
            115.7776193379885,
            94.71295702751854,
            28.33713113100724,
            54.146450332781605,
            49.61452208995644,
            45.663673116850404,
            7.8381286627550155,
            77.75107777444565,
            117.57256955646578,
            31.02193090975319,
            0.0
        ],
        [
            78.03221228289168,
            0.0,
            11.733884733649214,
            55.662951206689385,
            23.089632760637674,
            62.69392971788817,
            23.12272654710918,
            38.09966454083944,
            78.60921717543602,
            50.55266646054234,
            59.18764862694558,
            54.488562163861936,
            56.290630724716756,
            70.3748762734887,
            55.69279712855617,
            39.889667497995944,
            63.778929879156095,
            78.03221228289168
        ],
        [
            70.10143114350407,
            11.733884733649214,
            0.0,
            46.63830505315656,
            34.80056927670581,
            53.629594261636356,
            15.169860411965436,
            46.02128168095103,
            68.72078521895406,
            44.03540070734229,
            47.45404648516012,
            54.39218270312177,
            55.36445001695655,
            62.296825725172646,
            45.28477472250016,
            47.803492408643315,
            60.11920287154169,
            70.10143114350407
        ],
        [
            24.419622777019587,
            55.662951206689385,
            46.63830505315656,
            0.0,
            74.81912845851167,
            69.4464670594828,
            32.540676757510475,
            92.64175841780727,
            75.51170313087674,
            14.620986666965674,
            35.018808945212875,
            44.511104708801035,
            41.754030697801255,
            16.694706534865475,
            55.896829178606836,
            94.42771388282064,
            32.908218358065476,
            24.419622777019587
        ],
        [
            94.8915822873755,
            23.089632760637674,
            34.80056927670581,
            74.81912845851167,
            0.0,
            83.26283947635501,
            43.4502881033445,
            32.50110273356578,
            99.90535930369482,
            66.55835576703578,
            82.22004447283987,
            60.008895517317484,
            63.07667682785119,
            87.68557442728267,
            77.77527633392629,
            33.86076120414904,
            74.51845839013335,
            94.8915822873755
        ],
        [
            91.30614327074193,
            62.69392971788817,
            53.629594261636356,
            69.4464670594828,
            83.26283947635501,
            0.0,
            59.46115339720618,
            73.57151832396362,
            17.374525319912717,
            78.03437071689451,
            38.05007377193768,
            101.17080498577319,
            100.61235103655936,
            84.67349459477167,
            13.59082656245594,
            74.64731660297294,
            98.71925555074452,
            91.30614327074193
        ],
        [
            55.29467539479985,
            23.12272654710918,
            15.169860411965436,
            32.540676757510475,
            43.4502881033445,
            59.46115339720618,
            0.0,
            60.48767404274833,
            72.19994288588833,
            28.865969596096956,
            42.395679967889535,
            42.6049880798596,
            42.81120922391689,
            47.546071826853314,
            48.45667285385284,
            62.282117741387125,
            45.63694215244107,
            55.29467539479985
        ],
        [
            115.7776193379885,
            38.09966454083944,
            46.02128168095103,
            92.64175841780727,
            32.50110273356578,
            73.57151832396362,
            60.48767404274833,
            0.0,
            90.90209060137862,
            88.6180066908942,
            87.43061185599089,
            89.61530831340731,
            92.10934463013103,
            108.03342075701718,
            73.56960245403141,
            1.7957469044173069,
            101.26661794134709,
            115.7776193379885
        ],
        [
            94.71295702751854,
            78.60921717543602,
            68.72078521895406,
            75.51170313087674,
            99.90535930369482,
            17.374525319912717,
            72.19994288588833,
            90.90209060137862,
            0.0,
            86.33322641394736,
            40.8493007290588,
            112.11311215194746,
            111.0300582843568,
            88.98222533755116,
            23.817869243531295,
            91.9535030335783,
            107.03664990512964,
            94.71295702751854
        ],
        [
            28.33713113100724,
            50.55266646054234,
            44.03540070734229,
            14.620986666965674,
            66.55835576703578,
            78.03437071689451,
            28.865969596096956,
            88.6180066908942,
            86.33322641394736,
            0.0,
            47.18168709380421,
            29.910636676009332,
            27.281794565776266,
            21.34407032008885,
            64.87832227685615,
            90.41157061021917,
            20.766219430034564,
            28.33713113100724
        ],
        [
            54.146450332781605,
            59.18764862694558,
            47.45404648516012,
            35.018808945212875,
            82.22004447283987,
            38.05007377193768,
            42.395679967889535,
            87.43061185599089,
            40.8493007290588,
            47.18168709380421,
            0.0,
            75.39860020702655,
            73.58662357204605,
            48.16832141578977,
            25.024259214673705,
            89.01685070068791,
            67.42544425603349,
            54.146450332781605
        ],
        [
            49.61452208995644,
            54.488562163861936,
            54.39218270312177,
            44.511104708801035,
            60.008895517317484,
            101.17080498577319,
            42.6049880798596,
