{
    "vertices": [
        [
            32.31016068611526,
            1.5618276374683049
        ],
        [
            63.5973121665968,
            44.222338301306294
        ],
        [
            26.603566135361156,
            46.49367380705714
        ],
        [
            20.428351637893805,
            17.588676727576825
        ],
        [
            78.3787615000898,
            40.533013523242744
        ],
        [
            13.555164667755438,
            10.338198476490568
        ],
        [
            30.661548571597088,
            1.1749863046898068
        ],
        [
            85.24988818334347,
            84.01151041112871
        ],
        [
            11.227539689782962,
            11.545854904911524
        ],
        [
            16.57416804573333,
            17.504784387432192
        ],
        [
            62.40810573168068,
            75.64205948689165
        ],
        [
            47.64562146534963,
            54.85243737460698
        ],
        [
            93.50489564350883,
            95.70143066034666
        ],
        [
            94.22425844652889,
            34.114402493989516
        ],
        [
            32.31016068611526,
            1.5618276374683049
        ]
    ],
    "distances": [
        [
            0.0,
            52.90373349643703,
            45.2927811198903,
            19.950871610421174,
            60.34127368808948,
            20.70687230734601,
            1.6933895360731166,
            97.98247260075658,
            23.327188183577572,
            22.400877980770606,
            79.96103455327597,
            55.453272612781426,
            112.2811669150743,
            69.9501653413019,
            0.0
        ],
        [
            52.90373349643703,
            0.0,
            37.063407970709434,
            50.72387092831807,
            15.234906029137631,
            60.434687539222516,
            54.20183610825661,
            45.29914199348662,
            61.727997184649624,
            54.08330398701864,
            31.442218295227953,
            19.169127328505166,
            59.53621166600265,
            32.251824827731575,
            52.90373349643703
        ],
        [
            45.2927811198903,
            37.063407970709434,
            0.0,
            29.55726865348855,
            52.11717880003541,
            38.437991326798326,
            45.50000723505463,
            69.62024959166312,
            38.18078358641015,
            30.674819246793838,
            46.16918283275971,
            22.641488928259438,
            83.04933006647443,
            68.74448622896355,
            45.2927811198903
        ],
        [
            19.950871610421174,
            50.72387092831807,
            29.55726865348855,
            0.0,
            62.327302157156225,
            9.9905021893774,
            19.342377123361214,
            92.81069138125125,
            11.007753453133807,
            3.8550965081063744,
            71.64143356727536,
            46.14507161571743,
            106.96627323958725,
            75.62364361636797,
            19.950871610421174
        ],
        [
            60.34127368808948,
            15.234906029137631,
            52.11717880003541,
            62.327302157156225,
            0.0,
            71.51101706722258,
            61.85456099754864,
            44.01808802671046,
            73.14056299606479,
            65.9553417790377,
            38.57080442706155,
            33.90533580175793,
            57.204494434775036,
            17.096149888921246,
            60.34127368808948
        ],
        [
            20.70687230734601,
            60.434687539222516,
            38.437991326798326,
            9.9905021893774,
            71.51101706722258,
            0.0,
            19.405999782826193,
            102.80024451038581,
            2.6222646867141064,
            7.776524610335192,
            81.5549147106484,
            56.06850015246721,
            116.95657695046597,
            84.10000338032263,
            20.70687230734601
        ],
        [
            1.6933895360731166,
            54.20183610825661,
            45.50000723505463,
            19.342377123361214,
            61.85456099754864,
            19.405999782826193,
            0.0,
            99.20572840115632,
            22.028064298560032,
            21.566561976903557,
            80.95176884937018,
            56.300332906863446,
            113.51006542912327,
            71.59066437418117,
            1.6933895360731166
        ],
        [
            97.98247260075658,
            45.29914199348662,
            69.62024959166312,
            92.81069138125125,
            44.01808802671046,
            102.80024451038581,
            99.20572840115632,
            0.0,
            103.58850951938572,
            95.60072773159409,
            24.326831572202387,
            47.58500200427891,
            14.310813519868868,
            50.697738609482194,
            97.98247260075658
        ],
        [
            23.327188183577572,
            61.727997184649624,
            38.18078358641015,
            11.007753453133807,
            73.14056299606479,
            2.6222646867141064,
            22.028064298560032,
            103.58850951938572,
            0.0,
            8.005952495131767,
            82.02300763922342,
            56.583891395134664,
            117.69334829745007,
            86.01043346400982,
            23.327188183577572
        ],
        [
            22.400877980770606,
            54.08330398701864,
            30.674819246793838,
            3.8550965081063744,
            65.9553417790377,
            7.776524610335192,
            21.566561976903557,
            95.60072773159409,
            8.005952495131767,
            0.0,
            74.03169996555215,
            48.58273768796702,
            109.69527034952074,
            79.40664929901904,
            22.400877980770606
        ],
        [
            79.96103455327597,
            31.442218295227953,
            46.16918283275971,
            71.64143356727536,
            38.57080442706155,
            81.5549147106484,
            80.95176884937018,
            24.326831572202387,
            82.02300763922342,
            74.03169996555215,
            0.0,
            25.497829893645218,
            37.00525252845621,
            52.31456650775841,
            79.96103455327597
        ],
        [
            55.453272612781426,
            19.169127328505166,
            22.641488928259438,
            46.14507161571743,
            33.90533580175793,
            56.06850015246721,
            56.300332906863446,
            47.58500200427891,
            56.583891395134664,
            48.58273768796702,
            25.497829893645218,
            0.0,
            61.414275869751854,
            50.98662092877099,
            55.453272612781426
        ],
        [
            112.2811669150743,
            59.53621166600265,
            83.04933006647443,
            106.96627323958725,
            57.204494434775036,
            116.95657695046597,
            113.51006542912327,
            14.310813519868868,
            117.69334829745007,
            109.69527034952074,
            37.00525252845621,
            61.414275869751854,
            0.0,
            61.59122925552011,
            112.2811669150743
        ],
        [
            69.9501653413019,
            32.251824827731575,
            68.74448622896355,
            75.62364361636797,
            17.096149888921246,
            84.10000338032263,
            71.59066437418117,
            50.697738609482194,
            86.01043346400982,
            79.40664929901904,
            52.31456650775841,
            50.98662092877099,
            61.59122925552011,
            0.0,
            69.9501653413019
        ],
        [
            0.0,
            52.90373349643703,
