{
    "vertices": [
        [
            44.34920979420885,
            55.15654651549351
        ],
        [
            70.4863698928041,
            61.372431861544975
        ],
        [
            59.024974452044475,
            40.86194194963353
        ],
        [
            48.50291795453704,
            18.225501486462502
        ],
        [
            77.35493941387207,
            86.43045371693717
        ],
        [
            65.38835365659858,
            2.6572765731935344
        ],
        [
            71.70547934123633,
            88.2791831299543
        ],
        [
            4.554006152343226,
            62.61940246082378
        ],
        [
            15.649713449735547,
            22.418739450603596
        ],
        [
            30.58384121684251,
            5.281350880574742
        ],
        [
            98.24824497514204,
            19.321230405496394
        ],
        [
            77.63164304759592,
            81.96085686413983
        ],
        [
            83.38076906204262,
            70.39061243019054
        ],
        [
            26.387537359677072,
            27.939987231738485
        ],
        [
            30.534392949504387,
            75.36070374532977
        ],
        [
            44.34920979420885,
            55.15654651549351
        ]
    ],
    "distances": [
        [
            0.0,
            26.86611934490832,
            20.486917483762216,
            37.16389885920869,
            45.46906046281167,
            56.55810215112255,
            42.95898671783637,
            40.48891764123001,
            43.53648012695092,
            51.739931500652034,
            64.72461567393732,
            42.733960927261506,
            41.89915730861128,
            32.60924371848527,
            24.47564368552286,
            0.0
        ],
        [
            26.86611934490832,
            0.0,
            23.495611970665642,
            48.424474802668875,
            25.982334509644367,
            58.936060523925754,
            26.934355230213026,
            65.94415458613376,
            67.26402487438114,
            68.83619077454604,
            50.38874132169327,
            21.793076252426168,
            15.735091696725359,
            55.33927524561431,
            42.33003912084935,
            26.86611934490832
        ],
        [
            20.486917483762216,
            23.495611970665642,
            0.0,
            24.96241394135241,
            49.116971406925295,
            38.73098309398697,
            49.08349993019576,
            58.655549399891065,
            47.13348051479591,
            45.550812512249394,
            44.74893523153168,
            45.11461984074019,
            38.27724012299912,
            35.10241036865659,
            44.742349064270975,
            20.486917483762216
        ],
        [
            37.16389885920869,
            48.424474802668875,
            24.96241394135241,
            0.0,
            74.05642882998923,
            22.967097461337666,
            73.79618666781671,
            62.46859444807771,
            33.119726612069485,
            22.105301310755518,
            49.757393242119726,
            70.07623099643573,
            62.75080316337618,
            24.154943430914493,
            59.89406671798263,
            37.16389885920869
        ],
        [
            45.46906046281167,
            25.982334509644367,
            49.116971406925295,
            74.05642882998923,
            0.0,
            84.62354508907809,
            5.944257695865835,
            76.59596624934525,
            88.910260794803,
            93.66275950292467,
            70.28640032567766,
            4.47815374093519,
            17.134384478375424,
            77.58099472042177,
            48.11135973609471,
            45.46906046281167
        ],
        [
            56.55810215112255,
            58.936060523925754,
            38.73098309398697,
            22.967097461337666,
            84.62354508907809,
            0.0,
            85.85462689529426,
            85.41823211254443,
            53.520535728662395,
            34.90329285525641,
            36.84372151115586,
            80.24310551115451,
            70.08232158282728,
            46.47880301890229,
            80.62621719729746,
            56.55810215112255
        ],
        [
            42.95898671783637,
            26.934355230213026,
            49.08349993019576,
            73.79618666781671,
            5.944257695865835,
            85.85462689529426,
            0.0,
            71.88702730970668,
            86.4861083141314,
            92.62628827784124,
            73.88990222922898,
            8.662601403496222,
            21.361492264006547,
            75.46213903069032,
            43.150266097515825,
            42.95898671783637
        ],
        [
            40.48891764123001,
            65.94415458613376,
            58.655549399891065,
            62.46859444807771,
            76.59596624934525,
            85.41823211254443,
            71.88702730970668,
            0.0,
            41.70381309773353,
            62.96986956080134,
            103.21502842084769,
            75.59386795653435,
            79.20890262596716,
            40.980055217299714,
            28.93650387577359,
            40.48891764123001
        ],
        [
            43.53648012695092,
            67.26402487438114,
            47.13348051479591,
            33.119726612069485,
            88.910260794803,
            53.520535728662395,
            86.4861083141314,
            41.70381309773353,
            0.0,
            22.73143768362289,
            82.65659061707113,
            85.94779428677303,
            82.99877403628959,
            12.07414756335199,
            54.99459307236394,
            43.53648012695092
        ],
        [
            51.739931500652034,
            68.83619077454604,
            45.550812512249394,
            22.105301310755518,
            93.66275950292467,
            34.90329285525641,
            92.62628827784124,
            62.96986956080134,
            22.73143768362289,
            0.0,
            69.10564197690731,
            89.96244936077184,
            83.82560187333905,
            23.043931247856573,
            70.07937031019894,
            51.739931500652034
        ],
        [
            64.72461567393732,
            50.38874132169327,
            44.74893523153168,
            49.757393242119726,
            70.28640032567766,
            36.84372151115586,
            73.88990222922898,
            103.21502842084769,
            82.65659061707113,
            69.10564197690731,
            0.0,
            65.94518237079402,
            53.18950667576026,
            72.3757160118312,
            87.89532597559355,
            64.72461567393732
        ],
        [
            42.733960927261506,
            21.793076252426168,
            45.11461984074019,
            70.07623099643573,
            4.47815374093519,
            80.24310551115451,
            8.662601403496222,
            75.59386795653435,
            85.94779428677303,
            89.96244936077184,
            65.94518237079402,
            0.0,
            12.919868659987308,
            74.45947034189471,
            47.557470370005184,
            42.733960927261506
        ],
        [
            41.89915730861128,
            15.735091696725359,
            38.27724012299912,
            62.75080316337618,
            17.134384478375424,
            70.08232158282728,
            21.361492264006547,
            79.20890262596716,
            82.99877403628959,
            83.82560187333905,
            53.18950667576026,
            12.919868659987308,
            0.0,
            71.06535048544387,
            53.07957494091935,
            41.89915730861128
        ],
        [
            32.60924371848527,
            55.33927524561431,
