{
    "vertices": [
        [
            44.82143240866158,
            24.749352066315478
        ],
        [
            87.4251936723351,
            29.664149145978914
        ],
        [
            8.049713899435762,
            10.594251035754931
        ],
        [
            52.66344231035662,
            77.59676271678278
        ],
        [
            96.80730695204738,
            25.941976176774695
        ],
        [
            62.53958752410635,
            51.340501605579504
        ],
        [
            9.49918143022277,
            3.171930261350142
        ],
        [
            46.19888666993713,
            25.566543741611813
        ],
        [
            26.495669979255076,
            2.3141562524544357
        ],
        [
            52.253947244586975,
            27.3810857532922
        ],
        [
            46.868357724028264,
            85.56144407952287
        ],
        [
            44.82143240866158,
            24.749352066315478
        ]
    ],
    "distances": [
        [
            0.0,
            42.88631138424423,
            39.40210866574424,
            53.42607913516962,
            51.99955292413096,
            31.953438852719174,
            41.39138250811653,
            1.6016187049606436,
            28.96845836121306,
            7.884687627637458,
            60.846531850792374,
            0.0
        ],
        [
            42.88631138424423,
            0.0,
            81.63410931168586,
            59.210765925463456,
            10.093494003863489,
            33.0023885395829,
            82.30614220936931,
            41.429443142599276,
            66.78644300111692,
            35.24526852978157,
            69.06058588678113,
            42.88631138424423
        ],
        [
            39.40210866574424,
            81.63410931168586,
            0.0,
            80.4967162950743,
            90.07476334410933,
            68.03971827639722,
            7.562526152084811,
            40.98205621907493,
            20.219131171221555,
            47.28437443243267,
            84.42136661557986,
            39.40210866574424
        ],
        [
            53.42607913516962,
            59.210765925463456,
            80.4967162950743,
            0.0,
            67.94775756415892,
            28.052263577521813,
            86.03609186467894,
            52.43027909741012,
            79.70083528317187,
            50.21734659567875,
            9.849830179890409,
            53.42607913516962
        ],
        [
            51.99955292413096,
            10.093494003863489,
            90.07476334410933,
            67.94775756415892,
            0.0,
            42.653976236099396,
            90.22850864956833,
            50.60981281297215,
            74.17546877620552,
            44.57659585023941,
            77.77132892657481,
            51.99955292413096
        ],
        [
            31.953438852719174,
            33.0023885395829,
            68.03971827639722,
            28.052263577521813,
            42.653976236099396,
            0.0,
            71.64841899126733,
            30.517460713156144,
            60.85019745788772,
            26.07389506657008,
            37.638548686842284,
            31.953438852719174
        ],
        [
            41.39138250811653,
            82.30614220936931,
            7.562526152084811,
            86.03609186467894,
            90.22850864956833,
            71.64841899126733,
            0.0,
            42.99287240476304,
            17.018119733029362,
            49.133015473041695,
            90.46815640916084,
            41.39138250811653
        ],
        [
            1.6016187049606436,
            41.429443142599276,
            40.98205621907493,
            52.43027909741012,
            50.60981281297215,
            30.517460713156144,
            42.99287240476304,
            0.0,
            30.47770122410636,
            6.321101270730599,
            59.99863546821833,
            1.6016187049606436
        ],
        [
            28.96845836121306,
            66.78644300111692,
            20.219131171221555,
            79.70083528317187,
            74.17546877620552,
            60.85019745788772,
            17.018119733029362,
            30.47770122410636,
            0.0,
            35.942173032215024,
            85.70389335677119,
            28.96845836121306
        ],
        [
            7.884687627637458,
            35.24526852978157,
            47.28437443243267,
            50.21734659567875,
            44.57659585023941,
            26.07389506657008,
            49.133015473041695,
            6.321101270730599,
            35.942173032215024,
            0.0,
            58.42909095179002,
            7.884687627637458
        ],
        [
            60.846531850792374,
            69.06058588678113,
            84.42136661557986,
            9.849830179890409,
            77.77132892657481,
            37.638548686842284,
            90.46815640916084,
            59.99863546821833,
            85.70389335677119,
            58.42909095179002,
            0.0,
            60.846531850792374
        ],
        [
            0.0,
            42.88631138424423,
            39.40210866574424,
            53.42607913516962,
            51.99955292413096,
            31.953438852719174,
            41.39138250811653,
            1.6016187049606436,
            28.96845836121306,
            7.884687627637458,
            60.846531850792374,
            0.0
        ]
    ],
    "scores_ave": [
        0,
        17.376339138840272,
        18.49688636410935,
        19.86773211257341,
        19.80197314959723,
        19.485504423146367,
        11.699875556969758,
        19.784507194681886,
        16.29485190747637,
        15.741540159514372,
        10.097269518619264,
        0
    ],
    "scores_var": [
        0,
        24.77083576847266,
        16.640434189571778,
        325.00509017331274,
        18.663835564875953,
        17.78009464995755,
        230.18395910973604,
        378.8050263969293,
        19.809491167480182,
        248.99524122507276,
        328.20956973448403,
        0
    ],
    "vertex_number": 12,
    "minimum_distances": {
        "cost": 271.46776298869634,
        "path": [
            0,
            7,
            9,
            4,
            1,
            5,
            3,
            10,
            2,
            6,
            8,
            11
        ]
    }
}