{
    "vertices": [
        [
            76.34031825172704,
            97.39542529725918
        ],
        [
            62.45597760845168,
            59.703413813590664
        ],
        [
            19.069585068201643,
            14.734578545431242
        ],
        [
            26.59194188648376,
            79.98414374668627
        ],
        [
            2.6478850449523694,
            61.32034017704652
        ],
        [
            11.192210809825188,
            62.348101359426344
        ],
        [
            79.87868087150312,
            41.32114717272437
        ],
        [
            63.545148981767106,
            90.61353544619261
        ],
        [
            84.28018578076788,
            4.850721947825242
        ],
        [
            80.23944184650898,
            75.30702983498448
        ],
        [
            26.73602322802425,
            38.31648027029952
        ],
        [
            4.999161109435491,
            99.85629105937954
        ],
        [
            43.36812924079966,
            19.581577521358216
        ],
        [
            11.546886165426951,
            39.77276807939254
        ],
        [
            42.496724761078156,
            11.555260177183069
        ],
        [
            76.34031825172704,
            97.39542529725918
        ]
    ],
    "distances": [
        [
            0.0,
            40.1679305514176,
            100.56218208207169,
            52.70724500684149,
            82.0486835870359,
            73.97696140329757,
            56.18580494410231,
            14.481380686900222,
            92.88467911562944,
            22.42989921745577,
            77.14212746805124,
            71.38358748830373,
            84.51130192976208,
            86.70962729922059,
            92.27092049070619,
            0.0
        ],
        [
            40.1679305514176,
            0.0,
            62.486600187812456,
            41.20117795507492,
            59.82994557033243,
            51.33194091985085,
            25.327027378834828,
            30.929305094403542,
            59.03485298761403,
            23.658496005650072,
            41.63311263075304,
            70.09664266794103,
            44.43093182420527,
            54.67143889579242,
            52.12117106148421,
            40.1679305514176
        ],
        [
            100.56218208207169,
            62.486600187812456,
            0.0,
            65.68174488436179,
            49.39539875789306,
            48.26075610644081,
            66.36709850361747,
            87.95278213778826,
            65.95538694099052,
            86.08584804428618,
            24.796781303623455,
            86.27678002618481,
            24.77726070372458,
            26.143869910944264,
            23.641889507317945,
            100.56218208207169
        ],
        [
            52.70724500684149,
            41.20117795507492,
            65.68174488436179,
            0.0,
            30.35877833043655,
            23.41328059710199,
            65.83543009456056,
            38.45157321265846,
            94.72573332950226,
            53.85099485157113,
            41.66791258287838,
            29.3453645488184,
            62.68899798810195,
            42.93376800032728,
            70.25293036490802,
            52.70724500684149
        ],
        [
            82.0486835870359,
            59.82994557033243,
            49.39539875789306,
            30.35877833043655,
            0.0,
            8.60591632682286,
            79.77821472574136,
            67.57638673432015,
            99.26051735900144,
            78.8421028034936,
            33.307896537247856,
            38.60761595251635,
            58.311770641932284,
            23.312873787798107,
            63.75337806041569,
            82.0486835870359
        ],
        [
            73.97696140329757,
            51.33194091985085,
            48.26075610644081,
            23.41328059710199,
            8.60591632682286,
            0.0,
            71.83288920754505,
            59.49592338428324,
            92.99355205902587,
            70.25278600217803,
            28.620428310273844,
            38.01602503102043,
            53.5188311537983,
            22.578119215569597,
            59.66477444094447,
            73.97696140329757
        ],
        [
            56.18580494410231,
            25.327027378834828,
            66.36709850361747,
            65.83543009456056,
            79.77821472574136,
            71.83288920754505,
            0.0,
            51.92806375838958,
            36.73506719132607,
            33.9877973516084,
            53.227531265375546,
            95.04370336655292,
            42.49269665489428,
            68.34933537036045,
            47.78513023183125,
            56.18580494410231
        ],
        [
            14.481380686900222,
            30.929305094403542,
            87.95278213778826,
            38.45157321265846,
            67.57638673432015,
            59.49592338428324,
            51.92806375838958,
            0.0,
            88.23379131722528,
            22.649250059984716,
            63.95227688538745,
            59.27108255525876,
            73.84206912230205,
            72.72278159120611,
            81.81226711615179,
            14.481380686900222
        ],
        [
            92.88467911562944,
            59.03485298761403,
            65.95538694099052,
            94.72573332950226,
            99.26051735900144,
            92.99355205902587,
            36.73506719132607,
            88.23379131722528,
            0.0,
            70.57208323857547,
            66.56791737762897,
            123.73980376235747,
            43.48326662358572,
            80.68260146370014,
            42.31794474750459,
            92.88467911562944
        ],
        [
            22.42989921745577,
            23.658496005650072,
            86.08584804428618,
            53.85099485157113,
            78.8421028034936,
            70.25278600217803,
            33.9877973516084,
            22.649250059984716,
            70.57208323857547,
            0.0,
            65.04549608514208,
            79.1439578998752,
            66.81930655750756,
            77.33919423237792,
            74.08644159016033,
            22.42989921745577
        ],
        [
            77.14212746805124,
            41.63311263075304,
            24.796781303623455,
            41.66791258287838,
            33.307896537247856,
            28.620428310273844,
            53.227531265375546,
            63.95227688538745,
            66.56791737762897,
            65.04549608514208,
            0.0,
            65.26591366646382,
            25.052415680578356,
            15.258789561733916,
            31.057408354307793,
            77.14212746805124
        ],
        [
            71.38358748830373,
            70.09664266794103,
            86.27678002618481,
            29.3453645488184,
            38.60761595251635,
            38.01602503102043,
            95.04370336655292,
            59.27108255525876,
            123.73980376235747,
            79.1439578998752,
            65.26591366646382,
            0.0,
            88.97307092079616,
            60.43924583493315,
            95.93299398365303,
            71.38358748830373
        ],
        [
            84.51130192976208,
            44.43093182420527,
            24.77726070372458,
            62.68899798810195,
            58.311770641932284,
            53.5188311537983,
            42.49269665489428,
            73.84206912230205,
            43.48326662358572,
            66.81930655750756,
            25.052415680578356,
            88.97307092079616,
            0.0,
            37.686545172154084,
            8.073482264592243,
            84.51130192976208
        ],
        [
            86.70962729922059,
            54.67143889579242,
