{
    "vertices": [
        [
            20.771290214362846,
            87.84226307526895
        ],
        [
            36.43888437510182,
            35.56811845494233
        ],
        [
            76.92484100602096,
            49.307276726728865
        ],
        [
            53.81290313519149,
            60.84527421697877
        ],
        [
            14.716189675681001,
            13.206199772778726
        ],
        [
            39.81406322492731,
            33.05219234687263
        ],
        [
            54.65992469343679,
            0.007816059867982172
        ],
        [
            88.37285545922924,
            39.7860750128047
        ],
        [
            22.832376358044925,
            73.93207509915565
        ],
        [
            3.265364318867625,
            66.51118344742363
        ],
        [
            17.608002041787163,
            48.900158359613144
        ],
        [
            34.64967913896954,
            73.26677974301754
        ],
        [
            80.5015312558736,
            84.2913538107196
        ],
        [
            57.07796013200479,
            57.35579561998369
        ],
        [
            84.1998304862257,
            9.790621820281476
        ],
        [
            5.922354288611875,
            43.715006786328445
        ],
        [
            12.451332321336405,
            38.46128649815661
        ],
        [
            13.69700447690686,
            85.2472214146469
        ],
        [
            21.948898403943616,
            36.98659934295077
        ],
        [
            53.65534072481564,
            89.75783377644505
        ],
        [
            66.63450278605207,
            63.92892291675392
        ],
        [
            20.771290214362846,
            87.84226307526895
        ]
    ],
    "distances": [
        [
            0.0,
            54.57160161267437,
            68.10408533556189,
            42.66832070546618,
            74.88128062357688,
            58.00499163308752,
            94.14525813527497,
            82.94196063905687,
            14.062055526219668,
            27.594789355022215,
            39.07037127732291,
            20.125963169781077,
            59.8356971337515,
            47.408849157206646,
            100.5745416276733,
            46.55862590022279,
            50.07696623250104,
            7.5352345627417066,
            50.8692961883963,
            32.939796433572795,
            51.72312930336678,
            0.0
        ],
        [
            54.57160161267437,
            0.0,
            42.75368000930289,
            30.672318648811014,
            31.17580587814761,
            4.209716908483996,
            39.95674432072161,
            52.10497586690735,
            40.705407869438105,
            45.36469667098299,
            23.07261184761875,
            37.741095880883265,
            65.6922408939903,
            30.01123663475473,
            54.273265114415494,
            31.585287682776002,
            24.161396376417937,
            54.63704212514484,
            14.559250718151906,
            56.85887455681046,
            41.42596529884162,
            54.57160161267437
        ],
        [
            68.10408533556189,
            42.75368000930289,
            0.0,
            25.831900012002492,
            71.92498910375195,
            40.514659022555776,
            54.09402296418468,
            14.889940127418186,
            59.43379027603077,
            75.64187274439767,
            59.31823606677535,
            48.59266503982822,
            35.16643801356624,
            21.41675364761122,
            40.18073527117619,
            71.22237431553486,
            65.37942203899006,
            72.72852904000591,
            56.33962509798981,
            46.666017710635636,
            17.87969792775109,
            68.10408533556189
        ],
        [
            42.66832070546618,
            30.672318648811014,
            25.831900012002492,
            0.0,
            61.62819498602164,
            31.11949419048497,
            60.84335428408215,
            40.470732335366115,
            33.63119677798042,
            50.864095468172906,
            38.12454138778692,
            22.83687705144441,
            35.524660720126434,
            4.778813458519412,
            59.41332245536029,
            50.862075567875,
            47.030016440417384,
            46.954662731187256,
            39.80642114354871,
            28.912988883767248,
            13.18720239135553,
            42.66832070546618
        ],
        [
            74.88128062357688,
            31.17580587814761,
            71.92498910375195,
            61.62819498602164,
            0.0,
            31.99635413519715,
            42.06779409241609,
            78.30577361934861,
            61.265850360683444,
            54.52102975830886,
            35.810909767268065,
            63.28204538843926,
            96.85458322361622,
            61.18583504101096,
            69.56753921936853,
            31.75088732941002,
            25.356438715677072,
            72.04823063527319,
            24.855974719671025,
            85.88603002269114,
            72.58309637489218,
            74.88128062357688
        ],
        [
            58.00499163308752,
            4.209716908483996,
            40.514659022555776,
            31.11949419048497,
            31.99635413519715,
            0.0,
            36.22610118325362,
            49.02347885465333,
            44.26672003531832,
            49.55109965674384,
            27.281260601562057,
            40.544838172441516,
            65.4287530240907,
            29.81119367745904,
            50.1118448945728,
            35.52947433320947,
            27.89224519539048,
            58.36455959769895,
            18.293268502148596,
            58.37046113204996,
            40.898758770126356,
            58.00499163308752
        ],
        [
            94.14525813527497,
            39.95674432072161,
            54.09402296418468,
            60.84335428408215,
            42.06779409241609,
            36.22610118325362,
            0.0,
            52.142799945399986,
            80.48471225984107,
            84.04819278235217,
            61.3457912797551,
            75.94264735363853,
            88.15613061793836,
            57.39893426719367,
            31.117668980706487,
            65.46502341070732,
            57.09846459216279,
            94.57122743150853,
            49.37045324897389,
            89.75563976194427,
            65.033056381394,
            94.14525813527497
        ],
        [
            82.94196063905687,
            52.10497586690735,
            14.889940127418186,
            40.470732335366115,
            78.30577361934861,
            49.02347885465333,
            52.142799945399986,
            0.0,
            73.90198727172266,
            89.20491280780936,
            71.34935875286222,
            63.301953075473186,
            45.195990813284155,
            35.889630198098516,
            30.284341657862782,
            82.54405883022098,
            75.93308067098384,
            87.42538848700502,
            66.4829236338816,
            60.84802793242926,
            32.48742959756365,
            82.94196063905687
        ],
        [
            14.062055526219668,
            40.705407869438105,
            59.43379027603077,
            33.63119677798042,
            61.265850360683444,
            44.26672003531832,
            80.48471225984107,
            73.90198727172266,
            0.0,
            20.92695852358998,
            25.571291376302494,
            11.83601550045232,
            58.592201546397106,
            38.046459091365136,
            88.76987357713409,
            34.62686910205396,
            36.95866500928903,
            14.542611716870638,
            36.95603756015661,
