{
    "vertices": [
        [
            91.21076357371969,
            96.9449927328456
        ],
        [
            14.850481050420761,
            44.81690787759568
        ],
        [
            65.4726251090377,
            40.70019920083969
        ],
        [
            99.46855925997801,
            12.390051351730735
        ],
        [
            16.771726531124177,
            93.13938664770022
        ],
        [
            7.6339316114578,
            51.57925273968317
        ],
        [
            79.0343401830302,
            1.3674538594945163
        ],
        [
            41.44310487862678,
            39.7337618414902
        ],
        [
            82.17760039803908,
            87.28708127273629
        ],
        [
            29.88945611569661,
            19.051722459371213
        ],
        [
            81.21906240467634,
            95.34684318369683
        ],
        [
            54.70478288487557,
            73.85109405870568
        ],
        [
            31.040936512948146,
            85.67045359257149
        ],
        [
            16.15908160467382,
            31.837003415232502
        ],
        [
            67.95331739557204,
            93.45411438712092
        ],
        [
            80.73038315910918,
            47.70928141764787
        ],
        [
            67.77395932285316,
            61.59448881699231
        ],
        [
            83.72456006008986,
            67.36741943659182
        ],
        [
            91.21076357371969,
            96.9449927328456
        ]
    ],
    "distances": [
        [
            0.0,
            92.45663836477168,
            61.85409098099427,
            84.95722042039604,
            74.5362520757799,
            95.09541106686157,
            96.3500452707536,
            75.82839040949791,
            13.22396652785325,
            99.13457672405691,
            10.118704177556863,
            43.19739323183404,
            61.21701823307574,
            99.35695868616968,
            23.517972581710442,
            50.33878864601771,
            42.41393545284609,
            30.510261964505464,
            0.0
        ],
        [
            92.45663836477168,
            0.0,
            50.78925830744769,
            90.61854216454697,
            48.36065692982599,
            9.889787350534776,
            77.50756626049962,
            27.07408383847633,
            79.60311946062008,
            29.833128408691497,
            83.4150043638146,
            49.30871466496756,
            43.94477267627745,
            13.045702559182736,
            72.01034012522177,
            65.94336453765126,
            55.51920185512963,
            72.47181749482041,
            92.45663836477168
        ],
        [
            61.85409098099427,
            50.78925830744769,
            0.0,
            44.240117653928976,
            71.56567544838234,
            58.852937661666594,
            41.60510752101556,
            24.04894683085465,
            49.49135056337569,
            41.651151974880264,
            56.8700798847216,
            34.855820977875915,
            56.6380169112157,
            50.103710566092744,
            52.812208831877356,
            16.790664496573623,
            21.02064408450276,
            32.31522496532474,
            61.85409098099427
        ],
        [
            84.95722042039604,
            90.61854216454697,
            44.240117653928976,
            0.0,
            115.58209763680937,
            99.84684442068185,
            23.2175572522294,
            64.14539624563913,
            76.86704332386712,
            69.8972778891204,
            84.94041115113478,
            76.03456744132092,
            100.26144277532245,
            85.54912630623275,
            86.97466749334383,
            39.98208668937074,
            58.52883333406904,
            57.187275790549606,
            84.95722042039604
        ],
        [
            74.5362520757799,
            48.36065692982599,
            71.56567544838234,
            115.58209763680937,
            0.0,
            42.5528380539558,
            110.89959741337864,
            58.82888466142542,
            65.66717455850079,
            75.239994778951,
            64.48512980181367,
            42.55531688679501,
            16.10575408006031,
            61.30544448730671,
            51.1825585230525,
            78.45128564191998,
            59.9692281832234,
            71.74173270480605,
            74.5362520757799
        ],
        [
            95.09541106686157,
            9.889787350534776,
            58.852937661666594,
            99.84684442068185,
            42.5528380539558,
            0.0,
            87.28827579332739,
            35.82423553446222,
            82.65474925683009,
            39.41254365167751,
            85.6176001014394,
            52.073985399083234,
            41.353329419169704,
            21.504292380722596,
            73.42977828759159,
            73.19882449118649,
            60.96825310611775,
            77.71132443445518,
            95.09541106686157
        ],
        [
            96.3500452707536,
            77.50756626049962,
            41.60510752101556,
            23.2175572522294,
            110.89959741337864,
            87.28827579332739,
            0.0,
            53.71289007194056,
            85.97710427555434,
            52.22980936117079,
            94.00477981962273,
            76.45786718744442,
            97.00702325004423,
            69.86910326764435,
            92.7509682598865,
            46.37285351589148,
            61.27064482187129,
            66.16640853690937,
            96.3500452707536
        ],
        [
            75.82839040949791,
            27.07408383847633,
            24.04894683085465,
            64.14539624563913,
            58.82888466142542,
            35.82423553446222,
            53.71289007194056,
            0.0,
            62.6148330202289,
            23.690368353841155,
            68.37354469009918,
            36.604159069172354,
            47.09973201348161,
            26.48849989260371,
            59.905489275361525,
            40.08864112436014,
            34.222876554440624,
            50.51079572077031,
            75.82839040949791
        ],
        [
            13.22396652785325,
            79.60311946062008,
            49.49135056337569,
            76.86704332386712,
            65.66717455850079,
            82.65474925683009,
            85.97710427555434,
            62.6148330202289,
            0.0,
            85.96577356645923,
            8.116560672236133,
            30.58237163019208,
            51.16221142946264,
            86.21575237781755,
            15.503629393409442,
            39.60425077066971,
            29.45461225885914,
            19.97963993325112,
            13.22396652785325
        ],
        [
            99.13457672405691,
            29.833128408691497,
            41.651151974880264,
            69.8972778891204,
            75.239994778951,
            39.41254365167751,
            52.22980936117079,
            23.690368353841155,
            85.96577356645923,
            0.0,
            91.9547384756277,
            60.15622636388585,
            66.628681848757,
            18.761305747022348,
            83.57376059568024,
            58.36142174485387,
            56.96597714963022,
            72.33688541192681,
            99.13457672405691
        ],
        [
            10.118704177556863,
            83.4150043638146,
            56.8700798847216,
            84.94041115113478,
            64.48512980181367,
            85.6176001014394,
            94.00477981962273,
            68.37354469009918,
            8.116560672236133,
            91.9547384756277,
            0.0,
            34.133183984191746,
            51.102610828854544,
            90.91919956264854,
