{
    "vertices": [
        [
            12.343875531582782,
            74.79698325174812
        ],
        [
            25.485598773193274,
            59.89356985417484
        ],
        [
            68.5623902183909,
            90.40016466028365
        ],
        [
            26.507412551553866,
            52.90732191886451
        ],
        [
            37.87037550895596,
            39.77439041758327
        ],
        [
            6.151947766273214,
            74.18126357416104
        ],
        [
            58.27823105361044,
            26.81520517632652
        ],
        [
            54.15004729118715,
            91.28610186551602
        ],
        [
            80.9764173801039,
            54.54223964924141
        ],
        [
            95.71357095690894,
            83.41809100986175
        ],
        [
            46.638461569873144,
            98.52429469677104
        ],
        [
            11.739547365482906,
            65.02639256940333
        ],
        [
            91.83997430151378,
            89.83662902311956
        ],
        [
            56.28672601173172,
            19.714058130523206
        ],
        [
            8.065297530219695,
            10.470322450931413
        ],
        [
            12.343875531582782,
            74.79698325174812
        ]
    ],
    "distances": [
        [
            0.0,
            19.869992970760002,
            58.343642872711754,
            26.07226599635005,
            43.33802268127294,
            6.222465763037952,
            66.42451388232391,
            44.94048319558268,
            71.55892983403461,
            83.81425662910014,
            41.702565148283334,
            9.789262220119781,
            80.90624614062227,
            70.46348521206708,
            64.4687949282215,
            0.0
        ],
        [
            19.869992970760002,
            0.0,
            52.78505742989351,
            7.060578135767312,
            23.625496312172107,
            24.040138375090816,
            46.57826683807999,
            42.51048899887887,
            55.74825274954625,
            74.06329166760753,
            44.042893937155654,
            14.673097775499954,
            72.79759573054803,
            50.62709355192825,
            52.403475832030026,
            19.869992970760002
        ],
        [
            58.343642872711754,
            52.78505742989351,
            0.0,
            56.34123182351401,
            59.20277683180947,
            64.48345585892962,
            64.41126456065747,
            14.439546855179874,
            37.94599921558631,
            28.034549540800338,
            23.38076423547901,
            62.23073019020598,
            23.284404505187787,
            71.74411187025244,
            100.24309402314519,
            58.343642872711754
        ],
        [
            26.07226599635005,
            7.060578135767312,
            56.34123182351401,
            0.0,
            17.366370288250717,
            29.44359930745155,
            41.11184092687716,
            47.29742070707747,
            54.4935357909331,
            75.63332196691648,
            49.86148152630684,
            19.103971199379412,
            75.04743398686398,
            44.59372457063819,
            46.27105499447224,
            26.07226599635005
        ],
        [
            43.33802268127294,
            23.625496312172107,
            59.20277683180947,
            17.366370288250717,
            0.0,
            46.79627740409079,
            24.17480196503565,
            54.02299630372477,
            45.56555954584718,
            72.46107824907477,
            59.4005941551545,
            36.33846160941941,
            73.61348604724074,
            27.231946263687316,
            41.79797928982573,
            43.33802268127294
        ],
        [
            6.222465763037952,
            24.040138375090816,
            64.48345585892962,
            29.44359930745155,
            46.79627740409079,
            0.0,
            70.43218651652668,
            50.9548138155459,
            77.35885543177741,
            90.03667769091845,
            47.24130569962527,
            10.725340665677791,
            87.10641973382063,
            74.02818691931304,
            63.73966524956674,
            6.222465763037952
        ],
        [
            66.42451388232391,
            46.57826683807999,
            64.41126456065747,
            41.11184092687716,
            24.17480196503565,
            70.43218651652668,
            0.0,
            64.60292888936601,
            35.832891359398076,
            67.86229703126558,
            72.64762730802478,
            60.2158112243987,
            71.40091367423332,
            7.375119097204428,
            52.806191723427446,
            66.42451388232391
        ],
        [
            44.94048319558268,
            42.51048899887887,
            14.439546855179874,
            47.29742070707747,
            54.02299630372477,
            50.9548138155459,
            64.60292888936601,
            0.0,
            45.494675982098165,
            42.301679568732354,
            10.431459893566194,
            49.88208933339207,
            37.717788503100145,
            71.60393034155703,
            93.03222217553328,
            44.94048319558268
        ],
        [
            71.55892983403461,
            55.74825274954625,
            37.94599921558631,
            54.4935357909331,
            45.56555954584718,
            77.35885543177741,
            35.832891359398076,
            45.494675982098165,
            0.0,
            32.4191068252501,
            55.798892241954825,
            70.02614962908402,
            36.92845502129266,
            42.691721536689705,
            85.19604030293233,
            71.55892983403461
        ],
        [
            83.81425662910014,
            74.06329166760753,
            28.034549540800338,
            75.63332196691648,
            72.46107824907477,
            90.03667769091845,
            67.86229703126558,
            42.301679568732354,
            32.4191068252501,
            0.0,
            51.34748047548118,
            85.96447644031886,
            7.496824746272517,
            74.91782102692852,
            114.03331430949004,
            83.81425662910014
        ],
        [
            41.702565148283334,
            44.042893937155654,
            23.38076423547901,
            49.86148152630684,
            59.4005941551545,
            47.24130569962527,
            72.64762730802478,
            10.431459893566194,
            55.798892241954825,
            51.34748047548118,
            0.0,
            48.37399776305548,
            46.02882019002673,
            79.39862967563091,
            96.13215389400733,
            41.702565148283334
        ],
        [
            9.789262220119781,
            14.673097775499954,
            62.23073019020598,
            19.103971199379412,
            36.33846160941941,
            10.725340665677791,
            60.2158112243987,
            49.88208933339207,
            70.02614962908402,
            85.96447644031886,
            48.37399776305548,
            0.0,
            83.8547925179219,
            63.54257452796297,
            54.679657082168646,
            9.789262220119781
        ],
        [
            80.90624614062227,
            72.79759573054803,
            23.284404505187787,
            75.04743398686398,
            73.61348604724074,
            87.10641973382063,
            71.40091367423332,
            37.717788503100145,
            36.92845502129266,
            7.496824746272517,
            46.02882019002673,
            83.8547925179219,
            0.0,
            78.62066148629182,
            115.40020401648064,
            80.90624614062227
        ],
        [
            70.46348521206708,
            50.62709355192825,
