{
    "vertices": [
        [
            52.456193540737615,
            46.5172474982672
        ],
        [
            63.69766554312207,
            97.21406959378798
        ],
        [
            36.605129897605906,
            0.08936961481905703
        ],
        [
            5.62608673193451,
            79.18484495127703
        ],
        [
            94.0528517954644,
            74.25923394053915
        ],
        [
            94.86036146524678,
            58.58873008151521
        ],
        [
            37.0943339033861,
            12.535455504739733
        ],
        [
            28.71114194835015,
            97.92459337264857
        ],
        [
            4.5017248027799495,
            98.5761889419376
        ],
        [
            69.9799401186011,
            55.98707794024138
        ],
        [
            39.33601449278418,
            10.386277798110699
        ],
        [
            27.06553102886694,
            14.641793439119443
        ],
        [
            49.5093697704761,
            40.59549868900439
        ],
        [
            80.57894219673098,
            54.47279943847227
        ],
        [
            17.947787325275456,
            3.236877390431292
        ],
        [
            46.482452397343174,
            90.45370309813767
        ],
        [
            30.57661234058372,
            63.80699667339772
        ],
        [
            42.678776777352866,
            18.00680140709251
        ],
        [
            0.7109687774824347,
            17.27129916647354
        ],
        [
            71.66143705374658,
            91.38536161725314
        ],
        [
            52.456193540737615,
            46.5172474982672
        ]
    ],
    "distances": [
        [
            0.0,
            51.928204892575266,
            49.05918938770784,
            57.098431038652905,
            49.99899788719501,
            44.08893454289446,
            37.2927461929134,
            56.62634267700341,
            70.77968957388315,
            19.91881981255223,
            38.43938175522577,
            40.75205901876069,
            6.6144447456293625,
            29.226354521928954,
            55.35359551287164,
            44.34070042215924,
            27.88640349763759,
            30.14039506845747,
            59.43815087656868,
            48.80562511625395,
            0.0
        ],
        [
            51.928204892575266,
            0.0,
            100.83259807080391,
            60.805930688001915,
            38.05734899177894,
            49.62892774958117,
            88.759252691625,
            34.993737686732736,
            59.211610088332336,
            41.702899355360316,
            90.1806823549917,
            90.33323900111921,
            58.369258246375644,
            45.95425634199038,
            104.52159590904859,
            18.49502957040377,
            47.042923871222634,
            81.94867307374098,
            101.77509770587764,
            9.868915510285591,
            51.928204892575266
        ],
        [
            49.05918938770784,
            100.83259807080391,
            0.0,
            84.94583765059217,
            93.81582769101074,
            82.55814423793642,
            12.455696469429316,
            98.15317648190283,
            103.58707544792925,
            65.10323919223553,
            10.652889223460477,
            17.400488089088515,
            42.5119500760802,
            69.93749786418512,
            18.920973470168857,
            90.90255368056627,
            64.00217982156109,
            18.918867525584915,
            39.794591411841395,
            97.7952086103107,
            49.05918938770784
        ],
        [
            57.098431038652905,
            60.805930688001915,
            84.94583765059217,
            0.0,
            88.56384377063709,
            91.58032395066462,
            73.70476031871868,
            29.73378457649238,
            19.42391339333709,
            68.40727183575497,
            76.61332829195219,
            68.01069967484746,
            58.4369760955367,
            78.92157965825066,
            76.9410039064686,
            42.381951103266246,
            29.308820273176053,
            71.52380618714291,
            62.108337090547955,
            67.15296046371454,
            57.098431038652905
        ],
        [
            49.99899788719501,
            38.05734899177894,
            93.81582769101074,
            88.56384377063709,
            0.0,
            15.691295773851062,
            83.98867533693969,
            69.49523928151768,
            92.79395802637119,
            30.222123709317305,
            84.10521274439871,
            89.67463607635851,
            55.833402744198565,
            23.938446695210263,
            104.0968585882507,
            50.251405255904864,
            64.33103636054662,
            76.1815709335041,
            109.36330204943424,
            28.190063911504836,
            49.99899788719501
        ],
        [
            44.08893454289446,
            49.62892774958117,
            82.55814423793642,
            91.58032395066462,
            15.691295773851062,
            0.0,
            73.87704677043826,
            76.96121999782301,
            98.81133581534898,
            25.016074037522685,
            73.5284265631484,
            80.79277365054527,
            48.790048407883305,
            14.862698993839388,
            94.75954652261713,
            57.92925505418163,
            64.495199106186,
            66.1045438338075,
            102.81652708049468,
            40.17224332722109,
            44.08893454289446
        ],
        [
            37.2927461929134,
            88.759252691625,
            12.455696469429316,
            73.70476031871868,
            83.98867533693969,
            73.87704677043826,
            0.0,
            85.79966650972324,
            92.00698874757208,
            54.493179283462425,
            3.105494594996964,
            10.247611750538306,
            30.68385795632499,
            60.41234952095317,
            21.28506050768135,
            78.48178181516168,
            51.68415258258193,
            7.818032245763042,
            36.69029126449131,
            86.09408989100147,
            37.2927461929134
        ],
        [
            56.62634267700341,
            34.993737686732736,
            98.15317648190283,
            29.73378457649238,
            69.49523928151768,
            76.96121999782301,
            85.79966650972324,
            0.0,
            24.21818439342936,
            58.837648687386384,
            88.18074965780711,
            83.29905641762434,
            60.98517342590159,
            67.66333644377917,
            95.29749923618725,
            19.277802690355305,
            34.16855841730863,
            81.12920741241263,
            85.37542716675804,
            43.44524601830922,
            56.62634267700341
        ],
        [
            70.77968957388315,
            59.211610088332336,
            103.58707544792925,
            19.42391339333709,
            92.79395802637119,
            98.81133581534898,
            92.00698874757208,
            24.21818439342936,
            0.0,
            78.1103645930541,
            94.82029406072954,
            86.91437222825638,
            73.39924078452562,
            87.93663611999757,
            96.28281738957394,
            42.7592828009504,
            43.46028636716293,
            89.15667953221056,
            81.39321183393423,
            67.54357813475733,
            70.77968957388315
        ],
        [
            19.91881981255223,
            41.702899355360316,
            65.10323919223553,
            68.40727183575497,
            30.222123709317305,
            25.016074037522685,
            54.493179283462425,
            58.837648687386384,
            78.1103645930541,
