{
    "vertices": [
        [
            9.963255562543871,
            32.18352881627876
        ],
        [
            37.830002324704594,
            34.10315007059733
        ],
        [
            60.89392966717557,
            43.81604546657475
        ],
        [
            3.745020809348698,
            58.72441585321181
        ],
        [
            7.7968292614345565,
            21.64845804156984
        ],
        [
            18.815663918086823,
            25.910370180887455
        ],
        [
            62.66493891697262,
            13.275577378502712
        ],
        [
            54.717402017558626,
            7.730845834717758
        ],
        [
            66.11489876354388,
            9.397792269336758
        ],
        [
            5.220866829080039,
            71.16217803943947
        ],
        [
            38.93500796053073,
            86.8396811901213
        ],
        [
            88.38473323262436,
            70.2659833437829
        ],
        [
            90.75847533228648,
            37.53447773797244
        ],
        [
            40.464334017787436,
            79.66087273717626
        ],
        [
            14.986101678240104,
            81.35252948761052
        ],
        [
            92.9519691937003,
            45.79667144548297
        ],
        [
            76.66987015455419,
            57.30711594316757
        ],
        [
            30.637637746978886,
            46.08330275823616
        ],
        [
            15.299783141164902,
            77.24193132661429
        ],
        [
            29.535329357834662,
            55.08857677155893
        ],
        [
            9.963255562543871,
            32.18352881627876
        ]
    ],
    "distances": [
        [
            0.0,
            27.93278576988745,
            52.24221481112392,
            27.25958782067486,
            10.75551575454493,
            10.849776631713262,
            55.99087475619371,
            50.99869929629218,
            60.59865364972277,
            39.26608391680397,
            61.85998245491952,
            87.1791345609622,
            80.9722186432086,
            56.43061201791193,
            49.42488856962035,
            84.09782543203568,
            71.280902494633,
            24.91252284184807,
            45.373319951054874,
            30.128181068262197,
            0.0
        ],
        [
            27.93278576988745,
            0.0,
            25.025688430730124,
            42.047505201144766,
            32.51324096097235,
            20.704267853817342,
            32.412372017278514,
            31.31585379797265,
            37.55516037303222,
            49.363217801997315,
            52.74810661981837,
            62.15731113486486,
            53.03958205411519,
            45.63382296098038,
            52.48187927312065,
            56.348643938000556,
            45.24333503683819,
            13.973337705718821,
            48.66790754401529,
            22.565232847208886,
            27.93278576988745
        ],
        [
            52.24221481112392,
            25.025688430730124,
            0.0,
            59.06147044584447,
            57.538717432200194,
            45.729570913003414,
            30.591774463103857,
            36.60998670141051,
            34.81199034031832,
            62.02661438823843,
            48.30349338703142,
            38.1489645256888,
            30.518014039457302,
            41.25796917513944,
            59.30022178139944,
            32.11916526861412,
            20.757872744231435,
            30.34112154134634,
            56.53420241733072,
            33.32314173938052,
            52.24221481112392
        ],
        [
            27.25958782067486,
            42.047505201144766,
            59.06147044584447,
            0.0,
            37.29669957761745,
            36.109359965199396,
            74.41205324750358,
            72.100817119268,
            79.51803235874553,
            12.525016953086789,
            45.04223951653804,
            85.42299865512923,
            89.5564332995851,
            42.26870224354571,
            25.266448617726578,
            90.13881636409441,
            72.93862070985391,
            29.71549403987891,
            21.82683925474458,
            26.045332419721245,
            27.25958782067486
        ],
        [
            10.75551575454493,
            32.51324096097235,
            57.538717432200194,
            37.29669957761745,
            0.0,
            11.814339265227826,
            55.50328447731821,
            48.941189986585435,
            59.5909057014224,
            49.58068223088844,
            72.24598084531124,
            94.11734182912859,
            84.46893121485434,
            66.5778200741159,
            60.135362184965444,
            88.5129033954072,
            77.55666086938315,
            33.447932202169234,
            56.09749182286417,
            39.884883441185515,
            10.75551575454493
        ],
        [
            10.849776631713262,
            20.704267853817342,
            45.729570913003414,
            36.109359965199396,
            11.814339265227826,
            0.0,
            45.63328727022748,
            40.24214089752236,
            50.09873098443443,
            47.24981081823056,
            64.16516924904171,
            82.50621688301646,
            72.87583955384511,
            57.946366945126776,
            55.574261808331016,
            76.75712825467878,
            65.82450017822356,
            23.381750875015015,
            51.45182783240089,
            31.08502801974012,
            10.849776631713262
        ],
        [
            55.99087475619371,
            32.412372017278514,
            30.591774463103857,
            74.41205324750358,
            55.50328447731821,
            45.63328727022748,
            0.0,
            9.69058257589248,
            5.190321791163161,
            81.55170111112191,
            77.2967463274108,
            62.5253084096902,
            37.117934141991874,
            69.9991021210133,
            83.11283251642494,
            44.440136839312245,
            46.205134859027915,
            45.84860810128796,
            79.59367072249917,
            53.34695818680429,
            55.99087475619371
        ],
        [
            50.99869929629218,
            31.31585379797265,
            36.60998670141051,
            72.100817119268,
            48.941189986585435,
            40.24214089752236,
            9.69058257589248,
            0.0,
            11.518751776587314,
            80.45769634366911,
            80.66778659080498,
            71.02205723873836,
            46.76767516460796,
            73.32856685899777,
            83.65840382495801,
            53.9526570854122,
            54.21916095968084,
            45.285163126536524,
            79.90957191817749,
            53.6366615564938,
            50.99869929629218
        ],
        [
            60.59865364972277,
            37.55516037303222,
            34.81199034031832,
            79.51803235874553,
            59.5909057014224,
            50.09873098443443,
            5.190321791163161,
            11.518751776587314,
            0.0,
            86.73478238165798,
            82.07309317725785,
            64.81421303969933,
            37.40292682746116,
            74.79874296140498,
            88.27025602965587,
            45.22285655012149,
            49.05823800289745,
            51.033937032808176,
            84.76439806982029,
            58.52958812716525,
            60.59865364972277
        ],
        [
            39.26608391680397,
            49.363217801997315,
            62.02661438823843,
            12.525016953086789,
            49.58068223088844,
            47.24981081823056,
            81.55170111112191,
            80.45769634366911,
            86.73478238165798,
