{
    "vertices": [
        [
            90.46154574651563,
            77.5896909541896
        ],
        [
            31.83581518811931,
            50.164426872268166
        ],
        [
            82.37696938146566,
            55.74052276918757
        ],
        [
            3.632486997895057,
            58.23924100860437
        ],
        [
            32.53872326538734,
            96.35012712138798
        ],
        [
            10.85762350879229,
            90.8656250487825
        ],
        [
            67.8682904742232,
            79.53958295693482
        ],
        [
            65.07672599402301,
            52.72583252986047
        ],
        [
            49.550459859708326,
            87.79216036913544
        ],
        [
            2.0337323031596077,
            24.78939869141552
        ],
        [
            13.472160564037205,
            66.62603602843618
        ],
        [
            62.84388604190644,
            36.9765315528081
        ],
        [
            27.039402696546986,
            88.7183343083605
        ],
        [
            97.18558941119844,
            66.29198590240294
        ],
        [
            90.46154574651563,
            77.5896909541896
        ]
    ],
    "distances": [
        [
            0.0,
            64.72342229416499,
            23.296920942022137,
            88.95912182720781,
            60.88519794961518,
            80.70337577644122,
            22.67724107164139,
            35.53309062847788,
            42.164052587490076,
            102.99198538433626,
            77.76610547087353,
            49.113784665016574,
            64.39110910642103,
            13.147277385136702,
            0.0
        ],
        [
            64.72342229416499,
            0.0,
            50.847823086610624,
            29.336501910450618,
            46.191048778596,
            45.78943174072462,
            46.489128516699644,
            33.339450357628735,
            41.5891207403081,
            39.141489489556655,
            24.66188125758062,
            33.696009274549404,
            38.85111776229979,
            67.31040893708712,
            64.72342229416499
        ],
        [
            23.296920942022137,
            50.847823086610624,
            0.0,
            78.78411704586436,
            64.28834063474535,
            79.67929244293705,
            27.8728726444455,
            17.560944692807592,
            45.879049687416334,
            86.09882592636518,
            69.75935118020838,
            27.08558124018261,
            64.41880424628377,
            18.18319557824218,
            23.296920942022137
        ],
        [
            88.95912182720781,
            29.336501910450618,
            78.78411704586436,
            0.0,
            47.83314891843992,
            33.41681512559644,
            67.67527624890242,
            61.69110291498099,
            54.60618348198556,
            33.48802722793232,
            12.92894066012031,
            62.91337369868794,
            38.42992103685665,
            93.89903977932164,
            88.95912182720781
        ],
        [
            60.88519794961518,
            46.191048778596,
            64.28834063474535,
            47.83314891843992,
            0.0,
            22.364030263792788,
            39.12509059757792,
            54.42242828262149,
            19.043055870506176,
            77.79133838052837,
            35.31367163786022,
            66.66053361362034,
            9.406741638838,
            71.29312137937897,
            60.88519794961518
        ],
        [
            80.70337577644122,
            45.78943174072462,
            79.67929244293705,
            33.41681512559644,
            22.364030263792788,
            0.0,
            58.12482582605802,
            66.28993021334668,
            38.81471074239518,
            66.66279881342247,
            24.380186215214664,
            74.87727218575567,
            16.323628126282255,
            89.75734754182231,
            80.70337577644122
        ],
        [
            22.67724107164139,
            46.489128516699644,
            27.8728726444455,
            67.67527624890242,
            39.12509059757792,
            58.12482582605802,
            0.0,
            26.95867289412714,
            20.090991821371645,
            85.62576555387679,
            55.90794794553247,
            42.85858122628208,
            41.84790978691023,
            32.17146009554448,
            22.67724107164139
        ],
        [
            35.53309062847788,
            33.339450357628735,
            17.560944692807592,
            61.69110291498099,
            54.42242828262149,
            66.28993021334668,
            26.95867289412714,
            0.0,
            38.349866860330536,
            68.95551746681373,
            53.44386616366281,
            15.906792747677034,
            52.36695664168427,
            34.8571316558057,
            35.53309062847788
        ],
        [
            42.164052587490076,
            41.5891207403081,
            45.879049687416334,
            54.60618348198556,
            19.043055870506176,
            38.81471074239518,
            20.090991821371645,
            38.349866860330536,
            0.0,
            78.9125299094057,
            41.82879988326184,
            52.52564432408525,
            22.530101925397876,
            52.26244415913958,
            42.164052587490076
        ],
        [
            102.99198538433626,
            39.141489489556655,
            86.09882592636518,
            33.48802722793232,
            77.79133838052837,
            66.66279881342247,
            85.62576555387679,
            68.95551746681373,
            78.9125299094057,
            0.0,
            43.37213235187583,
            62.01935992181199,
            68.645410341393,
            103.80915497351019,
            102.99198538433626
        ],
        [
            77.76610547087353,
            24.66188125758062,
            69.75935118020838,
            12.92894066012031,
            35.31367163786022,
            24.380186215214664,
            55.90794794553247,
            53.44386616366281,
            41.82879988326184,
            43.37213235187583,
            0.0,
            57.590454003353464,
            25.92565722158834,
            83.71409534143834,
            77.76610547087353
        ],
        [
            49.113784665016574,
            33.696009274549404,
            27.08558124018261,
            62.91337369868794,
            66.66053361362034,
            74.87727218575567,
            42.85858122628208,
            15.906792747677034,
            52.52564432408525,
            62.01935992181199,
            57.590454003353464,
            0.0,
            62.92197692398588,
            45.152502190107036,
            49.113784665016574
        ],
        [
            64.39110910642103,
            38.85111776229979,
            64.41880424628377,
            38.42992103685665,
            9.406741638838,
            16.323628126282255,
            41.84790978691023,
            52.36695664168427,
            22.530101925397876,
            68.645410341393,
            25.92565722158834,
            62.92197692398588,
            0.0,
            73.64393127360964,
            64.39110910642103
        ],
        [
            13.147277385136702,
            67.31040893708712,
            18.18319557824218,
            93.89903977932164,
            71.29312137937897,
            89.75734754182231,
            32.17146009554448,
            34.8571316558057,
            52.26244415913958,
            103.80915497351019,
            83.71409534143834,
            45.152502190107036,
            73.64393127360964,
            0.0,
            13.147277385136702
        ],
        [
            0.0,
            64.72342229416499,
            23.296920942022137,
