{
    "vertices": [
        [
            22.7448359173685,
            68.25648738393072
        ],
        [
            26.789383339174712,
            56.69881031557193
        ],
        [
            83.59802920024228,
            17.212293782299902
        ],
        [
            23.405888581361435,
            87.47801028111702
        ],
        [
            49.54981501769128,
            8.12141368274666
        ],
        [
            8.680821927787786,
            64.7516654152646
        ],
        [
            67.99872124772529,
            94.58509694973046
        ],
        [
            72.37580947151166,
            33.342875605945444
        ],
        [
            49.2871994471103,
            60.74340516540717
        ],
        [
            83.94342383756938,
            30.90291266099463
        ],
        [
            4.71304816651873,
            2.1644388719279317
        ],
        [
            18.17739017418448,
            81.01874623260359
        ],
        [
            46.79514777092263,
            37.8454682879918
        ],
        [
            13.441371412832225,
            66.51756637408418
        ],
        [
            85.0299801990414,
            17.73307776244217
        ],
        [
            88.81662873675634,
            84.03620775124314
        ],
        [
            35.23003768689691,
            25.263860315676247
        ],
        [
            71.54380099886207,
            11.843589832137248
        ],
        [
            27.344878242856595,
            63.65570728731659
        ],
        [
            98.85546027587144,
            23.797474911407267
        ],
        [
            22.7448359173685,
            68.25648738393072
        ]
    ],
    "distances": [
        [
            0.0,
            12.244928054656173,
            79.42682691108567,
            19.232886759704837,
            65.83869677944406,
            14.49414594003961,
            52.35560924257688,
            60.6810829115296,
            27.585203754318403,
            71.69767575039324,
            68.5076947941224,
            13.554955239227418,
            38.77173690598305,
            9.464581240902953,
            80.2000880172181,
            67.92997410008843,
            44.768808845622,
            74.5905758337739,
            6.505963948077381,
            88.14437548858768,
            0.0
        ],
        [
            12.244928054656173,
            0.0,
            69.18386540589182,
            30.96461185442441,
            53.64513690741449,
            19.818387211037578,
            55.978390882435356,
            51.22130351405895,
            22.858488076112984,
            62.705762742331466,
            58.833342956258925,
            25.79972304662135,
            27.489618333245545,
            16.57037696983241,
            70.07350024078681,
            67.78430843615398,
            32.54843663394086,
            63.3636228815499,
            6.979039336720097,
            79.22131857286416,
            12.244928054656173
        ],
        [
            79.42682691108567,
            69.18386540589182,
            0.0,
            92.52223898812255,
            35.240956144879505,
            88.72755942074049,
            78.92964638577455,
            19.650289708023003,
            55.42734610818832,
            13.694975090782998,
            80.30739797860798,
            91.38448109427893,
            42.19217903454259,
            85.7494404486112,
            1.5237124456191307,
            67.0273769384662,
            49.0335632671789,
            13.195734145376,
            72.94797907161231,
            16.617876324329956,
            79.42682691108567
        ],
        [
            19.232886759704837,
            30.96461185442441,
            92.52223898812255,
            0.0,
            83.5522250642358,
            27.079777305469918,
            45.15563537506154,
            72.9977120072029,
            37.20996321984838,
            82.85852307169733,
            87.33743612773152,
            8.310191793350505,
            54.867537489264194,
            23.208442670325457,
            93.06924454264535,
            65.50122847955782,
            63.32780556747794,
            89.65391329199194,
            24.14576069379051,
            98.73119291215852,
            19.232886759704837
        ],
        [
            65.83869677944406,
            53.64513690741449,
            35.240956144879505,
            83.5522250642358,
            0.0,
            69.83738259321386,
            88.41001450728238,
            34.01688057934185,
            52.622646783862045,
            41.25429702892428,
            45.230755140315026,
            79.36151544322924,
            29.85142565801531,
            68.65806834389745,
            36.75902892728259,
            85.46893364322491,
            22.33650597936865,
            22.30672577109938,
            59.80900419947637,
            51.73766084749309,
            65.83869677944406
        ],
        [
            14.49414594003961,
            19.818387211037578,
            88.72755942074049,
            27.079777305469918,
            69.83738259321386,
            0.0,
            66.39764165128084,
            71.01805063137913,
            40.80372587733046,
            82.52391961879876,
            62.71287072848413,
            18.83620786613665,
            46.65453116609704,
            5.077522781427653,
            89.66572117367416,
            82.42354703622308,
            47.5830601055334,
            82.1645823916865,
            18.696206095095206,
            99.03893739855006,
            14.49414594003961
        ],
        [
            52.35560924257688,
            55.978390882435356,
            78.92964638577455,
            45.15563537506154,
            88.41001450728238,
            66.39764165128084,
            0.0,
            61.398441156433,
            38.67015840308938,
            65.6479560722426,
            112.01184962706151,
            51.63536483573493,
            60.572080935511565,
            61.353815640282264,
            78.71655883376833,
            23.33804480979111,
            76.67607495682238,
            82.81741719307992,
            51.08191554703039,
            77.2206305160196,
            52.35560924257688
        ],
        [
            60.6810829115296,
            51.22130351405895,
            19.650289708023003,
            72.9977120072029,
            34.01688057934185,
            71.01805063137913,
            61.398441156433,
            0.0,
            35.83117264335376,
            11.82214537613872,
            74.5006321086847,
            72.18349738228768,
            25.973902169300622,
            67.63008278017966,
            20.094621805759623,
            53.29272428864857,
            38.01419273817458,
            21.515378845896073,
            54.283077767044496,
            28.147585707128087,
            60.6810829115296
        ],
        [
            27.585203754318403,
            22.858488076112984,
            55.42734610818832,
            37.20996321984838,
            52.622646783862045,
            40.80372587733046,
            38.67015840308938,
            35.83117264335376,
            0.0,
            45.73301741529583,
            73.60944405711565,
            37.133673241263956,
            23.033146437230158,
            36.307909952609855,
            55.923471272721066,
            45.88170040732856,
            38.162834007668685,
            53.726606558216005,
            22.134745615884537,
            61.82244126465341,
            27.585203754318403
        ],
        [
            71.69767575039324,
            62.705762742331466,
            13.694975090782998,
            82.85852307169733,
            41.25429702892428,
            82.52391961879876,
            65.6479560722426,
            11.82214537613872,
            45.73301741529583,
            0.0,
