{
    "vertices": [
        [
            16.683991588257328,
            69.44512107055041
        ],
        [
            52.35539508553864,
            27.876749632135088
        ],
        [
            45.89107062601101,
            39.93217853857901
        ],
        [
            46.51634471846341,
            5.200674648107739
        ],
        [
            77.18028469072559,
            41.36339590958828
        ],
        [
            35.183601437279435,
            69.59076780588791
        ],
        [
            88.32584126293973,
            54.34756485563672
        ],
        [
            13.796583051060251,
            54.5472764307741
        ],
        [
            27.786477425976585,
            52.60403207189404
        ],
        [
            88.79000126524382,
            83.66583390927059
        ],
        [
            48.90429352524684,
            62.26442427752009
        ],
        [
            63.68534113139387,
            58.20680202806802
        ],
        [
            84.96168269295332,
            90.39103897452443
        ],
        [
            19.30488065225653,
            39.003218759644184
        ],
        [
            30.84243775343448,
            21.644368443773466
        ],
        [
            74.63519377552464,
            14.192309734231067
        ],
        [
            16.683991588257328,
            69.44512107055041
        ]
    ],
    "distances": [
        [
            0.0,
            54.775711145615595,
            41.52188871924105,
            70.8330303559817,
            66.6962125398104,
            18.500183175783697,
            73.2153728971742,
            15.175075056538946,
            20.171451867364965,
            73.49493387424067,
            33.01075981167665,
            48.32625242843401,
            71.41830703277907,
            30.554516454896625,
            49.85352093381713,
            80.07006304179131,
            0.0
        ],
        [
            54.775711145615595,
            0.0,
            13.67921258100666,
            23.415782837019826,
            28.25181006100071,
            45.11019628973671,
            44.66068804662636,
            46.88388833306338,
            34.8578572465083,
            66.63259301536702,
            34.56041477610336,
            32.37714866602721,
            70.50678239376279,
            34.873124602622035,
            22.397542464520026,
            26.146765096004692,
            54.775711145615595
        ],
        [
            41.52188871924105,
            13.67921258100666,
            0.0,
            34.73713186468499,
            31.321930016373692,
            31.532234518894573,
            44.81643807442491,
            35.265524511867305,
            22.09869152028059,
            61.261332519560234,
            22.53461142298512,
            25.506821175938835,
            63.816998705515104,
            26.602414619568687,
            23.683440404579365,
            38.584523603375615,
            41.52188871924105
        ],
        [
            70.8330303559817,
            23.415782837019826,
            34.73713186468499,
            0.0,
            47.413285307580566,
            65.37977643847393,
            64.52480777478911,
            59.20869793424539,
            50.9694636409037,
            89.12824050610895,
            57.11369206479369,
            55.71735795645549,
            93.46358748753639,
            43.394420897608896,
            22.717095439206084,
            29.521503583249235,
            70.8330303559817
        ],
        [
            66.6962125398104,
            28.25181006100071,
            31.321930016373692,
            47.413285307580566,
            0.0,
            50.60144196030673,
            17.111752526376563,
            64.74031463580492,
            50.656688575552465,
            43.86663629294602,
            35.16226191853025,
            21.582720665884302,
            49.64131282885109,
            57.9235084296105,
            50.35907170492103,
            27.290024032882897,
            66.6962125398104
        ],
        [
            18.500183175783697,
            45.11019628973671,
            31.532234518894573,
            65.37977643847393,
            50.60144196030673,
            0.0,
            55.28519593770598,
            26.14787158079221,
            18.527456234873082,
            55.42340289381528,
            15.554185959685205,
            30.691103636422604,
            53.94913024493799,
            34.463486916228945,
            48.142527082832935,
            68.01042048642405,
            18.500183175783697
        ],
        [
            73.2153728971742,
            44.66068804662636,
            44.81643807442491,
            64.52480777478911,
            17.111752526376563,
            55.28519593770598,
            0.0,
            74.52952578895325,
            60.56446549216947,
            29.321943059916823,
            40.20864445789068,
            24.940889284181253,
            36.20013245062705,
            70.70602492528542,
            66.1350189732301,
            42.42497309945924,
            73.2153728971742
        ],
        [
            15.175075056538946,
            46.88388833306338,
            35.265524511867305,
            59.20869793424539,
            64.74031463580492,
            26.14787158079221,
            74.52952578895325,
            0.0,
            14.124211243805258,
            80.44813959984371,
            35.94587188576523,
            50.022797906507606,
            79.68216061536815,
            16.49118162372719,
            37.05620753039204,
            73.00588943340126,
            15.175075056538946
        ],
        [
            20.171451867364965,
            34.8578572465083,
            22.09869152028059,
            50.9694636409037,
            50.656688575552465,
            18.527456234873082,
            60.56446549216947,
            14.124211243805258,
            0.0,
            68.45630324661488,
            23.22251783009583,
            36.333448040640626,
            68.53365587782663,
            16.02871194409118,
            31.110121592326966,
            60.5826925494908,
            20.171451867364965
        ],
        [
            73.49493387424067,
            66.63259301536702,
            61.261332519560234,
            89.12824050610895,
            43.86663629294602,
            55.42340289381528,
            29.321943059916823,
            80.44813959984371,
            68.45630324661488,
            0.0,
            45.264666309898246,
            35.754807575544355,
            7.738501551376749,
            82.60103618360382,
            84.87981088246502,
            70.9008401668895,
            73.49493387424067
        ],
        [
            33.01075981167665,
            34.56041477610336,
            22.53461142298512,
            57.11369206479369,
            35.16226191853025,
            15.554185959685205,
            40.20864445789068,
            35.94587188576523,
            23.22251783009583,
            45.264666309898246,
            0.0,
            15.3278722154914,
            45.730096959280296,
            37.64583542133984,
            44.454691201924284,
            54.525291602639285,
            33.01075981167665
        ],
        [
            48.32625242843401,
            32.37714866602721,
            25.506821175938835,
            55.71735795645549,
            21.582720665884302,
            30.691103636422604,
            24.940889284181253,
            50.022797906507606,
            36.333448040640626,
            35.754807575544355,
            15.3278722154914,
            0.0,
            38.5811847675754,
            48.35703550350827,
            49.147409411889925,
            45.35608894969241,
            48.32625242843401
        ],
        [
            71.41830703277907,
            70.50678239376279,
            63.816998705515104,
