{
    "vertices": [
        [
            37.65742377357074,
            69.44416234265562
        ],
        [
            60.23291519214959,
            34.53494473124709
        ],
        [
            78.27810762128783,
            11.72753776095703
        ],
        [
            23.074250033852508,
            20.027437604605446
        ],
        [
            20.082541445204082,
            32.328050710606036
        ],
        [
            97.79440788018911,
            85.86332488671245
        ],
        [
            92.14815146205132,
            38.68886073318731
        ],
        [
            22.63822523989043,
            25.822599087160004
        ],
        [
            92.2831068537522,
            96.55282853143461
        ],
        [
            37.870408053245775,
            26.072547966858796
        ],
        [
            42.043331999418655,
            60.19476863831377
        ],
        [
            72.67663566943109,
            79.84506824576223
        ],
        [
            36.13540330230435,
            41.92775357436533
        ],
        [
            96.0793247933898,
            87.303529517387
        ],
        [
            58.57969444631574,
            83.5838429361996
        ],
        [
            31.32307778750284,
            30.788990463527398
        ],
        [
            16.98409314416367,
            95.60125699418765
        ],
        [
            37.65742377357074,
            69.44416234265562
        ]
    ],
    "distances": [
        [
            0.0,
            41.57290327883059,
            70.57796192410855,
            51.52360274824566,
            41.06680206125991,
            62.33815650216029,
            62.570983539572936,
            46.134771110815215,
            60.98233379029596,
            43.372137321859235,
            10.236575348400413,
            36.53113802514843,
            27.558470527563685,
            61.09071545375294,
            25.252167776075186,
            39.17073208501674,
            33.34036892300363,
            0.0
        ],
        [
            41.57290327883059,
            0.0,
            29.082757477809142,
            39.890276501623795,
            40.21097975973418,
            63.6039962764732,
            32.18442673584269,
            38.591005159603434,
            69.80997562382488,
            23.910120964467193,
            31.452941033660917,
            46.98780131286559,
            25.206025110519118,
            63.79254362095874,
            49.076751664655326,
            29.151515777725173,
            74.83017507619047,
            41.57290327883059
        ],
        [
            70.57796192410855,
            29.082757477809142,
            0.0,
            55.82431575889162,
            61.7341482191469,
            76.6615999608077,
            30.319812871414847,
            57.397449988698625,
            85.97365851118234,
            42.87845032400975,
            60.51472079821742,
            68.34745384705859,
            51.846509646201895,
            77.64414892814725,
            74.50742295267972,
            50.67656071423914,
            103.88338167742089,
            70.57796192410855
        ],
        [
            51.52360274824566,
            39.890276501623795,
            55.82431575889162,
            0.0,
            12.659202307527368,
            99.5864752002186,
            71.55034990617793,
            5.811541467617143,
            103.17946171027161,
            15.98341801451362,
            44.42117235044427,
            77.70807934997823,
            25.499363997506098,
            99.27644979401038,
            72.80146455669973,
            13.559283876546107,
            75.81881157120716,
            51.52360274824566
        ],
        [
            41.06680206125991,
            40.21097975973418,
            61.7341482191469,
            12.659202307527368,
            0.0,
            94.36715406284031,
            72.34578115718762,
            6.989450656769745,
            96.63200159082305,
            18.855755435476826,
            35.47999844741411,
            70.88022081443603,
            18.704242002166595,
            93.79666491568824,
            64.10294085191582,
            11.345411570616417,
            63.34902536960527,
            41.06680206125991
        ],
        [
            62.33815650216029,
            63.6039962764732,
            76.6615999608077,
            99.5864752002186,
            94.36715406284031,
            0.0,
            47.511159528173906,
            96.19428539990811,
            12.026634075024193,
            84.65118286202036,
            61.37635735151307,
            25.82870290641536,
            75.71107760478617,
            2.2395757126834295,
            39.28090869192721,
            86.32276661720061,
            81.39492790994589,
            62.33815650216029
        ],
        [
            62.570983539572936,
            32.18442673584269,
            30.319812871414847,
            71.55034990617793,
            72.34578115718762,
            47.511159528173906,
            0.0,
            70.69066792833607,
            57.86412517539991,
            55.72472321483488,
            54.5251960859087,
            45.52991702255109,
            56.10631322091901,
            48.77335486470525,
            56.05712027411038,
            61.335940017184924,
            94.27967178020901,
            62.570983539572936
        ],
        [
            46.134771110815215,
            38.591005159603434,
            57.397449988698625,
            5.811541467617143,
            6.989450656769745,
            96.19428539990811,
            70.69066792833607,
            0.0,
            99.26315979379537,
            15.234233413662158,
            39.47156201624088,
            73.63606244434375,
            21.013086796214814,
            95.77838957819984,
            68.03051153493287,
            10.00458430305958,
            70.00735896362553,
            46.134771110815215
        ],
        [
            60.98233379029596,
            69.80997562382488,
            85.97365851118234,
            103.17946171027161,
            96.63200159082305,
            12.026634075024193,
            57.86412517539991,
            99.26315979379537,
            0.0,
            89.04050617115762,
            62.01567137914326,
            25.759715954666603,
            78.33558213332373,
            9.998039952735155,
            36.11252684699805,
            89.67166520802371,
            75.30502608742195,
            60.98233379029596
        ],
        [
            43.372137321859235,
            23.910120964467193,
            42.87845032400975,
            15.98341801451362,
            18.855755435476826,
            84.65118286202036,
            55.72472321483488,
            15.234233413662158,
            89.04050617115762,
            0.0,
            34.37643433824997,
            64.05433176620285,
            15.949852235744883,
            84.48379187573286,
            61.126292149620184,
            8.069223223650155,
            72.59806835920848,
            43.372137321859235
        ],
        [
            10.236575348400413,
            31.452941033660917,
            60.51472079821742,
            44.42117235044427,
            35.47999844741411,
            61.37635735151307,
            54.5251960859087,
            39.47156201624088,
            62.01567137914326,
            34.37643433824997,
            0.0,
            36.39414195171644,
            19.198631743869296,
            60.45472217808029,
            28.64437256228825,
            31.298939925065213,
            43.377239074189056,
            10.236575348400413
        ],
        [
            36.53113802514843,
            46.98780131286559,
            68.34745384705859,
            77.70807934997823,
            70.88022081443603,
            25.82870290641536,
            45.52991702255109,
