{
    "vertices": [
        [
            42.07273117056437,
            25.080776035846263
        ],
        [
            90.57249759742297,
            75.4836303674374
        ],
        [
            49.69376683251794,
            67.031779353417
        ],
        [
            67.83892841493353,
            99.16951265688185
        ],
        [
            8.890745757845476,
            4.919459959448247
        ],
        [
            1.4151129822079445,
            34.92774864183383
        ],
        [
            12.184873650090877,
            18.88668266479344
        ],
        [
            42.07273117056437,
            25.080776035846263
        ]
    ],
    "distances": [
        [
            0.0,
            69.94765949073232,
            42.63762263437771,
            78.44130171368218,
            38.82683121067588,
            41.83305853333271,
            30.522955621195077,
            0.0
        ],
        [
            69.94765949073232,
            0.0,
            41.74331580639936,
            32.830415586837326,
            107.94077417246021,
            97.94804119514859,
            96.68419766106645,
            69.94765949073232
        ],
        [
            42.63762263437771,
            41.74331580639936,
            0.0,
            36.906378726943736,
            74.31572343265287,
            57.978420171028525,
            61.03169179145892,
            42.63762263437771
        ],
        [
            78.44130171368218,
            32.830415586837326,
            36.906378726943736,
            0.0,
            111.1663648413603,
            92.40739959768327,
            97.68677803728954,
            78.44130171368218
        ],
        [
            38.82683121067588,
            107.94077417246021,
            74.31572343265287,
            111.1663648413603,
            0.0,
            30.92543411241913,
            14.350421201873464,
            38.82683121067588
        ],
        [
            41.83305853333271,
            97.94804119514859,
            57.978420171028525,
            92.40739959768327,
            30.92543411241913,
            0.0,
            19.321064735755144,
            41.83305853333271
        ],
        [
            30.522955621195077,
            96.68419766106645,
            61.03169179145892,
            97.68677803728954,
            14.350421201873464,
            19.321064735755144,
            0.0,
            30.522955621195077
        ],
        [
            0.0,
            69.94765949073232,
            42.63762263437771,
            78.44130171368218,
            38.82683121067588,
            41.83305853333271,
            30.522955621195077,
            0.0
        ]
    ],
    "scores_ave": [
        0,
        19.197268597891174,
        14.666610963636526,
        15.620851635276843,
        15.438355504860288,
        12.641361958285511,
        15.867052378173605,
        0
    ],
    "scores_var": [
        0,
        16.127232955286242,
        23.629255698543663,
        19.27558651574153,
        380.9739300939435,
        243.50081689469818,
        19.16321306596991,
        0
    ],
    "vertex_number": 8,
    "minimum_distances": {
        "cost": 270.1611911238464,
        "path": [
            0,
            1,
            3,
            2,
            5,
            6,
            4,
            7
        ]
    }
}