{
    "vertices": [
        [
            16.651705396991588,
            58.419091573275274
        ],
        [
            87.4818406463083,
            22.223477788490552
        ],
        [
            14.791033118486329,
            92.09177563928557
        ],
        [
            9.539407788411957,
            34.73646219037069
        ],
        [
            46.08537654061787,
            67.2877828130263
        ],
        [
            47.753732495743314,
            32.287620128847564
        ],
        [
            62.51290315496439,
            69.28123225693572
        ],
        [
            16.70169827652058,
            61.52678900413559
        ],
        [
            68.88689454297102,
            72.65730235717452
        ],
        [
            53.294856396841,
            93.35666508628242
        ],
        [
            93.92656468783773,
            90.49081027370161
        ],
        [
            72.68604454940768,
            76.10787321706619
        ],
        [
            25.523541978870966,
            0.7181308253792151
        ],
        [
            19.51261769302086,
            40.50225766295691
        ],
        [
            42.49978893596828,
            16.54051414150015
        ],
        [
            4.291950421840607,
            14.30233682119637
        ],
        [
            1.2557488957268603,
            71.0464742182299
        ],
        [
            94.3306585042596,
            53.07896912766555
        ],
        [
            13.50208755268575,
            24.32127661647401
        ],
        [
            16.651705396991588,
            58.419091573275274
        ]
    ],
    "distances": [
        [
            0.0,
            79.54263332763001,
            33.72405304137303,
            24.727549651371103,
            30.74076578904916,
            40.62252933413216,
            47.12998578429153,
            3.108099517354518,
            54.140942284402406,
            50.62958184870326,
            83.66599678973141,
            58.760021785987334,
            58.379023249501316,
            18.14380766364948,
            49.21319609969569,
            45.815407811137575,
            19.911962963277553,
            77.86229295092232,
            34.24297121152646,
            0.0
        ],
        [
            79.54263332763001,
            0.0,
            100.8242656487726,
            78.94046882587773,
            61.191983362186534,
            40.98303964166097,
            53.27175701118849,
            80.96035342314946,
            53.75260627365717,
            78.92198823658755,
            68.57086227121415,
            55.87883009552152,
            65.58437864131342,
            70.38415349049026,
            45.339619009037975,
            83.56615528898485,
            99.0889695120402,
            31.606449529064413,
            74.00949011928162,
            79.54263332763001
        ],
        [
            33.72405304137303,
            100.8242656487726,
            0.0,
            57.59523894759666,
            39.93211727854447,
            68.28672320848374,
            52.89326771127463,
            30.62464774251327,
            57.480961848338445,
            38.524594123285596,
            79.1517242191578,
            60.060948088000956,
            92.00179190111544,
            51.805132235372405,
            80.47215830869452,
            78.49476115706224,
            25.022162794090544,
            88.59204861849764,
            67.78275531779819,
            33.72405304137303
        ],
        [
            24.727549651371103,
            78.94046882587773,
            57.59523894759666,
            0.0,
            48.94074280511214,
            38.2927074033639,
            63.241855999820245,
            27.73121013991964,
            70.4280789390059,
            73.14962385742481,
            101.14217507926914,
            75.49232666016407,
            37.58642593645961,
            11.51995283120052,
            37.649425636912206,
            21.09713934203207,
            37.24293192155583,
            86.75254324054391,
            11.143559640119063,
            24.727549651371103
        ],
        [
            30.74076578904916,
            61.191983362186534,
            39.93211727854447,
            48.94074280511214,
            0.0,
            35.039902960938406,
            16.54803527161113,
            29.943106017814195,
            23.425220668045466,
            27.047425437075788,
            53.17104255775452,
            28.024802109012118,
            69.67286133281088,
            37.73030440292717,
            50.87378220744626,
            67.48442749033897,
            44.98692338734811,
            50.29411116717929,
            53.92394065727638,
            30.74076578904916
        ],
        [
            40.62252933413216,
            40.98303964166097,
            68.28672320848374,
            38.2927074033639,
            35.039902960938406,
            0.0,
            39.829140799563376,
            42.65158643789691,
            45.56667402093862,
            61.31991769482829,
            74.29361867399747,
            50.41661199502433,
            38.61106091909731,
            29.41157654933423,
            16.600459930557776,
            47.036123529643554,
            60.533554737760355,
            51.006766507919814,
            35.16586143211079,
            40.62252933413216
        ],
        [
            47.12998578429153,
            53.27175701118849,
            52.89326771127463,
            63.241855999820245,
            16.54803527161113,
            39.829140799563376,
            0.0,
            46.462865630260595,
            7.212878450113314,
            25.779814816156726,
            37.90335513580829,
            12.251360439962028,
            77.9045038372583,
            51.74218712510625,
            56.41017716755034,
            80.07720200210916,
            61.28258339138402,
            35.70550218072436,
            66.50907950943875,
            47.12998578429153
        ],
        [
            3.108099517354518,
            80.96035342314946,
            30.62464774251327,
            27.73121013991964,
            29.943106017814195,
            42.65158643789691,
            46.462865630260595,
            0.0,
            53.359001460579556,
            48.49948693155006,
            82.47784260242052,
            57.85200985641814,
            61.445242580768884,
            21.211604986003838,
            51.858522999499975,
            48.82776593082512,
            18.14391795752747,
            78.0872660982901,
            37.34283948513447,
            3.108099517354518
        ],
        [
            54.140942284402406,
            53.75260627365717,
            57.480961848338445,
            70.4280789390059,
            23.425220668045466,
            45.56667402093862,
            7.212878450113314,
            53.359001460579556,
            0.0,
            25.914769359219758,
            30.74116272317239,
            5.132249022654808,
            83.9977663172034,
            58.9216947629874,
            62.01107370428256,
            87.05061061656694,
            67.65032615480851,
            32.10445851534429,
            73.51087150725948,
            54.140942284402406
        ],
        [
            50.62958184870326,
            78.92198823658755,
            38.524594123285596,
            73.14962385742481,
            27.047425437075788,
            61.31991769482829,
            25.779814816156726,
            48.49948693155006,
            25.914769359219758,
            0.0,
            40.73265081542625,
            25.95262990364912,
            96.71165356103826,
            62.728207657422914,
            77.57096446130063,
            93.01006188278078,
            56.619902208335255,
            57.4998247504634,
            79.68280437749245,
            50.62958184870326
        ],
        [
