{
    "vertices": [
        [
            93.35689163798772,
            10.191323730767564
        ],
        [
            43.685355206301445,
            82.2631353998344
        ],
        [
            28.667808111698733,
            79.69813264924235
        ],
        [
            68.54482622807075,
            16.415400399952375
        ],
        [
            77.11004256859655,
            80.70920492099614
        ],
        [
            9.020872745780073,
            53.51463864300435
        ],
        [
            55.58078787422159,
            53.542190697450046
        ],
        [
            20.686719635091222,
            54.533725469648566
        ],
        [
            16.64653811341924,
            90.59074225440101
        ],
        [
            94.35104956765346,
            15.839258050287498
        ],
        [
            46.486781699081284,
            4.100727531586468
        ],
        [
            88.25803792724068,
            18.743265873291303
        ],
        [
            49.22092868979336,
            1.4113973042093053
        ],
        [
            60.378405949379754,
            16.34488941792518
        ],
        [
            40.70496848405936,
            91.77059184758497
        ],
        [
            43.74867399960871,
            26.405078191520182
        ],
        [
            21.919494156324472,
            97.11427422109912
        ],
        [
            41.573371320895845,
            16.58636094357536
        ],
        [
            79.94360165472904,
            52.46560860262004
        ],
        [
            75.63565276980422,
            28.219671792893998
        ],
        [
            93.62222705057768,
            66.43345002772894
        ],
        [
            93.35689163798772,
            10.191323730767564
        ]
    ],
    "distances": [
        [
            0.0,
            87.53060932465725,
            94.95195634372448,
            25.58080765515211,
            72.36526564756582,
            94.8128350887771,
            57.50071027677682,
            85.13050270556893,
            111.12400657284927,
            5.734763470861582,
            47.26417848378045,
            9.95660703114632,
            45.00078147566063,
            33.5476808286338,
            97.09480932718678,
            52.19062263443839,
            112.5117819648137,
            52.176905594178955,
            44.351228952550144,
            25.279708085189494,
            56.24275218447732,
            0.0
        ],
        [
            87.53060932465725,
            0.0,
            15.235024117117607,
            70.38407138051105,
            33.46078936905454,
            45.03445802974941,
            31.086877986611032,
            36.02578816922157,
            28.29216615437149,
            83.54127164022336,
            78.21259485630684,
            77.59831099715103,
            81.0410150903522,
            67.99906687920415,
            9.963655610266287,
            55.85809309631765,
            26.349744430172013,
            65.71072346969353,
            46.93136519158185,
            62.781505820034795,
            52.38578154968692,
            87.53060932465725
        ],
        [
            94.95195634372448,
            15.235024117117607,
            0.0,
            74.79893565278043,
            48.45278471167337,
            32.73495727272737,
            37.52921234296683,
            26.39971897524344,
            16.22220319136489,
            91.60919207812222,
            77.66906385576448,
            85.24371691299626,
            80.93975349901274,
            70.8462803762454,
            17.04809376222386,
            55.38575782060644,
            18.677840573558193,
            64.41777153530546,
            58.058740680601495,
            69.6850799236574,
            66.29500995351668,
            94.95195634372448
        ],
        [
            25.58080765515211,
            70.38407138051105,
            74.79893565278043,
            0.0,
            64.86182413986056,
            70.13882317501937,
            39.325117269175934,
            61.18337251887983,
            90.52852394939231,
            25.812653932896964,
            25.262788767231328,
            19.850180683264668,
            24.464936643427272,
            8.166724678033532,
            80.33344606897025,
            26.732804336926677,
            93.1999454227414,
            26.971996724700322,
            37.809384981550224,
            13.770281194048723,
            55.95249163870534,
            25.58080765515211
        ],
        [
            72.36526564756582,
            33.46078936905454,
            48.45278471167337,
            64.86182413986056,
            0.0,
            73.3190253768313,
            34.663460149235284,
            62.199253173704165,
            61.26565229451753,
            67.12199586834477,
            82.50238126385248,
            62.96074493349187,
            84.05917538123836,
            66.50347941375983,
            38.04843886206571,
            63.73318674479439,
            57.57710424108293,
            73.31162338347042,
            28.38537986516989,
            52.51023627146345,
            21.827721231031443,
            72.36526564756582
        ],
        [
            94.8128350887771,
            45.03445802974941,
            32.73495727272737,
            70.13882317501937,
            73.3190253768313,
            0.0,
            46.55992328047138,
            11.710274190004707,
            37.852189253756926,
            93.27740015276072,
            62.011522679451794,
            86.5307847548167,
            65.80875516153242,
            63.3970541446061,
            49.672929029235924,
            44.056196474481276,
            45.467600077805095,
            49.22766353717246,
            70.93048667475709,
            71.25562620310981,
            85.58203571895206,
            94.8128350887771
        ],
        [
            57.50071027677682,
            31.086877986611032,
            37.52921234296683,
            39.325117269175934,
            34.663460149235284,
            46.55992328047138,
            0.0,
            34.908152908476346,
            53.74449717789339,
            54.07998078747501,
            50.27085863892654,
            47.736441425236,
            52.51730599197287,
            37.50541776430209,
            41.02073447690038,
            29.60442186399359,
            55.06005046632623,
            39.5214001687156,
            24.386589025745113,
            32.302129490974295,
            40.16634986812845,
            57.50071027677682
        ],
        [
            85.13050270556893,
            36.02578816922157,
            26.39971897524344,
            61.18337251887983,
            62.199253173704165,
            11.710274190004707,
            34.908152908476346,
            0.0,
            36.282661508549495,
            83.20874541345627,
            56.649187845249074,
            76.46463269942159,
            60.300769780277825,
            55.08009768924967,
            42.276642542040925,
            36.3740915599063,
            42.59839040380351,
            43.315755714506516,
            59.29296057766861,
            60.92466391820542,
            73.89987609267462,
            85.13050270556893
        ],
        [
            111.12400657284927,
            28.29216615437149,
            16.22220319136489,
            90.52852394939231,
            61.26565229451753,
            37.852189253756926,
            53.74449717789339,
            36.282661508549495,
            0.0,
            107.82288945793954,
            91.49296576242526,
            101.44095212447024,
            94.9423324295725,
            86.16799247886388,
            24.0873435015461,
            69.67298788473528,
            8.38811866576427,
            78.08966299678491,
            73.89211100597122,
            85.84792413598832,
