{
    "vertices": [
        [
            27.385277805084574,
            15.20306791787066
        ],
        [
            70.96058333051185,
            16.60402899819121
        ],
        [
            61.65512552948618,
            12.749620463852873
        ],
        [
            45.90099829237414,
            65.57760355031725
        ],
        [
            52.8258577730091,
            12.280580067027024
        ],
        [
            22.489189143368904,
            22.747418214966775
        ],
        [
            19.42551688838584,
            43.268720615704936
        ],
        [
            96.15308373191954,
            44.56039616629215
        ],
        [
            97.07230093140959,
            80.0657163307016
        ],
        [
            98.78143365447909,
            73.3252673091257
        ],
        [
            46.92593702592984,
            93.72142547016767
        ],
        [
            60.28903120192165,
            38.07006337932943
        ],
        [
            43.05743927424629,
            42.45753485025842
        ],
        [
            26.010829973743466,
            69.17576576933796
        ],
        [
            74.82147210030557,
            89.80801402572375
        ],
        [
            27.385277805084574,
            15.20306791787066
        ]
    ],
    "distances": [
        [
            0.0,
            43.59782039945238,
            34.35755910223105,
            53.66959796149088,
            25.607890275122067,
            8.993825970557522,
            29.17256682581183,
            74.7720793737636,
            95.20212367030202,
            92.06302804137957,
            80.9133476967525,
            40.06939566594739,
            31.43918912574074,
            53.990195593337695,
            88.40865632374255,
            0.0
        ],
        [
            43.59782039945238,
            0.0,
            10.072140290735122,
            55.01266951072546,
            18.642974057438593,
            48.85915764229045,
            58.02472621436011,
            37.6327057453035,
            68.62366614483915,
            63.1767250518291,
            80.77596834209025,
            23.97233106907683,
            38.039311416843255,
            69.1684019908589,
            73.3057288757429,
            43.59782039945238
        ],
        [
            34.35755910223105,
            10.072140290735122,
            0.0,
            55.12701989031225,
            8.841717480751145,
            40.42185711806872,
            52.103313906691895,
            46.92584118508415,
            76.06466378158375,
            71.04767234551127,
            82.30056014362212,
            25.357268053710186,
            35.049024397810854,
            66.74148394889686,
            78.1751156082235,
            34.35755910223105
        ],
        [
            53.66959796149088,
            55.01266951072546,
            55.12701989031225,
            0.0,
            53.74501270820326,
            48.81124443701386,
            34.62134274350385,
            54.470130321548616,
            53.18277564882161,
            53.44498795776189,
            28.162478791182355,
            31.043199855439045,
            23.294278365835165,
            20.21300490025784,
            37.72938638623662,
            53.66959796149088
        ],
        [
            25.607890275122067,
            18.642974057438593,
            8.841717480751145,
            53.74501270820326,
            0.0,
            32.091559082720835,
            45.56147084844444,
            54.02994574027313,
            80.94796124952435,
            76.40921930685585,
            81.654273401948,
            26.847651799469368,
            31.71861598424754,
            62.89759830053796,
            80.58728228359145,
            25.607890275122067
        ],
        [
            8.993825970557522,
            48.85915764229045,
            40.42185711806872,
            48.81124443701386,
            32.091559082720835,
            0.0,
            20.74873345311696,
            76.82561664612986,
            94.06395623655017,
            91.53483157538739,
            75.06306916811461,
            40.78739406341743,
            28.487569415854665,
            46.561716149296366,
            85.06345484389051,
            8.993825970557522
        ],
        [
            29.17256682581183,
            58.02472621436011,
            52.103313906691895,
            34.62134274350385,
            45.56147084844444,
            20.74873345311696,
            0.0,
            76.73843847418917,
            85.9246295649475,
            84.85727738338593,
            57.46084349252944,
            41.19287364476853,
            23.645840606698577,
            26.73090602700482,
            72.35065780588893,
            29.17256682581183
        ],
        [
            74.7720793737636,
            37.6327057453035,
            46.92584118508415,
            54.470130321548616,
            54.02994574027313,
            76.82561664612986,
            76.73843847418917,
            0.0,
            35.517217236673524,
            28.88470244228314,
            69.57096215397297,
            36.446600438998026,
            53.137270216770816,
            74.33607591856672,
            50.02384008405554,
            74.7720793737636
        ],
        [
            95.20212367030202,
            68.62366614483915,
            76.06466378158375,
            53.18277564882161,
            80.94796124952435,
            94.06395623655017,
            85.9246295649475,
            35.517217236673524,
            0.0,
            6.9537606859547925,
            51.97245621521556,
            55.82690927146476,
            65.81778326644282,
            71.8910542271858,
            24.29015743155082,
            95.20212367030202
        ],
        [
            92.06302804137957,
            63.1767250518291,
            71.04767234551127,
            53.44498795776189,
            76.40921930685585,
            91.53483157538739,
            84.85727738338593,
            28.88470244228314,
            6.9537606859547925,
            0.0,
            55.72248916123293,
            52.19764794223177,
            63.70227984021,
            72.88881342899879,
            29.081965150261023,
            92.06302804137957
        ],
        [
            80.9133476967525,
            80.77596834209025,
            82.30056014362212,
            28.162478791182355,
            81.654273401948,
            75.06306916811461,
            57.46084349252944,
            69.57096215397297,
            51.97245621521556,
            55.72248916123293,
            0.0,
            57.233262955400455,
            51.409646530051155,
            32.24796293028991,
            28.168700115895145,
            80.9133476967525
        ],
        [
            40.06939566594739,
            23.97233106907683,
            25.357268053710186,
            31.043199855439045,
            26.847651799469368,
            40.78739406341743,
            41.19287364476853,
            36.446600438998026,
            55.82690927146476,
            52.19764794223177,
            57.233262955400455,
            0.0,
            17.781385386694208,
            46.28779321392692,
            53.74018399255585,
            40.06939566594739
        ],
        [
            31.43918912574074,
            38.039311416843255,
            35.049024397810854,
            23.294278365835165,
            31.71861598424754,
            28.487569415854665,
            23.645840606698577,
            53.137270216770816,
            65.81778326644282,
            63.70227984021,
            51.409646530051155,
            17.781385386694208,
            0.0,
            31.69307104225224,
            57.017731097625656,
            31.43918912574074
        ],
        [
            53.990195593337695,
            69.1684019908589,
