{
    "vertices": [
        [
            70.19424082691984,
            4.934320451966356
        ],
        [
            74.81565977257596,
            20.498831358060443
        ],
        [
            89.45954113719924,
            12.02311677892891
        ],
        [
            2.930800244067333,
            88.56792048999674
        ],
        [
            15.765710345195549,
            51.553630334642556
        ],
        [
            72.46750148265448,
            17.841500982406465
        ],
        [
            42.73225643046863,
            14.354756770361742
        ],
        [
            42.0606796810114,
            28.137052420200803
        ],
        [
            43.28796440531442,
            35.76034069052506
        ],
        [
            82.43160477860093,
            66.40844684872327
        ],
        [
            67.98938090634753,
            42.68027941041066
        ],
        [
            87.4978943181189,
            97.43352278754985
        ],
        [
            34.64081391574608,
            76.53981071993275
        ],
        [
            67.48846156987356,
            97.04443241353661
        ],
        [
            70.11236405784192,
            74.76630424345385
        ],
        [
            24.73899794049439,
            93.58520667294948
        ],
        [
            4.86160615947131,
            13.507376067839715
        ],
        [
            32.61765748780032,
            75.6302140152277
        ],
        [
            85.87322175985004,
            45.41482811750305
        ],
        [
            96.63753117993079,
            44.618536818322895
        ],
        [
            70.19424082691984,
            4.934320451966356
        ]
    ],
    "distances": [
        [
            0.0,
            16.23611754137026,
            20.528098533727118,
            107.32636905422714,
            71.66467040555604,
            13.105839280804695,
            29.032829821081382,
            36.46730088093027,
            40.916882024707974,
            62.680310247559795,
            37.8103005140386,
            94.10376643292604,
            79.94618440953892,
            92.14984518142649,
            69.83203179100467,
            99.62509088392154,
            65.89271913635949,
            80.0619071853136,
            43.41085053249664,
            47.68736345516957,
            0.0
        ],
        [
            16.23611754137026,
            0.0,
            16.91984039664866,
            98.99916123222917,
            66.71804153939254,
            3.5461601881331077,
            32.6664112285318,
            33.63377977261722,
            35.02726427050433,
            46.537032703378344,
            23.208074475462805,
            77.97298133596607,
            68.9536772584163,
            76.89549319983455,
            54.47090603200156,
            88.5962206694703,
            70.30256086360066,
            69.42723349318285,
            27.259430874817678,
            32.52620886621963,
            16.23611754137026
        ],
        [
            20.528098533727118,
            16.91984039664866,
            0.0,
            115.52631724294106,
            83.62680311227335,
            17.960595935572364,
            46.78542167292616,
            50.06307011354719,
            51.91599268951312,
            54.837542033364215,
            37.42765556312027,
            85.43292990879033,
            84.6610692777811,
            87.81430663390417,
            65.65836454061682,
            104.12071465158522,
            84.61095453977931,
            85.30452834193372,
            33.58374715238029,
            33.3764130576981,
            20.528098533727118
        ],
        [
            107.32636905422714,
            98.99916123222917,
            115.52631724294106,
            0.0,
            39.17642904871235,
            99.18457155983572,
            84.21252628816791,
            71.99331413693122,
            66.46308135661042,
            82.53132855889581,
            79.61340667022945,
            85.0305374805303,
            33.91460440133073,
            65.11177228618041,
            68.58459832557965,
            22.377905340046798,
            75.08537367845729,
            32.3835412182958,
            93.49670939776837,
            103.50120650410942,
            107.32636905422714
        ],
        [
            71.66467040555604,
            66.71804153939254,
            83.62680311227335,
            39.17642904871235,
            0.0,
            65.96666418470707,
            45.94508463612301,
            35.21024756508561,
            31.731726494672778,
            68.30085690731087,
            52.97214478859903,
            85.14969611816393,
            31.314193986837175,
            68.88146389291566,
            59.096421209402415,
            42.97875405070355,
            39.57798569694196,
            29.38826303518743,
            70.37576322440181,
            81.16863265575942,
            71.66467040555604
        ],
        [
            13.105839280804695,
            3.5461601881331077,
            17.960595935572364,
            99.18457155983572,
            65.96666418470707,
            0.0,
            29.93897432300864,
            32.10254182280815,
            34.24222832312628,
            49.578539563747114,
            25.23922498198846,
            80.99878174280649,
            69.83086608604447,
            79.3592791407367,
            56.97350172315814,
            89.52719699683212,
            67.74468039059796,
            70.19647726491677,
            30.659447246313256,
            36.07214969647874,
            13.105839280804695
        ],
        [
            29.032829821081382,
            32.6664112285318,
            46.78542167292616,
            84.21252628816791,
            45.94508463612301,
            29.93897432300864,
            0.0,
            13.798648075445081,
            21.41279604153698,
            65.46468444925453,
            37.950725548030896,
            94.37183742211931,
            62.70926866644288,
            86.3160017081292,
            66.32665649480762,
            81.24790177508275,
            37.88012943487913,
            62.1046437260405,
            53.15892137393682,
            61.81969773952615,
            29.032829821081382
        ],
        [
            36.46730088093027,
            33.63377977261722,
            50.06307011354719,
            71.99331413693122,
            35.21024756508561,
            32.10254182280815,
            13.798648075445081,
            0.0,
            7.721447522775181,
            55.62833113386312,
            29.728824371668587,
            82.8645960549586,
            48.96816740492568,
            73.44929617997386,
            54.41676324418482,
            67.70156241484642,
            39.9724717904182,
            48.422836208062144,
            47.09628835116728,
            57.01115721944821,
            36.46730088093027
        ],
        [
            40.916882024707974,
            35.02726427050433,
            51.91599268951312,
            66.46308135661042,
            31.731726494672778,
            34.24222832312628,
            21.41279604153698,
            7.721447522775181,
            0.0,
            49.71449479535493,
            25.65239811488359,
            75.88214080314197,
            41.68618940930679,
            65.8893311646607,
            47.33934525752258,
            60.727088542086086,
            44.40472320076278,
            41.273020832521865,
            43.6659280381135,
            54.07997701254859,
            40.916882024707974
        ],
        [
            62.680310247559795,
            46.537032703378344,
            54.837542033364215,
            82.53132855889581,
            68.30085690731087,
            49.578539563747114,
            65.46468444925453,
            55.62833113386312,
            49.71449479535493,
