{
    "vertices": [
        [
            26.6177383543273,
            15.49732973852288
        ],
        [
            34.55381745895018,
            98.06611646099212
        ],
        [
            96.55162826604182,
            64.27826009812867
        ],
        [
            36.04033140050487,
            13.675767702929631
        ],
        [
            90.11100345225057,
            69.67454130067365
        ],
        [
            55.35174309378189,
            62.37293363615388
        ],
        [
            80.6809844352562,
            15.443720988402553
        ],
        [
            72.9708529076865,
            55.79485082470113
        ],
        [
            66.91238602084381,
            93.8349027896428
        ],
        [
            50.39791276842326,
            67.77149598409946
        ],
        [
            30.95024277004239,
            21.45851009051416
        ],
        [
            99.46814079835191,
            29.747374637049408
        ],
        [
            92.62223436010859,
            79.92216510865208
        ],
        [
            28.10799523486518,
            81.56397624564852
        ],
        [
            15.973278714985595,
            30.58189049029115
        ],
        [
            64.54208136306927,
            26.147142734186733
        ],
        [
            82.53917641219053,
            97.40124712042409
        ],
        [
            26.6177383543273,
            15.49732973852288
        ]
    ],
    "distances": [
        [
            0.0,
            82.94929711803135,
            85.26621913121582,
            9.597048919505854,
            83.46595093476863,
            54.98149933509087,
            54.06327265995987,
            61.420692233870355,
            88.09332541179414,
            57.42895743294494,
            7.369278506146828,
            74.23102394461745,
            92.23422849162586,
            66.08345213642737,
            18.46208260428282,
            39.39129738263677,
            99.1738822319704,
            0.0
        ],
        [
            82.94929711803135,
            0.0,
            70.60699527999631,
            84.403440019977,
            62.39136523252385,
            41.310495166232485,
            94.6265066822664,
            57.12029859133563,
            32.63403328593302,
            34.187708112926074,
            76.69231450642647,
            94.24075476681485,
            60.83702829759868,
            17.716355602419156,
            69.99540824140253,
            77.92069528629744,
            47.98996483757152,
            82.94929711803135
        ],
        [
            85.26621913121582,
            70.60699527999631,
            0.0,
            78.88110854289079,
            8.40246980410902,
            41.24391842604319,
            51.34870539422608,
            25.060351142825063,
            41.857852406249485,
            46.285722973614114,
            78.33947133922545,
            34.65383234329642,
            16.129845022388302,
            70.59268294404882,
            87.3402297977295,
            49.78547182016369,
            35.96499793181769,
            85.26621913121582
        ],
        [
            9.597048919505854,
            84.403440019977,
            78.88110854289079,
            0.0,
            77.84279170596868,
            52.3864924528758,
            44.67564842493803,
            56.016788392508744,
            85.8986070569897,
            55.96863372467256,
            9.2994667232841,
            65.43228220423357,
            87.12116224986282,
            68.35006083526484,
            26.239351958170587,
            31.110849331042107,
            95.77107335260503,
            9.597048919505854
        ],
        [
            83.46595093476863,
            62.39136523252385,
            8.40246980410902,
            77.84279170596868,
            0.0,
            35.51787796524992,
            55.044592199440544,
            22.055171012692742,
            33.49475956036157,
            39.75866135999584,
            76.3202546520685,
            41.008958254247716,
            10.550832876243833,
            63.13265154669135,
            83.81311100657803,
            50.481721471919236,
            28.742003763474237,
            83.46595093476863
        ],
        [
            54.98149933509087,
            41.310495166232485,
            41.24391842604319,
            52.3864924528758,
            35.51787796524992,
            0.0,
            53.32843019133898,
            18.807025392356977,
            33.51871071360166,
            7.326998725064613,
            47.63846420825777,
            54.86969697776576,
            41.19544931796055,
            33.324434186339424,
            50.60962241643613,
            37.37338951683368,
            44.341169086924424,
            54.98149933509087
        ],
        [
            54.06327265995987,
            94.6265066822664,
            51.34870539422608,
            44.67564842493803,
            55.044592199440544,
            53.32843019133898,
            0.0,
            41.081136878599764,
            79.59115331801932,
            60.45875011591641,
            50.09315676332561,
            23.612533788474625,
            65.57486718199227,
            84.47370803242742,
            66.45488210394366,
            19.365624943222734,
            81.97858846738053,
            54.06327265995987
        ],
        [
            61.420692233870355,
            57.12029859133563,
            25.060351142825063,
            56.016788392508744,
            22.055171012692742,
            18.807025392356977,
            41.081136878599764,
            0.0,
            38.519483050976056,
            25.55342747665959,
            54.26523722747434,
            37.156120374806186,
            31.117584860415217,
            51.73706431111395,
            62.32508991310783,
            30.82256940574069,
            42.69244695966247,
            61.420692233870355
        ],
        [
            88.09332541179414,
            32.63403328593302,
            41.857852406249485,
            85.8986070569897,
            33.49475956036157,
            33.51871071360166,
            79.59115331801932,
            38.519483050976056,
            0.0,
            30.854967203290894,
            80.81842591469871,
            71.88246263062148,
            29.232867998334594,
            40.69835847450173,
            81.21413804295203,
            67.7292492612731,
            16.028580405662314,
            88.09332541179414
        ],
        [
            57.42895743294494,
            34.187708112926074,
            46.285722973614114,
            55.96863372467256,
            39.75866135999584,
            7.326998725064613,
            60.45875011591641,
            25.55342747665959,
            30.854967203290894,
            0.0,
            50.23051394068504,
            62.078346330458764,
            43.937820770407136,
            26.212076137117418,
            50.676643402046636,
            43.96185037856449,
            43.71479132992271,
            57.42895743294494
        ],
        [
            7.369278506146828,
            76.69231450642647,
            78.33947133922545,
            9.2994667232841,
            76.3202546520685,
            47.63846420825777,
            50.09315676332561,
            54.26523722747434,
            80.81842591469871,
            50.23051394068504,
            0.0,
            69.01744435784789,
            84.97901802659901,
            60.1726302630791,
            17.53697585747036,
            33.9174718416229,
            91.80804638988901,
            7.369278506146828
        ],
        [
            74.23102394461745,
            94.24075476681485,
            34.65383234329642,
            65.43228220423357,
            41.008958254247716,
            54.86969697776576,
            23.612533788474625,
            37.156120374806186,
