{
    "vertices": [
        [
            92.36985962486952,
            36.661706097039804
        ],
        [
            42.1410266363482,
            32.13350710099008
        ],
        [
            63.02995130222444,
            68.67993226039971
        ],
        [
            12.204020959051931,
            64.62215581652887
        ],
        [
            99.30974017959282,
            10.307498580668861
        ],
        [
            4.650947527570826,
            45.808244488447244
        ],
        [
            31.686494515936214,
            45.7686890868564
        ],
        [
            84.99647456385435,
            43.38272098506718
        ],
        [
            21.07311180202024,
            85.44667062828958
        ],
        [
            99.34023663276444,
            68.11032039761761
        ],
        [
            28.89676154697992,
            41.94753820346997
        ],
        [
            29.20548885688342,
            68.01248663878971
        ],
        [
            52.562724111221115,
            46.78606829696602
        ],
        [
            11.881640009384709,
            44.37418297106088
        ],
        [
            0.5611051906552755,
            16.422955506366876
        ],
        [
            82.00814574342249,
            17.183326424745626
        ],
        [
            69.28109629488627,
            82.40187685472186
        ],
        [
            75.54900481963652,
            15.551810061247417
        ],
        [
            94.45741321829661,
            5.4534574412864245
        ],
        [
            92.36985962486952,
            36.661706097039804
        ]
    ],
    "distances": [
        [
            0.0,
            50.43253165900551,
            43.42806727255178,
            84.9019931303734,
            27.252636495021346,
            88.19448227683581,
            61.36291991195426,
            9.976915775082364,
            86.38980851020717,
            32.21182231819083,
            63.69281121651611,
            70.51672975324779,
            41.07445371221951,
            80.85688465679854,
            94.01305449900731,
            22.062918873508444,
            51.23723463507659,
            26.992014875156936,
            31.277990091512642,
            0.0
        ],
        [
            50.43253165900551,
            0.0,
            42.0949921680594,
            44.17846312723146,
            61.19343474686394,
            39.90619593745192,
            17.18183429219416,
            44.30727062319348,
            57.32495478197148,
            67.57278090469948,
            16.484106413084756,
            38.13960291242956,
            17.980804427488565,
            32.64145561699402,
            44.44897410331663,
            42.57810573698648,
            57.12698468121869,
            37.296724829572895,
            58.726734583459724,
            50.43253165900551
        ],
        [
            43.42806727255178,
            42.0949921680594,
            0.0,
            50.98765286731148,
            68.72818995638544,
            62.69945919430805,
            38.82444264984563,
            33.50338852284257,
            45.18296024325061,
            36.31475290373667,
            43.3554556530375,
            33.83104703336998,
            24.267346874296326,
            56.62966710678627,
            81.44414253942661,
            54.88234941072259,
            15.078745875202221,
            54.583184859257585,
            70.60646203102188,
            43.42806727255178
        ],
        [
            84.9019931303734,
            44.17846312723146,
            50.98765286731148,
            0.0,
            102.65226890613118,
            20.273435271859185,
            27.111251974439732,
            75.82779763231437,
            22.634513238107537,
            87.20600537853173,
            28.156453474013727,
            17.336212209285122,
            44.12426699822238,
            20.25053909967627,
            49.58548576074555,
            84.39821307927492,
            59.782196422417194,
            80.12793403576927,
            101.32401198913114,
            84.9019931303734
        ],
        [
            27.252636495021346,
            61.19343474686394,
            68.72818995638544,
            102.65226890613118,
            0.0,
            101.09693361495756,
            76.35705197428314,
            36.03942160589004,
            108.47518239621606,
            57.80282986182928,
            77.19507540801567,
            90.79907323483799,
            59.295611640688506,
            93.83076086618144,
            98.93781746929982,
            18.617791989790348,
            78.09813590782285,
            24.332598458676905,
            6.863438811713797,
            27.252636495021346
        ],
        [
            88.19448227683581,
            39.90619593745192,
            62.69945919430805,
            20.273435271859185,
            101.09693361495756,
            0.0,
            27.0355759248792,
            80.38213034626301,
            42.905620917319666,
            97.28023468878628,
            24.5512637247584,
            33.10519399375218,
            47.92175366993706,
            7.371529434398827,
            29.668535840199475,
            82.48346531251094,
            74.27078873583737,
            77.08428083621507,
            98.45664079929402,
            88.19448227683581
        ],
        [
            61.36291991195426,
            17.18183429219416,
            38.82444264984563,
            27.111251974439732,
            76.35705197428314,
            27.0355759248792,
            0.0,
            53.36334712602073,
            41.072936489060076,
            71.24729687529404,
            4.731152514101252,
            22.381731805462383,
            20.90100530051635,
            19.853889022875713,
            42.77805442078196,
            57.87392798821562,
            52.49137575786638,
            53.26330433037837,
            74.60231991951929,
            61.36291991195426
        ],
        [
            9.976915775082364,
            44.30727062319348,
            33.50338852284257,
            75.82779763231437,
            36.03942160589004,
            80.38213034626301,
            53.36334712602073,
            0.0,
            76.52171042500677,
            28.586669673067348,
            56.11806794778544,
            60.985731464931405,
            32.611822110227074,
            73.12155652608291,
            88.63498494305217,
            26.369269699148482,
            42.065040579050454,
            29.390717708444985,
            39.091410734286576,
            9.976915775082364
        ],
        [
            86.38980851020717,
            57.32495478197148,
            45.18296024325061,
            22.634513238107537,
            108.47518239621606,
            42.905620917319666,
            41.072936489060076,
            76.52171042500677,
            0.0,
            80.16415575924078,
            44.19710417033904,
            19.237627918800143,
            49.86218864033663,
            42.08838790056015,
            72.00705287995768,
            91.50389348706076,
            48.30404266713055,
            88.6166714210878,
            108.55491628819138,
            86.38980851020717
        ],
        [
            32.21182231819083,
            67.57278090469948,
            36.31475290373667,
            87.20600537853173,
            57.80282986182928,
            97.28023468878628,
            71.24729687529404,
            28.586669673067348,
            80.16415575924078,
            0.0,
            75.14502215250158,
            70.13481601195525,
            51.408748334843615,
            90.62235013098831,
            111.48497879920316,
            53.79553968229475,
            33.283637178332135,
            57.692458085648624,
            62.84683317419696,
            32.21182231819083
        ],
        [
