{
    "vertices": [
        [
            75.01068469505492,
            54.91302885677995
        ],
        [
            52.88585982336607,
            80.92578660568088
        ],
        [
            24.372536030340754,
            9.414207265791031
        ],
        [
            76.06603216151107,
            86.31030201661528
        ],
        [
            36.87012573061281,
            26.84264135204113
        ],
        [
            96.04393790087335,
            46.720954218314695
        ],
        [
            78.7231778717969,
            37.80755676527444
        ],
        [
            70.20545882715716,
            34.023774550122695
        ],
        [
            6.713806127304222,
            55.22901933965366
        ],
        [
            74.76011467497085,
            92.1870077365864
        ],
        [
            1.5670810619010433,
            18.750402951083856
        ],
        [
            70.70180327677653,
            38.746266581335846
        ],
        [
            26.42044419898404,
            23.053114561679024
        ],
        [
            1.288173380606572,
            84.36581978957851
        ],
        [
            74.23459650375943,
            72.9773831825679
        ],
        [
            81.15001712135619,
            80.58485919371881
        ],
        [
            68.8968924681642,
            28.83451679753726
        ],
        [
            75.01068469505492,
            54.91302885677995
        ]
    ],
    "distances": [
        [
            0.0,
            34.14925242675024,
            68.07616959229075,
            31.415004697568826,
            47.35661403422211,
            22.572280064323515,
            17.503707637544387,
            21.434811432100645,
            68.29760956346387,
            37.27482108430866,
            81.8639018555745,
            16.73112851984311,
            58.103920783000376,
            79.38813241436094,
            18.081017949448594,
            26.395724568369186,
            26.785579079378817,
            0.0
        ],
        [
            34.14925242675024,
            0.0,
            76.98646383235993,
            23.79734010003414,
            56.40470139142725,
            55.06895915115909,
            50.26677579182781,
            49.99767239094083,
            52.84110512126318,
            24.602807292504412,
            80.61882773995492,
            45.78776856999305,
            63.63697347991872,
            51.71223331622455,
            22.780379163335436,
            28.26621338746588,
            54.496362783011556,
            34.14925242675024
        ],
        [
            68.07616959229075,
            76.98646383235993,
            0.0,
            92.65649966511286,
            21.44621325584334,
            80.79964860237337,
            61.32026226605737,
            52.021991638354066,
            49.100180724226924,
            96.90327434842892,
            24.642510549690588,
            54.83402873474013,
            13.791799015829032,
            78.42596520834422,
            80.78677123936805,
            91.0436381900837,
            48.57537172797737,
            68.07616959229075
        ],
        [
            31.415004697568826,
            23.79734010003414,
            92.65649966511286,
            0.0,
            71.22304223954964,
            44.34448304835283,
            48.575474472640586,
            52.61394562577134,
            75.9985354381577,
            6.020057358596572,
            100.57054079941541,
            47.865566103581585,
            80.41241302718103,
            74.80313613070082,
            13.458115811798448,
            7.656866107630979,
            57.921174457121545,
            31.415004697568826
        ],
        [
            47.35661403422211,
            56.40470139142725,
            21.44621325584334,
            71.22304223954964,
            0.0,
            62.42345207668934,
            43.265544530862385,
            34.100045552259225,
            41.41485322046315,
            75.53500831006285,
            36.21863174139777,
            35.864727786323705,
            11.115590735868949,
            67.63868264975953,
            59.36765179731034,
            69.63429298929061,
            32.08864838929646,
            47.35661403422211
        ],
        [
            22.572280064323515,
            55.06895915115909,
            80.79964860237337,
            44.34448304835283,
            62.42345207668934,
            0.0,
            19.479665863169124,
            28.78967475275151,
            89.73438368202106,
            50.201226614872795,
            98.53034160279996,
            26.56726237709166,
            73.53636861627882,
            101.95975094957211,
            34.132791185760674,
            36.994498731159105,
            32.50979420625363,
            22.572280064323515
        ],
        [
            17.503707637544387,
            50.26677579182781,
            61.32026226605737,
            48.575474472640586,
            43.265544530862385,
            19.479665863169124,
            0.0,
            9.320329692404519,
            74.08682053690141,
            54.523669702647105,
            79.47476572117556,
            8.076114567810956,
            54.34399244064085,
            90.35403575043534,
            35.45509911028379,
            42.84608677344752,
            13.306815212373476,
            17.503707637544387
        ],
        [
            21.434811432100645,
            49.99767239094083,
            52.021991638354066,
            52.61394562577134,
            34.100045552259225,
            28.78967475275151,
            9.320329692404519,
            0.0,
            66.93916916979678,
            58.34129399143436,
            70.31715851944197,
            4.748503848323139,
            45.13848564774158,
            85.34584789087721,
            39.16142969691896,
            47.830094704518864,
            5.3517045825284635,
            21.434811432100645
        ],
        [
            68.29760956346387,
            52.84110512126318,
            49.100180724226924,
            75.9985354381577,
            41.41485322046315,
            89.73438368202106,
            74.08682053690141,
            66.93916916979678,
            0.0,
            77.43508903147243,
            36.8399000069664,
            66.07681074093021,
            37.731159965862055,
            29.637655628621822,
            69.81447953083709,
            78.63630282417924,
            67.55298654627074,
            68.29760956346387
        ],
        [
            37.27482108430866,
            24.602807292504412,
            96.90327434842892,
            6.020057358596572,
            75.53500831006285,
            50.201226614872795,
            54.523669702647105,
            58.34129399143436,
            77.43508903147243,
            0.0,
            103.68295468352578,
            53.594614530073855,
            84.35768445877646,
            73.88705663690315,
            19.216811516342233,
            13.245403130334903,
            63.62323068525123,
            37.27482108430866
        ],
        [
            81.8639018555745,
            80.61882773995492,
            24.642510549690588,
            100.57054079941541,
            36.21863174139777,
            98.53034160279996,
            79.47476572117556,
            70.31715851944197,
            36.8399000069664,
            103.68295468352578,
            0.0,
            71.96835678301703,
            25.223064572483384,
            65.61600960424288,
            90.67046479156534,
            100.78166346446987,
            68.08078184092186,
            81.8639018555745
        ],
        [
            16.73112851984311,
            45.78776856999305,
            54.83402873474013,
            47.865566103581585,
            35.864727786323705,
            26.56726237709166,
            8.076114567810956,
