{
    "vertices": [
        [
            44.41531325680111,
            25.56870286614682
        ],
        [
            54.32487470899691,
            48.00518749248395
        ],
        [
            90.35786589736291,
            78.65125653678892
        ],
        [
            79.88882373906468,
            86.43206408162871
        ],
        [
            61.84352841724876,
            25.362803695564107
        ],
        [
            65.36100219154186,
            1.2800947996241208
        ],
        [
            78.48517680236934,
            55.635983227625694
        ],
        [
            28.394460174186587,
            82.96624172667374
        ],
        [
            35.829934593084836,
            56.28378612399692
        ],
        [
            44.41531325680111,
            25.56870286614682
        ]
    ],
    "distances": [
        [
            0.0,
            24.527438728140922,
            70.2031028326198,
            70.44656616458667,
            17.429431377624,
            32.07270438800059,
            45.44003686562558,
            59.591485975266785,
            31.892398253127,
            0.0
        ],
        [
            24.527438728140922,
            0.0,
            47.30283291568455,
            46.153443364599184,
            23.85807405453398,
            48.01073210197202,
            25.336717245816864,
            43.527711990329365,
            20.26321803645369,
            24.527438728140922
        ],
        [
            70.2031028326198,
            47.30283291568455,
            0.0,
            13.0438418329134,
            60.43779155579134,
            81.30891626190764,
            25.897172661158603,
            62.1134667041205,
            58.93724649991035,
            70.2031028326198
        ],
        [
            70.44656616458667,
            46.153443364599184,
            13.0438418329134,
            0.0,
            63.67956695324263,
            86.38237940413613,
            30.828052495887334,
            51.61086516953527,
            53.38636882752344,
            70.44656616458667
        ],
        [
            17.429431377624,
            23.85807405453398,
            60.43779155579134,
            63.67956695324263,
            0.0,
            24.338231026913743,
            34.54576471804349,
            66.61078170486304,
            40.40809594608524,
            17.429431377624
        ],
        [
            32.07270438800059,
            48.01073210197202,
            81.30891626190764,
            86.38237940413613,
            24.338231026913743,
            0.0,
            55.91785552051191,
            89.66131734760778,
            62.42988076883954,
            32.07270438800059
        ],
        [
            45.44003686562558,
            25.336717245816864,
            25.897172661158603,
            30.828052495887334,
            34.54576471804349,
            55.91785552051191,
            0.0,
            57.06157132387516,
            42.660160999758,
            45.44003686562558
        ],
        [
            59.591485975266785,
            43.527711990329365,
            62.1134667041205,
            51.61086516953527,
            66.61078170486304,
            89.66131734760778,
            57.06157132387516,
            0.0,
            27.69909234655371,
            59.591485975266785
        ],
        [
            31.892398253127,
            20.26321803645369,
            58.93724649991035,
            53.38636882752344,
            40.40809594608524,
            62.42988076883954,
            42.660160999758,
            27.69909234655371,
            0.0,
            31.892398253127
        ],
        [
            0.0,
            24.527438728140922,
            70.2031028326198,
            70.44656616458667,
            17.429431377624,
            32.07270438800059,
            45.44003686562558,
            59.591485975266785,
            31.892398253127,
            0.0
        ]
    ],
    "scores_ave": [
        0,
        13.014838185066292,
        17.70305785526793,
        13.839376367265743,
        17.002416408473763,
        12.04926705076252,
        17.27216099646212,
        10.008776803157243,
        11.960790535172698,
        0
    ],
    "scores_var": [
        0,
        276.70450390715155,
        20.641800507971162,
        19.28686915079347,
        20.748804134690953,
        255.6940946338094,
        16.3344548416732,
        22.474611548742523,
        329.1555110838436,
        0
    ],
    "vertex_number": 10,
    "minimum_distances": {
        "cost": 253.99832890771336,
        "path": [
            0,
            5,
            4,
            6,
            2,
            3,
            7,
            8,
            1,
            9
        ]
    }
}