{
    "vertices": [
        [
            22.238636352012332,
            31.858610866590798
        ],
        [
            15.342018525053259,
            52.61459883477667
        ],
        [
            50.31239341747711,
            45.99111859706011
        ],
        [
            9.633387353634582,
            99.6895067308327
        ],
        [
            60.180780973535796,
            42.77398112878726
        ],
        [
            41.60832787425326,
            50.75772623179129
        ],
        [
            60.191145385661095,
            47.38608214477217
        ],
        [
            68.18753507067939,
            39.0256447032255
        ],
        [
            23.808701605337713,
            69.0062660343688
        ],
        [
            84.80910216035113,
            18.496644578316946
        ],
        [
            45.108890938262945,
            14.1584032569696
        ],
        [
            77.51675905806448,
            16.277960447637774
        ],
        [
            91.12772539166262,
            39.63554823862172
        ],
        [
            60.75954125634232,
            48.78017531874418
        ],
        [
            73.51125076488263,
            41.27449492824212
        ],
        [
            22.238636352012332,
            31.858610866590798
        ]
    ],
    "distances": [
        [
            0.0,
            21.87177116711416,
            31.43029765246439,
            68.99219329791403,
            39.48102894355016,
            27.062178612482946,
            41.00603987516886,
            46.50449083124972,
            37.180820181430164,
            63.98128894107605,
            28.919645472647296,
            57.43193813012911,
            69.32667122833287,
            42.07373834301885,
            52.13002840391835,
            0.0
        ],
        [
            21.87177116711416,
            0.0,
            35.592100395678955,
            47.41977881932234,
            45.90590784144106,
            26.331862499481293,
            45.152868867177766,
            54.56471656082753,
            18.4491592210637,
            77.3932200611872,
            48.63070708495664,
            72.01423227130151,
            76.88907022229617,
            45.5790980027848,
            59.264302374888416,
            21.87177116711416
        ],
        [
            31.43029765246439,
            35.592100395678955,
            0.0,
            67.36689411355867,
            10.379549433686366,
            9.923774751787459,
            9.976756173644034,
            19.184329951492664,
            35.10189013762538,
            44.11313880986054,
            32.255204292864455,
            40.28584462462409,
            41.30719790477237,
            10.81303543709522,
            23.673477164508917,
            31.43029765246439
        ],
        [
            68.99219329791403,
            47.41977881932234,
            67.36689411355867,
            0.0,
            76.121061844422,
            58.45268141072292,
            72.74431332176188,
            84.3130616866335,
            33.79942002123226,
            110.65111369172118,
            92.59633370733238,
            107.54365721564132,
            101.23144305422393,
            72.15014648432269,
            86.5603548853796,
            68.99219329791403
        ],
        [
            39.48102894355016,
            45.90590784144106,
            10.379549433686366,
            76.121061844422,
            0.0,
            20.215741391173122,
            4.612112661534591,
            8.840709085323349,
            44.844853984979174,
            34.58241279126919,
            32.34212680349605,
            31.66346866790119,
            31.10567681026574,
            6.0340145933223,
            13.41454001163051,
            39.48102894355016
        ],
        [
            27.062178612482946,
            26.331862499481293,
            9.923774751787459,
            58.45268141072292,
            20.215741391173122,
            0.0,
            18.886214298048632,
            29.053330139305285,
            25.49187910373271,
            53.91738391623349,
            36.76634852661357,
            49.782222515799646,
            50.7530646739579,
            19.25304343785679,
            33.28255045698959,
            27.062178612482946
        ],
        [
            41.00603987516886,
            45.152868867177766,
            9.976756173644034,
            72.74431332176188,
            4.612112661534591,
            18.886214298048632,
            0.0,
            11.568887682430075,
            42.3215614887774,
            37.95580849707487,
            36.490451401523956,
            35.60747287647769,
            31.892675621498444,
            1.505513083145682,
            14.6552620453822,
            41.00603987516886
        ],
        [
            46.50449083124972,
            54.56471656082753,
            19.184329951492664,
            84.3130616866335,
            8.840709085323349,
            29.053330139305285,
            11.568887682430075,
            0.0,
            53.55668506494717,
            26.41432071140491,
            33.92644266847185,
            24.58641005105697,
            22.948296544306327,
            12.260748738756575,
            5.779210683758053,
            46.50449083124972
        ],
        [
            37.180820181430164,
            18.4491592210637,
            35.10189013762538,
            33.79942002123226,
            44.844853984979174,
            25.49187910373271,
            42.3215614887774,
            53.55668506494717,
            0.0,
            79.19766869994176,
            58.838644757224614,
            75.26506258147329,
            73.4471921000469,
            42.1243314077616,
            56.915679049270615,
            37.180820181430164
        ],
        [
            63.98128894107605,
            77.3932200611872,
            44.11313880986054,
            110.65111369172118,
            34.58241279126919,
            53.91738391623349,
            37.95580849707487,
            26.41432071140491,
            79.19766869994176,
            0.0,
            39.93653851851287,
            7.622389861007851,
            22.06305163613855,
            38.67135391710549,
            25.42581193821892,
            63.98128894107605
        ],
        [
            28.919645472647296,
            48.63070708495664,
            32.255204292864455,
            92.59633370733238,
            32.34212680349605,
            36.76634852661357,
            36.490451401523956,
            33.92644266847185,
            58.838644757224614,
            39.93653851851287,
            0.0,
            32.477106379032016,
            52.60055171636061,
            37.99486749649579,
            39.268008241386966,
            28.919645472647296
        ],
        [
            57.43193813012911,
            72.01423227130151,
            40.28584462462409,
            107.54365721564132,
            31.66346866790119,
            49.782222515799646,
            35.60747287647769,
            24.58641005105697,
            75.26506258147329,
            7.622389861007851,
            32.477106379032016,
            0.0,
            27.03396589381337,
            36.567722378922156,
            25.315426773546413,
            57.43193813012911
        ],
        [
            69.32667122833287,
            76.88907022229617,
            41.30719790477237,
            101.23144305422393,
            31.10567681026574,
            50.7530646739579,
            31.892675621498444,
            22.948296544306327,
            73.4471921000469,
            22.06305163613855,
            52.60055171636061,
            27.03396589381337,
            0.0,
            31.71515114438569,
            17.692549972443228,
            69.32667122833287
        ],
        [
            42.07373834301885,
            45.5790980027848,
