{
    "vertices": [
        [
            9.060734001444093,
            22.731337079682135
        ],
        [
            69.79262591003281,
            63.12262452444348
        ],
        [
            39.66614946576006,
            55.55298807904461
        ],
        [
            12.679637526116549,
            61.39686944035707
        ],
        [
            65.90165310145183,
            37.26787029561732
        ],
        [
            56.48030325958343,
            29.32184545190788
        ],
        [
            11.58341426576368,
            2.03675713897028
        ],
        [
            12.306242235232778,
            89.41650505389941
        ],
        [
            67.16888015569118,
            14.380209956010216
        ],
        [
            39.9302554356617,
            74.95468888493104
        ],
        [
            59.9635302938593,
            66.55320824666153
        ],
        [
            73.12270771341997,
            12.892060973154829
        ],
        [
            51.28897119446466,
            54.700752966283716
        ],
        [
            5.05712462708241,
            65.3410684826578
        ],
        [
            9.060734001444093,
            22.731337079682135
        ]
    ],
    "distances": [
        [
            0.0,
            72.9370879336558,
            44.87707911693165,
            38.8345188647328,
            58.670272558354554,
            47.875362653789374,
            20.84777097529856,
            66.7640992708294,
            58.70517842336458,
            60.66470001040486,
            67.16733628008824,
            64.81317636232905,
            52.96477667809521,
            42.797407611398704,
            0.0
        ],
        [
            72.9370879336558,
            0.0,
            31.062903580683376,
            57.139055581551254,
            26.145898065090837,
            36.327821298008345,
            84.37888073732037,
            63.21433746630283,
            48.81298003343415,
            32.121004302158916,
            10.41057276556044,
            50.340827958003416,
            20.330104731041303,
            64.77350245239646,
            72.9370879336558
        ],
        [
            44.87707911693165,
            31.062903580683376,
            0.0,
            27.612004201680413,
            31.97885525424894,
            31.157480824475115,
            60.436967084264616,
            43.53506983535617,
            49.51361281275584,
            19.403498296041157,
            23.086543964329884,
            54.215274520314864,
            11.654024610608577,
            35.966527748335714,
            44.87707911693165
        ],
        [
            38.8345188647328,
            57.139055581551254,
            27.612004201680413,
            0.0,
            58.4362177217869,
            54.289091745529234,
            59.37023360127355,
            28.02212347340837,
            71.96974247148364,
            30.43699467003421,
            47.564212861738774,
            77.49891081884482,
            39.18569410063059,
            8.582505984922344,
            38.8345188647328
        ],
        [
            58.670272558354554,
            26.145898065090837,
            31.97885525424894,
            58.4362177217869,
            0.0,
            12.324818199864911,
            64.74335799498917,
            74.77932985171462,
            22.922714940168415,
            45.769092104808585,
            29.881303876921447,
            25.422897353253738,
            22.74721676873922,
            67.00866437795342,
            58.670272558354554
        ],
        [
            47.875362653789374,
            36.327821298008345,
            31.157480824475115,
            54.289091745529234,
            12.324818199864911,
            0.0,
            52.53766920570589,
            74.58361602967697,
            18.371122648229136,
            48.54132757513851,
            37.393946650853486,
            23.386052339446966,
            25.904418063982302,
            62.78318029861991,
            47.875362653789374
        ],
        [
            20.84777097529856,
            84.37888073732037,
            60.436967084264616,
            59.37023360127355,
            64.74335799498917,
            52.53766920570589,
            0.0,
            87.38273757413423,
            56.939484065512794,
            78.23406019388243,
            80.64123070999791,
            62.48937717219795,
            65.95473984117898,
            63.63983258264028,
            20.84777097529856
        ],
        [
            66.7640992708294,
            63.21433746630283,
            43.53506983535617,
            28.02212347340837,
            74.77932985171462,
            74.58361602967697,
            87.38273757413423,
            0.0,
            92.95350784993985,
            31.18060666828832,
            52.857804021721904,
            97.74780312174049,
            52.19996743406771,
            25.14311739209507,
            66.7640992708294
        ],
        [
            58.70517842336458,
            48.81298003343415,
            49.51361281275584,
            71.96974247148364,
            22.922714940168415,
            18.371122648229136,
            56.939484065512794,
            92.95350784993985,
            0.0,
            66.41694192108574,
            52.66819550039383,
            6.136990303263013,
            43.334947758825756,
            80.34226332770724,
            58.70517842336458
        ],
        [
            60.66470001040486,
            32.121004302158916,
            19.403498296041157,
            30.43699467003421,
            45.769092104808585,
            48.54132757513851,
            78.23406019388243,
            31.18060666828832,
            66.41694192108574,
            0.0,
            21.723650210296373,
            70.38116702305273,
            23.22159219101806,
            36.17398166681802,
            60.66470001040486
        ],
        [
            67.16733628008824,
            10.41057276556044,
            23.086543964329884,
            47.564212861738774,
            29.881303876921447,
            37.393946650853486,
            80.64123070999791,
            52.857804021721904,
            52.66819550039383,
            21.723650210296373,
            0.0,
            55.25108756457606,
            14.687704781287179,
            54.91978392211816,
            67.16733628008824
        ],
        [
            64.81317636232905,
            50.340827958003416,
            54.215274520314864,
            77.49891081884482,
            25.422897353253738,
            23.386052339446966,
            62.48937717219795,
            97.74780312174049,
            6.136990303263013,
            70.38116702305273,
            55.25108756457606,
            0.0,
            47.166500575678526,
            85.9291684448012,
            64.81317636232905
        ],
        [
            52.96477667809521,
            20.330104731041303,
            11.654024610608577,
            39.18569410063059,
            22.74721676873922,
            25.904418063982302,
            65.95473984117898,
            52.19996743406771,
            43.334947758825756,
            23.22159219101806,
            14.687704781287179,
            47.166500575678526,
            0.0,
            47.44048852317991,
            52.96477667809521
        ],
        [
            42.797407611398704,
            64.77350245239646,
            35.966527748335714,
            8.582505984922344,
            67.00866437795342,
            62.78318029861991,
            63.63983258264028,
            25.14311739209507,
            80.34226332770724,
            36.17398166681802,
            54.91978392211816,
            85.9291684448012,
            47.44048852317991,
            0.0,
            42.797407611398704
        ],
        [
            0.0,
            72.9370879336558,
