{
    "vertices": [
        [
            71.29298971558372,
            10.910572693727127
        ],
        [
            12.081046526856465,
            82.04313324930261
        ],
        [
            15.870199472346947,
            8.471684232939802
        ],
        [
            30.212896462875204,
            88.28547277791557
        ],
        [
            25.317018581906648,
            24.646980095204274
        ],
        [
            96.81249712610422,
            60.41024616147504
        ],
        [
            76.67711254257516,
            10.04878498010081
        ],
        [
            39.27220287725541,
            0.849250327933615
        ],
        [
            99.96579323172773,
            92.19603302317336
        ],
        [
            42.99851526476882,
            34.12194431577388
        ],
        [
            30.42547122449828,
            97.25936380584947
        ],
        [
            44.61128048134674,
            66.48718380784494
        ],
        [
            55.59328018732202,
            55.81773423699988
        ],
        [
            58.74117515466093,
            99.41890818299247
        ],
        [
            71.29298971558372,
            10.910572693727127
        ]
    ],
    "distances": [
        [
            0.0,
            92.5521225438816,
            55.47642612200233,
            87.60393384254711,
            47.98415165431252,
            55.69077959491389,
            5.452655928947618,
            33.564281572738544,
            86.194290544359,
            36.59706350275353,
            95.53150158007644,
            61.649601057835326,
            47.57240835973502,
            89.39392317071747,
            0.0
        ],
        [
            92.5521225438816,
            0.0,
            73.66896083434048,
            19.176307905662828,
            58.902541143237464,
            87.44941694721274,
            96.72558052249782,
            85.62596339616167,
            88.4692606344014,
            57.02920499150189,
            23.833832881797285,
            36.05833723508419,
            50.80438988392087,
            49.790412311101655,
            92.5521225438816
        ],
        [
            55.47642612200233,
            73.66896083434048,
            0.0,
            81.09225486360712,
            18.73186022584336,
            96.17312392073852,
            60.82736163846815,
            24.612095847357963,
            118.66690975200916,
            37.334720570139496,
            89.97281800477661,
            64.74448183815905,
            61.80268272878923,
            100.54510480463277,
            55.47642612200233
        ],
        [
            87.60393384254711,
            19.176307905662828,
            81.09225486360712,
            0.0,
            63.82654127518471,
            72.19788824764537,
            90.99397064352003,
            87.90428902523675,
            69.86242973929541,
            55.65213260618652,
            8.976408424894206,
            26.12429643772401,
            41.21065303973509,
            30.62378273556706,
            87.60393384254711
        ],
        [
            47.98415165431252,
            58.902541143237464,
            18.73186022584336,
            63.82654127518471,
            0.0,
            79.94132005409148,
            53.394443084157444,
            27.587662293010418,
            100.67429715764267,
            20.06016629859135,
            72.79185776268919,
            46.07462630298217,
            43.45420498142634,
            81.90247537507864,
            47.98415165431252
        ],
        [
            55.69077959491389,
            87.44941694721274,
            96.17312392073852,
            72.19788824764537,
            79.94132005409148,
            0.0,
            54.23753759758717,
            82.81544352913436,
            31.941814643928012,
            59.89173112962114,
            75.92822057199447,
            52.55374573092553,
            41.47426926207182,
            54.50780925117315,
            55.69077959491389
        ],
        [
            5.452655928947618,
            96.72558052249782,
            60.82736163846815,
            90.99397064352003,
            53.394443084157444,
            54.23753759758717,
            0.0,
            38.519588586680875,
            85.38461810707709,
            41.39764383393538,
            98.71625693743741,
            64.91155866267898,
            50.3917126407212,
            91.15216273508388,
            5.452655928947618
        ],
        [
            33.564281572738544,
            85.62596339616167,
            24.612095847357963,
            87.90428902523675,
            27.587662293010418,
            82.81544352913436,
            38.519588586680875,
            0.0,
            109.6719956000065,
            33.480704431325776,
            96.81515708689682,
            65.85471935386084,
            57.340315553914145,
            100.47396842566611,
            33.564281572738544
        ],
        [
            86.194290544359,
            88.4692606344014,
            118.66690975200916,
            69.86242973929541,
            100.67429715764267,
            31.941814643928012,
            85.38461810707709,
            109.6719956000065,
            0.0,
            81.35029525551623,
            69.7244125359544,
            61.03332704194147,
            57.3785721018924,
            41.85258726977766,
            86.194290544359
        ],
        [
            36.59706350275353,
            57.02920499150189,
            37.334720570139496,
            55.65213260618652,
            20.06016629859135,
            59.89173112962114,
            41.39764383393538,
            33.480704431325776,
            81.35029525551623,
            0.0,
            64.37713240199784,
            32.40539675768405,
            25.086558228667965,
            67.16788541174768,
            36.59706350275353
        ],
        [
            95.53150158007644,
            23.833832881797285,
            89.97281800477661,
            8.976408424894206,
            72.79185776268919,
            75.92822057199447,
            98.71625693743741,
            96.81515708689682,
            69.7244125359544,
            64.37713240199784,
            0.0,
            33.88457239071016,
            48.48533045479777,
            28.397935153413503,
            95.53150158007644
        ],
        [
            61.649601057835326,
            36.05833723508419,
            64.74448183815905,
            26.12429643772401,
            46.07462630298217,
            52.55374573092553,
            64.91155866267898,
            65.85471935386084,
            61.03332704194147,
            32.40539675768405,
            33.88457239071016,
            0.0,
            15.311481694690656,
            35.835072119358685,
            61.649601057835326
        ],
        [
            47.57240835973502,
            50.80438988392087,
            61.80268272878923,
            41.21065303973509,
            43.45420498142634,
            41.47426926207182,
            50.3917126407212,
            57.340315553914145,
            57.3785721018924,
            25.086558228667965,
            48.48533045479777,
            15.311481694690656,
            0.0,
            43.71466129565801,
            47.57240835973502
        ],
        [
            89.39392317071747,
            49.790412311101655,
            100.54510480463277,
            30.62378273556706,
            81.90247537507864,
            54.50780925117315,
            91.15216273508388,
            100.47396842566611,
            41.85258726977766,
            67.16788541174768,
            28.397935153413503,
            35.835072119358685,
            43.71466129565801,
            0.0,
            89.39392317071747
        ],
        [
            0.0,
            92.5521225438816,
            55.47642612200233,
