{
    "vertices": [
        [
            83.47700442926586,
            60.64512636911819
        ],
        [
            71.35552563166259,
            7.4786888523890145
        ],
        [
            53.7755491117586,
            30.554325862615308
        ],
        [
            88.4184666803387,
            42.54422731625156
        ],
        [
            85.31338677429427,
            10.971994569930942
        ],
        [
            49.61903248373489,
            13.397679819708586
        ],
        [
            16.454478843800757,
            83.90073341010338
        ],
        [
            6.995938885147323,
            48.12687580762852
        ],
        [
            41.84380739267732,
            48.28553376676107
        ],
        [
            40.259891002959314,
            58.6867704061144
        ],
        [
            26.14427993449695,
            12.364954626680602
        ],
        [
            54.50165144725404,
            11.695517025711222
        ],
        [
            34.731116109229674,
            47.31153418377967
        ],
        [
            18.35556849959272,
            86.20725480268626
        ],
        [
            2.2992345148643345,
            41.805985507251854
        ],
        [
            17.28525257296596,
            10.339839197314715
        ],
        [
            83.47700442926586,
            60.64512636911819
        ]
    ],
    "distances": [
        [
            0.0,
            54.530728277375985,
            42.28040590036991,
            18.763277850654077,
            49.70706512012713,
            58.12644380747613,
            70.94252740563338,
            77.49877407987815,
            43.42905277327201,
            43.26146149842927,
            74.95342741644536,
            56.88264529102295,
            50.536583864309236,
            69.95872945956604,
            83.3351279874745,
            83.13825792764482,
            0.0
        ],
        [
            54.530728277375985,
            0.0,
            29.009319155542087,
            38.9966145324337,
            14.388365873621598,
            22.527973465030502,
            94.09810748779316,
            76.12116334456749,
            50.36010430174731,
            59.90998338653417,
            45.47452397449028,
            17.373391000814916,
            54.111024200816644,
            94.90617763134046,
            77.11766748572565,
            54.14591960562017,
            54.530728277375985
        ],
        [
            42.28040590036991,
            29.009319155542087,
            0.0,
            36.65909811399271,
            37.12280839706095,
            17.652963884872833,
            65.10531072169566,
            49.971256183166524,
            21.371995559397487,
            31.21069448293331,
            33.08081411188272,
            18.872781865652545,
            25.367192574400367,
            65.96835245915115,
            52.69165787140477,
            41.71531148907602,
            42.28040590036991
        ],
        [
            18.763277850654077,
            38.9966145324337,
            36.65909811399271,
            0.0,
            31.724555186964572,
            48.52749040435559,
            83.00106108736311,
            81.61368755752301,
            46.927193475855816,
            50.79202800324039,
            69.20161006022515,
            45.84750028240245,
            53.89859762660194,
            82.55464657284125,
            86.1223963306841,
            78.08365234388343,
            18.763277850654077
        ],
        [
            49.70706512012713,
            14.388365873621598,
            37.12280839706095,
            31.724555186964572,
            0.0,
            35.77668063349315,
            100.30029985098878,
            86.6839537841731,
            57.287909186913744,
            65.62406048329326,
            59.185501112511076,
            30.820229048590754,
            62.28264802479368,
            100.71590644182463,
            88.55554456088339,
            68.03107130810938,
            49.70706512012713
        ],
        [
            58.12644380747613,
            22.527973465030502,
            17.652963884872833,
            48.52749040435559,
            35.77668063349315,
            0.0,
            77.9138510388631,
            54.98040707271374,
            35.743761389191775,
            46.24602961769632,
            23.49745791723581,
            5.170814841027062,
            37.03781272971831,
            79.23785957160632,
            55.192346497060896,
            32.478049704223416,
            58.12644380747613
        ],
        [
            70.94252740563338,
            94.09810748779316,
            65.10531072169566,
            83.00106108736311,
            100.30029985098878,
            77.9138510388631,
            0.0,
            37.003146702835856,
            43.73854649845978,
            34.67623939290331,
            72.18905658981878,
            81.61605611786115,
            40.89993850552434,
            2.989010340196513,
            44.41102051311713,
            73.56558531252338,
            70.94252740563338
        ],
        [
            77.49877407987815,
            76.12116334456749,
            49.971256183166524,
            81.61368755752301,
            86.6839537841731,
            54.98040707271374,
            37.003146702835856,
            0.0,
            34.84822968051744,
            34.89988373085532,
            40.56567479402431,
            59.86682410759975,
            27.747159090884182,
            39.73860150262739,
            7.874813402946838,
            39.16286649308918,
            77.49877407987815
        ],
        [
            43.42905277327201,
            50.36010430174731,
            21.371995559397487,
            46.927193475855816,
            57.287909186913744,
            35.743761389191775,
            43.73854649845978,
            34.84822968051744,
            0.0,
            10.521146076233494,
            39.2015709910833,
            38.71757147885559,
            7.179070446880992,
            44.60666197582087,
            40.071907737665434,
            45.19953928073248,
            43.42905277327201
        ],
        [
            43.26146149842927,
            59.90998338653417,
            31.21069448293331,
            50.79202800324039,
            65.62406048329326,
            46.24602961769632,
            34.67623939290331,
            34.89988373085532,
            10.521146076233494,
            0.0,
            48.42479832626977,
            49.10199216746639,
            12.647661876388506,
            35.17351852961895,
            41.54482326125378,
            53.52812128495952,
            43.26146149842927
        ],
        [
            74.95342741644536,
            45.47452397449028,
            33.08081411188272,
            69.20161006022515,
            59.185501112511076,
            23.49745791723581,
            72.18905658981878,
            40.56567479402431,
            39.2015709910833,
            48.42479832626977,
            0.0,
            28.36527217944716,
            35.986069224525664,
            74.25193143009503,
            37.88615169656444,
            9.08754412889481,
            74.95342741644536
        ],
        [
            56.88264529102295,
            17.373391000814916,
            18.872781865652545,
            45.84750028240245,
            30.820229048590754,
            5.170814841027062,
            81.61605611786115,
            59.86682410759975,
            38.71757147885559,
            49.10199216746639,
            28.36527217944716,
            0.0,
            40.735423721325105,
            82.81629295618043,
            60.263858536944845,
            37.241082255279814,
            56.88264529102295
        ],
        [
            50.536583864309236,
            54.111024200816644,
            25.367192574400367,
