{
    "vertices": [
        [
            31.084801333065936,
            96.15827398865665
        ],
        [
            74.16593557478805,
            99.81042484792933
        ],
        [
            40.64406267438167,
            73.74353586364302
        ],
        [
            72.97321135020893,
            7.927007023457233
        ],
        [
            1.3676326640602254,
            87.53361569882165
        ],
        [
            71.58106763648419,
            2.662206716488602
        ],
        [
            76.2713465119432,
            37.875040403333585
        ],
        [
            15.319099915237743,
            60.49994140802249
        ],
        [
            3.891668747974364,
            51.212004187551194
        ],
        [
            4.24703668275126,
            85.68640480066755
        ],
        [
            62.93533197478437,
            64.43559233959517
        ],
        [
            30.187123012327078,
            39.35233897075297
        ],
        [
            67.37404401093102,
            65.43260253854677
        ],
        [
            57.79354056541717,
            71.18752276210031
        ],
        [
            93.49356349346336,
            51.71618661420786
        ],
        [
            70.3824333101813,
            36.51518661818655
        ],
        [
            37.24895622085711,
            40.69977209585659
        ],
        [
            40.23836009123358,
            24.08480242010259
        ],
        [
            31.084801333065936,
            96.15827398865665
        ]
    ],
    "distances": [
        [
            0.0,
            43.23566043733075,
            24.36801105146895,
            97.66982831995034,
            30.94341358542322,
            101.88946059273816,
            73.74794358057753,
            38.98812670066652,
            52.53221515245795,
            28.80843028899762,
            44.95314041495595,
            56.81302737599731,
            47.549721557471614,
            36.5635770706355,
            76.61561671481338,
            71.42549789879192,
            55.800020050842164,
            72.65241181049943,
            0.0
        ],
        [
            43.23566043733075,
            0.0,
            42.464086756577096,
            91.89115878136707,
            73.82623483265077,
            97.18260044047216,
            61.971159433353876,
            70.76909053690963,
            85.44167056377863,
            71.33120190050296,
            37.11475760682144,
            74.76172886133725,
            35.04232380637267,
            32.97462421556654,
            51.83254722898261,
            63.40821770043829,
            69.69169701904731,
            82.97861333062912,
            43.23566043733075
        ],
        [
            24.36801105146895,
            42.464086756577096,
            0.0,
            73.32795730602858,
            41.6269654937311,
            77.52195578899736,
            50.55543808759262,
            28.57877766555053,
            43.10926094231436,
            38.30633915531952,
            24.156541550270394,
            35.94582049169807,
            27.99220453959408,
            17.338909853574222,
            57.256212342266465,
            47.6478821734384,
            33.217722254423755,
            49.66039067307641,
            24.36801105146895
        ],
        [
            97.66982831995034,
            91.89115878136707,
            73.32795730602858,
            0.0,
            107.07273716390573,
            5.4457493875425715,
            30.129095553422378,
            78.02506004585885,
            81.5220860123192,
            103.77770004724677,
            57.39319852375205,
            53.08672944583002,
            57.77754053642576,
            65.05624686879631,
            48.358836848234645,
            28.7053330131038,
            48.479650731391395,
            36.50540835310699,
            97.66982831995034
        ],
        [
            30.94341358542322,
            73.82623483265077,
            41.6269654937311,
            107.07273716390573,
            0.0,
            110.1502724157923,
            89.8695746545136,
            30.421423111381465,
            36.409205167492395,
            3.4209875189940933,
            65.75789140110192,
            56.14266159597867,
            69.60819722994525,
            58.74587506189985,
            98.8436915408126,
            85.82495449506295,
            58.99896852331012,
            74.40890643730334,
            30.94341358542322
        ],
        [
            101.88946059273816,
            97.18260044047216,
            77.52195578899736,
            5.4457493875425715,
            110.1502724157923,
            0.0,
            35.52382823101955,
            80.68836698133653,
            83.30028545190581,
            106.89662853429593,
            62.37547528053808,
            55.31387218757331,
            62.91122029847951,
            69.89860400527593,
            53.72569607262407,
            33.87419331102892,
            51.240123479991006,
            37.96436385543171,
            101.88946059273816
        ],
        [
            73.74794358057753,
            61.971159433353876,
            50.55543808759262,
            30.129095553422378,
            89.8695746545136,
            35.52382823101955,
            0.0,
            65.01586353081504,
            73.59818174518645,
            86.44898942096482,
            29.72056868389568,
            46.107895924883294,
            28.958266913450696,
            38.09397319131488,
            22.09484297725061,
            6.043881287290829,
            39.12449428637504,
            38.581689621233416,
            73.74794358057753
        ],
        [
            38.98812670066652,
            70.76909053690963,
            28.57877766555053,
            78.02506004585885,
            30.421423111381465,
            80.68836698133653,
            65.01586353081504,
            0.0,
            14.725894230706619,
            27.512697476860183,
            47.77860299133687,
            25.8510966819667,
            52.28812819975809,
            43.798430379930814,
            78.66639119739246,
            60.060295927436655,
            29.545986231221825,
            44.12518413818231,
            38.98812670066652
        ],
        [
            52.53221515245795,
            85.44167056377863,
            43.10926094231436,
            81.5220860123192,
            36.409205167492395,
            83.30028545190581,
            73.59818174518645,
            14.725894230706619,
            0.0,
            34.4762321607612,
            60.50634223662701,
            28.84618820612524,
            65.05564838265151,
            57.48419893976249,
            89.60331323060011,
            68.09565491816655,
            34.974500012125894,
            45.35379859872843,
            52.53221515245795
        ],
        [
            28.80843028899762,
            71.33120190050296,
            38.30633915531952,
            103.77770004724677,
            3.4209875189940933,
            106.89662853429593,
            86.44898942096482,
            27.512697476860183,
            34.4762321607612,
            0.0,
            62.41724949515594,
            53.10116510131114,
            66.2965727642474,
            55.47472990853261,
            95.49302734446547,
            82.41176727031544,
            55.793582205457824,
            71.34516645538922,
            28.80843028899762
        ],
        [
            44.95314041495595,
            37.11475760682144,
            24.156541550270394,
            57.39319852375205,
            65.75789140110192,
            62.37547528053808,
            29.72056868389568,
            47.77860299133687,
            60.50634223662701,
            62.41724949515594,
            0.0,
            41.25063381106165,
            4.5493069666320185,
