{
    "vertices": [
        [
            12.470315296516421,
            42.9616643818884
        ],
        [
            39.15485426745201,
            55.90219181204711
        ],
        [
            22.402757221595905,
            79.29376476336265
        ],
        [
            53.50878488160096,
            73.19842188652324
        ],
        [
            58.04961657564638,
            23.92653745026768
        ],
        [
            30.279068387120354,
            36.67858617751416
        ],
        [
            63.25897743859448,
            82.17850584501866
        ],
        [
            80.77324591105348,
            20.22413275710714
        ],
        [
            16.356072277789234,
            84.47970567502472
        ],
        [
            92.61941758663494,
            85.38202512466155
        ],
        [
            75.50641202242446,
            53.74253756135246
        ],
        [
            41.622415764727215,
            17.49435116707081
        ],
        [
            30.544392510710296,
            66.35981339003253
        ],
        [
            38.66145507771549,
            80.0227679704413
        ],
        [
            32.84256637905415,
            17.523143395354367
        ],
        [
            92.41765800139962,
            19.853773049549506
        ],
        [
            86.92477780592172,
            16.842189144465603
        ],
        [
            12.470315296516421,
            42.9616643818884
        ]
    ],
    "distances": [
        [
            0.0,
            29.65673397834074,
            37.66530128280667,
            50.974674989449426,
            49.39442035692504,
            18.884616976904184,
            64.16735039353304,
            71.9880939803395,
            41.69948273223642,
            90.6827745685965,
            63.951362119580544,
            38.709546678956066,
            29.565954139042397,
            45.38172762511093,
            32.59059625340248,
            83.21990295235403,
            78.90306695080226,
            0.0
        ],
        [
            29.65673397834074,
            0.0,
            28.7714865895125,
            22.4765410787562,
            37.141008528944745,
            21.173724013161728,
            35.657445688228215,
            54.81801182939765,
            36.55760876754454,
            61.053420076605484,
            36.41565401988053,
            38.48702486231858,
            13.546287341284987,
            24.125622001791513,
            38.89468261545349,
            64.31496526375034,
            61.706153690395546,
            29.65673397834074
        ],
        [
            37.66530128280667,
            28.7714865895125,
            0.0,
            31.697604981626554,
            65.85004511879536,
            43.336932557345634,
            40.95793526934771,
            83.0441772504282,
            7.965951415173754,
            70.4801128478538,
            58.93100512238279,
            64.71910688011772,
            15.283105813564886,
            16.275033076848676,
            62.64662225079649,
            91.84333914957543,
            89.79582639280613,
            37.66530128280667
        ],
        [
            50.974674989449426,
            22.4765410787562,
            31.697604981626554,
            0.0,
            49.480680556893816,
            43.281845254413064,
            13.255495569765722,
            59.57873902654794,
            38.82771455723523,
            40.96439647367514,
            29.367108041159256,
            56.95813607817875,
            23.96100755670546,
            16.34059061902089,
            59.38711326764603,
            66.02690335759078,
            65.51834515611046,
            50.974674989449426
        ],
        [
            49.39442035692504,
            37.141008528944745,
            65.85004511879536,
            49.480680556893816,
            0.0,
            30.55843735260877,
            58.48443607032115,
            23.023273674369403,
            73.51896230342959,
            70.51133318294956,
            34.550449633758156,
            17.641597061037565,
            50.56797660419651,
            59.352235718987934,
            26.00766877357561,
            34.60852035707461,
            29.73151403800884,
            49.39442035692504
        ],
        [
            18.884616976904184,
            21.173724013161728,
            43.336932557345634,
            43.281845254413064,
            30.55843735260877,
            0.0,
            56.195347590284264,
            53.1075418484307,
            49.78751696837003,
            79.1096966470984,
            48.33933231992225,
            22.28691101667032,
            29.682413071239665,
            44.147281931382615,
            19.326213031404947,
            64.37607207684192,
            60.01848917468699,
            18.884616976904184
        ],
        [
            64.16735039353304,
            35.657445688228215,
            40.95793526934771,
            13.255495569765722,
            58.48443607032115,
            56.195347590284264,
            0.0,
            64.38240400017311,
            46.95932317635244,
            29.534691152299356,
            30.96132985055495,
            68.20689604041328,
            36.33834198184037,
            24.691806577847423,
            71.45259935957814,
            68.80843676607061,
            69.49031865678236,
            64.16735039353304
        ],
        [
            71.9880939803395,
            54.81801182939765,
            83.0441772504282,
            59.57873902654794,
            23.023273674369403,
            53.1075418484307,
            64.38240400017311,
            0.0,
            90.98544339567695,
            66.22599732090981,
            33.92967727273083,
            39.245881423097,
            68.20145703265037,
            73.13877016034805,
            48.00672227856763,
            11.650300392813117,
            7.019892253636671,
            71.9880939803395
        ],
        [
            41.69948273223642,
            36.55760876754454,
            7.965951415173754,
            38.82771455723523,
            73.51896230342959,
            49.78751696837003,
            46.95932317635244,
            90.98544339567695,
            0.0,
            76.26868307559421,
            66.65985445194073,
            71.59207939259896,
            23.013885535729003,
            22.746305096735675,
            68.95640448908584,
            99.80919792535451,
            97.74853370940114,
            41.69948273223642
        ],
        [
            90.6827745685965,
            61.053420076605484,
            70.4801128478538,
            40.96439647367514,
            70.51133318294956,
            79.1096966470984,
            29.534691152299356,
            66.22599732090981,
            76.26868307559421,
            0.0,
            35.97099015469952,
            84.90836513675083,
            64.92421179693852,
            54.22345761161878,
            90.43284674190764,
            65.5285626803279,
            68.77599899982728,
            90.6827745685965
        ],
        [
            63.951362119580544,
            36.41565401988053,
            58.93100512238279,
            29.367108041159256,
            34.550449633758156,
            48.33933231992225,
            30.96132985055495,
            33.92967727273083,
            66.65985445194073,
            35.97099015469952,
            0.0,
            49.619111431647234,
            46.69880991961957,
            45.25705870482808,
            55.964705295688496,
            37.873983163879636,
            38.62660728634325,
            63.951362119580544
        ],
        [
            38.709546678956066,
            38.48702486231858,
            64.71910688011772,
            56.95813607817875,
            17.641597061037565,
            22.28691101667032,
            68.20689604041328,
