{
    "vertices": [
        [
            65.7619588422197,
            37.039123171275556
        ],
        [
            74.81652180165389,
            44.20766942872256
        ],
        [
            8.195396677018163,
            46.28935021163042
        ],
        [
            80.39883690021445,
            49.41150975708977
        ],
        [
            14.03194265235399,
            30.680529717260207
        ],
        [
            76.7587909514928,
            60.18692437927534
        ],
        [
            18.471748693686873,
            6.193112773921139
        ],
        [
            0.3346828377903788,
            70.54578244955827
        ],
        [
            83.11181741769114,
            23.471087246238078
        ],
        [
            40.902844676705016,
            21.297975694469773
        ],
        [
            66.69923296259327,
            78.2112467351086
        ],
        [
            65.7619588422197,
            37.039123171275556
        ]
    ],
    "distances": [
        [
            0.0,
            11.548730052759705,
            58.30502362419661,
            19.16544153191999,
            52.11934655880881,
            25.627153903713463,
            56.460962915328444,
            73.50799045920587,
            22.025194470241747,
            29.42378767223285,
            41.182790599135686,
            0.0
        ],
        [
            11.548730052759705,
            0.0,
            66.65363986875958,
            7.631657488564203,
            62.271571131062096,
            16.09686299330343,
            67.96940469247461,
            79.00152234569416,
            22.334228662937516,
            40.92666078649151,
            34.95902812905573,
            11.548730052759705
        ],
        [
            58.30502362419661,
            66.65363986875958,
            0.0,
            72.2709115778401,
            16.66434955669379,
            69.95771295705894,
            41.392169155912214,
            25.49833969056442,
            78.31438706490226,
            41.162433782627645,
            66.64612770285325,
            58.30502362419661
        ],
        [
            19.16544153191999,
            7.631657488564203,
            72.2709115778401,
            0.0,
            68.95951178306868,
            11.373631556755104,
            75.51684640882328,
            82.80655920862306,
            26.081905285651757,
            48.47993604791174,
            31.892067948798037,
            19.16544153191999
        ],
        [
            52.11934655880881,
            62.271571131062096,
            16.66434955669379,
            68.95951178306868,
            0.0,
            69.32016173880272,
            24.886652371132307,
            42.15273777392944,
            69.45505855110657,
            28.461863881215738,
            70.94372790355612,
            52.11934655880881
        ],
        [
            25.627153903713463,
            16.09686299330343,
            69.95771295705894,
            11.373631556755104,
            69.32016173880272,
            0.0,
            79.45257067482295,
            77.12295534725793,
            37.26142296880159,
            52.89611718330476,
            20.64148500760115,
            25.627153903713463
        ],
        [
            56.460962915328444,
            67.96940469247461,
            41.392169155912214,
            75.51684640882328,
            24.886652371132307,
            79.45257067482295,
            0.0,
            66.85969826616625,
            66.90939311120697,
            27.04276152407401,
            86.6746898359559,
            56.460962915328444
        ],
        [
            73.50799045920587,
            79.00152234569416,
            25.49833969056442,
            82.80655920862306,
            42.15273777392944,
            77.12295534725793,
            66.85969826616625,
            0.0,
            95.22647183291262,
            63.80534636827004,
            66.80578459969259,
            73.50799045920587
        ],
        [
            22.025194470241747,
            22.334228662937516,
            78.31438706490226,
            26.081905285651757,
            69.45505855110657,
            37.26142296880159,
            66.90939311120697,
            95.22647183291262,
            0.0,
            42.264876595889156,
            57.14768577434,
            22.025194470241747
        ],
        [
            29.42378767223285,
            40.92666078649151,
            41.162433782627645,
            48.47993604791174,
            28.461863881215738,
            52.89611718330476,
            27.04276152407401,
            63.80534636827004,
            42.264876595889156,
            0.0,
            62.48659111474662,
            29.42378767223285
        ],
        [
            41.182790599135686,
            34.95902812905573,
            66.64612770285325,
            31.892067948798037,
            70.94372790355612,
            20.64148500760115,
            86.6746898359559,
            66.80578459969259,
            57.14768577434,
            62.48659111474662,
            0.0,
            41.182790599135686
        ],
        [
            0.0,
            11.548730052759705,
            58.30502362419661,
            19.16544153191999,
            52.11934655880881,
            25.627153903713463,
            56.460962915328444,
            73.50799045920587,
            22.025194470241747,
            29.42378767223285,
            41.182790599135686,
            0.0
        ]
    ],
    "scores_ave": [
        0,
        16.97927989419613,
        15.543814668772765,
        13.553057394001996,
        19.20377216981945,
        14.24398733519055,
        17.79122020367849,
        10.876735334598203,
        15.688257302574723,
        18.15923099197824,
        10.188656785152848,
        0
    ],
    "scores_var": [
        0,
        24.629397983711517,
        256.392150713882,
        287.00947969754276,
        22.504876002482916,
        19.89818887541827,
        19.215790131969072,
        22.881529484880662,
        18.50435427654447,
        240.34346198682871,
        335.3804821854362,
        0
    ],
    "vertex_number": 12,
    "minimum_distances": {
        "cost": 274.3278726004896,
        "path": [
            0,
            8,
            1,
            3,
            5,
            10,
            7,
            2,
            4,
            6,
            9,
            11
        ]
    }
}