{
    "vertices": [
        [
            20.227773689519502,
            4.4292474106043205
        ],
        [
            46.54783277359328,
            34.34375925197569
        ],
        [
            39.422542796392726,
            71.1455447606367
        ],
        [
            2.943656148269347,
            42.77714913691653
        ],
        [
            33.100455746920986,
            50.61390963712753
        ],
        [
            33.63960651547501,
            89.00176433499905
        ],
        [
            78.42536966840466,
            54.40315042714625
        ],
        [
            53.99631590754438,
            39.92922675986743
        ],
        [
            97.13319160549987,
            55.506029561470235
        ],
        [
            93.40310952229133,
            14.282246365879303
        ],
        [
            11.465854596704961,
            27.514980688620216
        ],
        [
            25.468176848709202,
            78.83049895325426
        ],
        [
            13.091320216553159,
            52.89167953508957
        ],
        [
            30.741937657376816,
            98.33432087883392
        ],
        [
            28.113195973069317,
            13.135516969929729
        ],
        [
            79.06033042217837,
            73.19363728254761
        ],
        [
            20.227773689519502,
            4.4292474106043205
        ]
    ],
    "distances": [
        [
            0.0,
            39.84499377458456,
            69.42264395112096,
            42.06307508956817,
            47.94506198065642,
            85.62936341395054,
            76.70952457438572,
            48.99554038204534,
            92.32161707703462,
            73.8357052018303,
            24.692555703545928,
            74.58557539084562,
            48.985061963747214,
            94.49185397173974,
            11.746446876802372,
            90.49757480818003,
            0.0
        ],
        [
            39.84499377458456,
            0.0,
            37.485212736286904,
            44.41223124460049,
            21.108049233714855,
            56.16155112518334,
            37.66372967190811,
            9.310067039418588,
            54.833568302681755,
            50.969414931663636,
            35.740417029897834,
            49.2282632555813,
            38.25393547477345,
            65.9137185853262,
            28.10027356915221,
            50.6594070863405,
            39.84499377458456
        ],
        [
            69.42264395112096,
            37.485212736286904,
            0.0,
            46.21120038854801,
            21.482942664030308,
            18.76930817896589,
            42.44441390838409,
            34.45073834071598,
            59.792252187328245,
            78.40495066244485,
            51.81893993837482,
            15.930563390680815,
            32.03961420213252,
            28.54089088281866,
            59.10215435877791,
            39.69066503405042,
            69.42264395112096
        ],
        [
            42.06307508956817,
            44.41223124460049,
            46.21120038854801,
            0.0,
            31.158423855691144,
            55.48834489473222,
            76.37180750732696,
            51.1320323316216,
            95.04574154853796,
            94.84130001564574,
            17.4803218545509,
            42.511152251659375,
            14.327554265062302,
            62.12361698114889,
            38.88614267981768,
            81.96896274586912,
            42.06307508956817
        ],
        [
            47.94506198065642,
            21.108049233714855,
            21.482942664030308,
            31.158423855691144,
            0.0,
            38.39164065074752,
            45.4830316464794,
            23.469116302919097,
            64.21934365040401,
            70.4017031641107,
            31.648325161011563,
            29.230593456429283,
            20.138364888458305,
            47.778659008560346,
            37.80876455226413,
            51.206973946003814,
            47.94506198065642
        ],
        [
            85.62936341395054,
            56.16155112518334,
            18.76930817896589,
            55.48834489473222,
            38.39164065074752,
            0.0,
            56.59353907943005,
            53.12729582178891,
            71.78718266935132,
            95.68010585896815,
            65.36283223156535,
            13.047103213540556,
            41.547205610956716,
            9.772056920375931,
            76.06726433059823,
            48.09302486967753,
            85.62936341395054
        ],
        [
            76.70952457438572,
            37.66372967190811,
            42.44441390838409,
            76.37180750732696,
            45.4830316464794,
            56.59353907943005,
            0.0,
            28.394949092703364,
            18.740302666045398,
            42.82545544210933,
            72.15642958548439,
            58.3194618232915,
            65.35153067858865,
            64.83561849481772,
            65.07174804097988,
            18.80121196683459,
            76.70952457438572
        ],
        [
            48.99554038204534,
            9.310067039418588,
            34.45073834071598,
            51.1320323316216,
            23.469116302919097,
            53.12729582178891,
            28.394949092703364,
            0.0,
            45.863131494708085,
            47.01768801552106,
            44.305232702585876,
            48.24068507415923,
            42.90971748252224,
            62.86430725656014,
            37.253708296622285,
            41.6500399881102,
            48.99554038204534
        ],
        [
            92.32161707703462,
            54.833568302681755,
            59.792252187328245,
            95.04574154853796,
            64.21934365040401,
            71.78718266935132,
            18.740302666045398,
            45.863131494708085,
            0.0,
            41.392195077146596,
            90.12431107742638,
            75.36514587327018,
            84.08252477546507,
            79.00671577764219,
            80.98777768509656,
            25.287937405931814,
            92.32161707703462
        ],
        [
            73.8357052018303,
            50.969414931663636,
            78.40495066244485,
            94.84130001564574,
            70.4017031641107,
            95.68010585896815,
            42.82545544210933,
            47.01768801552106,
            41.392195077146596,
            0.0,
            82.99890964583074,
            93.71036223090643,
            89.11044737367777,
            104.83879858819267,
            65.2999831513946,
            60.63222981262644,
            73.8357052018303
        ],
        [
            24.692555703545928,
            35.740417029897834,
            51.81893993837482,
            17.4803218545509,
            31.648325161011563,
            65.36283223156535,
            72.15642958548439,
            44.305232702585876,
            90.12431107742638,
            82.99890964583074,
            0.0,
            53.19161064695225,
            25.42870391556966,
            73.39581952086331,
            21.997794247113703,
            81.5815716344473,
            24.692555703545928
        ],
        [
            74.58557539084562,
            49.2282632555813,
            15.930563390680815,
            42.511152251659375,
            29.230593456429283,
            13.047103213540556,
            58.3194618232915,
            48.24068507415923,
            75.36514587327018,
            93.71036223090643,
            53.19161064695225,
            0.0,
            28.74037113367019,
            20.20424764181434,
            65.74820745813201,
            53.88778279106485,
            74.58557539084562
        ],
        [
            48.985061963747214,
            38.25393547477345,
            32.03961420213252,
