{
    "vertices": [
        [
            93.06843103141149,
            41.7477754440826
        ],
        [
            3.992539758712521,
            77.15894821413792
        ],
        [
            35.508977084025986,
            97.17169235475929
        ],
        [
            56.318286720646235,
            83.01497728029803
        ],
        [
            58.35451859583516,
            37.70680059189794
        ],
        [
            67.98106452788498,
            56.58031285866954
        ],
        [
            5.466205321237494,
            89.4781011542311
        ],
        [
            81.22155026409875,
            88.60103642273671
        ],
        [
            21.17641371168879,
            66.51131550632203
        ],
        [
            41.21308159781959,
            97.958527350853
        ],
        [
            65.35458417054058,
            21.899460382598434
        ],
        [
            48.953908668508596,
            29.11428383231015
        ],
        [
            69.031216660311,
            8.107440097947705
        ],
        [
            93.06843103141149,
            41.7477754440826
        ]
    ],
    "distances": [
        [
            0.0,
            95.85648419891267,
            79.90557743013179,
            55.25898166138256,
            34.948321767158575,
            29.14412675372836,
            99.7613850233302,
            48.32780409090399,
            76.03745833938326,
            76.47630936966306,
            34.088310586002116,
            45.887865428801376,
            41.345614482344466,
            0.0
        ],
        [
            95.85648419891267,
            0.0,
            37.33357402819058,
            52.652415628801194,
            67.16916476401046,
            67.2161553142422,
            12.40698268522925,
            78.07202729668553,
            20.215281504652044,
            42.6379083335615,
            82.57670064735706,
            65.80132574504292,
            94.85852764106558,
            95.85648419891267
        ],
        [
            79.90557743013179,
            37.33357402819058,
            0.0,
            25.168232938611624,
            63.702371379224275,
            51.98169439675087,
            31.01224727026157,
            46.50909040014244,
            33.844956512163655,
            5.758117540946724,
            80.97326205874013,
            69.37273989185486,
            95.16397204969336,
            79.90557743013179
        ],
        [
            55.25898166138256,
            52.652415628801194,
            25.168232938611624,
            0.0,
            45.35390958976763,
            28.89311110394884,
            51.26115637460685,
            25.522080476667142,
            38.82424616818063,
            21.24798603430104,
            61.77994073545208,
            54.40145970715096,
            75.97866617923759,
            55.25898166138256
        ],
        [
            34.948321767158575,
            67.16916476401046,
            63.702371379224275,
            45.35390958976763,
            0.0,
            21.18678484022158,
            74.00973748735649,
            55.795379540983525,
            47.03096386671091,
            62.64263276549541,
            17.28794153572694,
            12.735886748457986,
            31.466077340698252,
            34.948321767158575
        ],
        [
            29.14412675372836,
            67.2161553142422,
            51.98169439675087,
            28.89311110394884,
            21.18678484022158,
            0.0,
            70.64256575441287,
            34.65021212196669,
            47.84663155974238,
            49.281655255332225,
            34.780165720343014,
            33.4128030936319,
            48.48424706209603,
            29.14412675372836
        ],
        [
            99.7613850233302,
            12.40698268522925,
            31.01224727026157,
            51.26115637460685,
            74.00973748735649,
            70.64256575441287,
            0.0,
            75.76042192302737,
            27.825957138406004,
            36.739036351129556,
            90.29668105605558,
            74.39738425572835,
            103.25548482900605,
            99.7613850233302
        ],
        [
            48.32780409090399,
            78.07202729668553,
            46.50909040014244,
            25.522080476667142,
            55.795379540983525,
            34.65021212196669,
            75.76042192302737,
            0.0,
            63.97948259999175,
            41.08820027076411,
            68.56282417792075,
            67.6747695075209,
            81.4114444207307,
            48.32780409090399
        ],
        [
            76.03745833938326,
            20.215281504652044,
            33.844956512163655,
            38.82424616818063,
            47.03096386671091,
            47.84663155974238,
            27.825957138406004,
            63.97948259999175,
            0.0,
            37.28800333584401,
            62.78477811278358,
            46.584624116796284,
            75.50559467992007,
            76.03745833938326
        ],
        [
            76.47630936966306,
            42.6379083335615,
            5.758117540946724,
            21.24798603430104,
            62.64263276549541,
            49.281655255332225,
            36.739036351129556,
            41.08820027076411,
            37.28800333584401,
            0.0,
            79.79845746974141,
            69.27806485012944,
            94.05884604269933,
            76.47630936966306
        ],
        [
            34.088310586002116,
            82.57670064735706,
            80.97326205874013,
            61.77994073545208,
            17.28794153572694,
            34.780165720343014,
            90.29668105605558,
            68.56282417792075,
            62.78477811278358,
            79.79845746974141,
            0.0,
            17.91747287798874,
            14.273662809421156,
            34.088310586002116
        ],
        [
            45.887865428801376,
            65.80132574504292,
            69.37273989185486,
            54.40145970715096,
            12.735886748457986,
            33.4128030936319,
            74.39738425572835,
            67.6747695075209,
            46.584624116796284,
            69.27806485012944,
            17.91747287798874,
            0.0,
            29.058316879640767,
            45.887865428801376
        ],
        [
            41.345614482344466,
            94.85852764106558,
            95.16397204969336,
            75.97866617923759,
            31.466077340698252,
            48.48424706209603,
            103.25548482900605,
            81.4114444207307,
            75.50559467992007,
            94.05884604269933,
            14.273662809421156,
            29.058316879640767,
            0.0,
            41.345614482344466
        ],
        [
            0.0,
            95.85648419891267,
            79.90557743013179,
            55.25898166138256,
            34.948321767158575,
            29.14412675372836,
            99.7613850233302,
            48.32780409090399,
            76.03745833938326,
            76.47630936966306,
            34.088310586002116,
            45.887865428801376,
            41.345614482344466,
            0.0
        ]
    ],
    "scores_ave": [
        0,
        14.6864599726142,
        13.314928272530988,
        17.236366682837193,
        12.133259689612022,
        12.116023820762152,
        19.071021200064116,
        14.871698776625955,
        16.440512172772248,
        16.461377283560804,
        14.649425324382207,
        18.84153256546279,
        14.21752185248337,
        0
    ],