{
    "vertices": [
        [
            99.50590234237264,
            33.908548538994275
        ],
        [
            61.438763885745175,
            89.24853422306718
        ],
        [
            31.206457935333432,
            94.155655548909
        ],
        [
            77.19949093391344,
            93.98772418433548
        ],
        [
            96.16827624660095,
            87.7130835946259
        ],
        [
            13.19890120827878,
            43.30517704065445
        ],
        [
            69.63809999256158,
            92.96282463139161
        ],
        [
            41.781632360389274,
            88.42972323191893
        ],
        [
            72.7306356059639,
            77.11358335925482
        ],
        [
            1.3359705869002814,
            70.35471699849364
        ],
        [
            50.3129646615652,
            79.74189347722421
        ],
        [
            14.498475507717789,
            26.3005718788111
        ],
        [
            6.759189958536227,
            7.750335841169608
        ],
        [
            27.118786453875366,
            53.91609317828367
        ],
        [
            36.95556024960879,
            13.165801618447915
        ],
        [
            62.22535725761127,
            14.529044899503972
        ],
        [
            5.027513264066474,
            63.531256973336305
        ],
        [
            73.61617266507959,
            85.50720722797308
        ],
        [
            55.716879732829426,
            9.988235574607074
        ],
        [
            99.50590234237264,
            33.908548538994275
        ]
    ],
    "distances": [
        [
            0.0,
            67.16860163640031,
            91.07429938997254,
            64.08653006792612,
            53.907956189303526,
            86.81702063511906,
            66.17773902155068,
            79.40182513550499,
            50.82902657562667,
            104.71704109767572,
            67.2357094548319,
            85.34719635647728,
            96.36495602424519,
            75.10124092948061,
            65.89997606776213,
            42.01671337848717,
            99.01348826204357,
            57.72953907026312,
            49.89649159423252,
            0.0
        ],
        [
            67.16860163640031,
            0.0,
            30.62796373880955,
            16.457838210890547,
            34.76343822833431,
            66.61738827311959,
            9.001392438390521,
            19.674177778102088,
            16.57598864059142,
            63.00255623099166,
            14.634193747770508,
            78.52284149409174,
            98.14179611335958,
            49.25690044153363,
            79.92502399670904,
            74.72362955522664,
            61.99683496632204,
            12.73918412863362,
            79.46656466780526,
            67.16860163640031
        ],
        [
            91.07429938997254,
            30.62796373880955,
            0.0,
            45.99333957598292,
            65.28050682778319,
            53.94481683903051,
            38.45014898297135,
            12.025831157101218,
            44.885293312392086,
            38.19333306106647,
            23.933556700554952,
            69.8818220761129,
            89.79726156919257,
            40.44664927926381,
            81.19364887167855,
            85.45507146259693,
            40.28884376867615,
            43.28255493635221,
            87.66364903323205,
            91.07429938997254
        ],
        [
            64.08653006792612,
            16.457838210890547,
            45.99333957598292,
            0.0,
            19.97963790384752,
            81.63820227197841,
            7.630534192412908,
            35.85130514390267,
            17.45586710899223,
            79.45937797445768,
            30.427438070421672,
            92.26574620468465,
            111.34955388214058,
            64.13900975772917,
            90.28708171255421,
            80.85732120869129,
            78.33511827878705,
            9.206483458026115,
            86.70303726348249,
            64.08653006792612
        ],
        [
            53.907956189303526,
            34.76343822833431,
            65.28050682778319,
            19.97963790384752,
            0.0,
            94.10621317828073,
            27.044593415754964,
            54.3913651747715,
            25.722993683459038,
            96.40787876320387,
            46.54298521204325,
            102.18342795176707,
            119.95009687011296,
            76.87697055580458,
            95.20211649840692,
            80.67233273695648,
            94.29421729767228,
            22.65972785574942,
            87.62115885817416,
            53.907956189303526
        ],
        [
            86.81702063511906,
            66.61738827311959,
            53.94481683903051,
            81.63820227197841,
            94.10621317828073,
            0.0,
            75.17489689821751,
            53.41532728610197,
            68.46192911538574,
            29.536532207731817,
            52.01046058913114,
            17.05419274166772,
            36.13331722525134,
            17.502992502151674,
            38.37656576149974,
            56.84768397887538,
            21.814350560538216,
            73.6970694275974,
            54.016637126594404,
            86.81702063511906
        ],
        [
            66.17773902155068,
            9.001392438390521,
            38.45014898297135,
            7.630534192412908,
            27.044593415754964,
            75.17489689821751,
            0.0,
            28.222894912467154,
            16.148133806188444,
            71.94655941800414,
            23.414821719256345,
            86.51146820149634,
            105.90054566852226,
            57.728149640987404,
            86.23058207954969,
            78.78328856987899,
            70.99820485203183,
            8.450520283035349,
            84.13431406187517,
            66.17773902155068
        ],
        [
            79.40182513550499,
            19.674177778102088,
            12.025831157101218,
            35.85130514390267,
            54.3913651747715,
            53.41532728610197,
            28.222894912467154,
            0.0,
            32.952933458377984,
            44.30076079068882,
            12.176289117775031,
            67.85574475094099,
            87.953027358572,
            37.49919611881523,
            75.41849155649537,
            76.67630759018303,
            44.39368077301608,
            31.968407157759234,
            79.66968121703079,
            79.40182513550499
        ],
        [
            50.82902657562667,
            16.57598864059142,
            44.885293312392086,
            17.45586710899223,
            25.722993683459038,
            68.46192911538574,
            16.148133806188444,
            32.952933458377984,
            0.0,
            71.71387918434571,
            22.57122027378134,
            77.28484072196483,
            95.72612886284841,
            51.17190961620577,
            73.27465323236108,
            63.4601081577742,
            69.0520989173794,
            8.440207197254356,
            69.24796173260648,
            50.82902657562667
        ],
        [
            104.71704109767572,
            63.00255623099166,
            38.19333306106647,
            79.45937797445768,
            96.40787876320387,
            29.536532207731817,
            71.94655941800414,
            44.30076079068882,
            71.71387918434571,
            0.0,
            49.86847732618869,
            45.97846493758349,
            62.83884028564178,
            30.577474505470807,
            67.37452938674794,
            82.60764537522705,
            7.758034161581111,
            73.85137488643596,
            81.24897143372489,
            104.71704109767572
        ],
        [
