{
    "vertices": [
        [
            68.44011427122095,
            32.44269230264444
        ],
        [
            40.25055270176493,
            98.55445550707441
        ],
        [
            2.4506110336540488,
            81.91888942400121
        ],
        [
            60.56637288994783,
            59.165063973184154
        ],
        [
            97.23776282163601,
            25.60846211870804
        ],
        [
            18.858751782318883,
            15.182476656442434
        ],
        [
            49.83586505070574,
            94.31748227944723
        ],
        [
            96.96547259495985,
            27.95425320392033
        ],
        [
            85.08743740826009,
            47.103784929166224
        ],
        [
            30.12519019676496,
            75.65810867038671
        ],
        [
            7.852408529641297,
            90.85701974783808
        ],
        [
            16.712860966389677,
            89.89497295438757
        ],
        [
            68.9354803765664,
            25.18050344711551
        ],
        [
            77.5317482142063,
            58.4513453318449
        ],
        [
            25.866292212281216,
            56.46544079857514
        ],
        [
            90.95886942421248,
            1.3297716206230104
        ],
        [
            9.324989443423915,
            61.060329853370185
        ],
        [
            10.293689596327049,
            91.94931766359453
        ],
        [
            20.379814243147333,
            58.40457163949529
        ],
        [
            68.44011427122095,
            32.44269230264444
        ]
    ],
    "distances": [
        [
            0.0,
            71.87083285642912,
            82.47732184747639,
            27.858229502924917,
            29.597487464990166,
            52.499776670089766,
            64.61120432040016,
            28.87632513047073,
            22.182898923099525,
            57.75470213470635,
            84.16117714185411,
            77.30765347977415,
            7.279064126087481,
            27.551911733064582,
            48.883767960387466,
            38.40713692799998,
            65.67775241579703,
            83.19882910427032,
            54.62427681434012,
            0.0
        ],
        [
            71.87083285642912,
            0.0,
            41.29863979620734,
            44.31993586783136,
            92.5670571459519,
            86.07262052503943,
            10.479988309076811,
            90.55921103751842,
            68.2460089170053,
            25.035288381074384,
            33.30000394992888,
            25.080063203864547,
            78.78173593292888,
            54.75533749839805,
            44.479119921167396,
            109.65387609038021,
            48.60246826429099,
            30.676399610275574,
            44.79798456929591,
            71.87083285642912
        ],
        [
            82.47732184747639,
            41.29863979620734,
            0.0,
            62.41136393945978,
            110.25184065303691,
            68.7239104817965,
            48.980479816510886,
            108.83584436351134,
            89.67126950285171,
            28.37392654357381,
            10.443638727644036,
            16.3410428561802,
            87.4041320236417,
            78.66322384724774,
            34.58572208276588,
            119.70095117273141,
            21.962162595752567,
            12.732767649254106,
            29.569908160121763,
            82.47732184747639
        ],
        [
            27.858229502924917,
            44.31993586783136,
            62.41136393945978,
            0.0,
            49.70750816065669,
            60.613477424846245,
            36.75372513455657,
            47.94798398483716,
            27.32685597153281,
            34.62204683642574,
            61.50725241304709,
            53.54864904012708,
            34.999890203722046,
            16.980381450131016,
            34.80493591893911,
            65.3347142573648,
            51.27642158214916,
            60.017913788950416,
            40.19375379909589,
            27.858229502924917
        ],
        [
            29.597487464990166,
            92.5670571459519,
            110.25184065303691,
            49.70750816065669,
            0.0,
            79.06940333884386,
            83.47376452355907,
            2.3615413998075097,
            24.69168504530893,
            83.72015602157315,
            110.66668800767158,
            103.03890184887936,
            28.305517840609923,
            38.301200887961464,
            77.75628559924765,
            25.077466271495872,
            94.79182796488764,
            109.36352675108544,
            83.56272529898173,
            29.597487464990166
        ],
        [
            52.499776670089766,
            86.07262052503943,
            68.7239104817965,
            60.613477424846245,
            79.06940333884386,
            0.0,
            84.9819431490918,
            79.1440339651862,
            73.52012460260127,
            61.51613367265947,
            76.47075299673241,
            74.74330706133061,
            51.06504955846948,
            72.90209535222907,
            41.873485062007575,
            73.4188286530391,
            46.85797731756447,
            77.24317554624017,
            43.24885114929395,
            52.499776670089766
        ],
        [
            64.61120432040016,
            10.479988309076811,
            48.980479816510886,
            36.75372513455657,
            83.47376452355907,
            84.9819431490918,
            0.0,
            81.39581119815855,
            58.92203807713903,
            27.141903519839534,
            42.125828447506876,
            33.41694163594057,
            71.72668365160999,
            45.31491723208197,
            44.803096615370244,
            101.67505014639859,
            52.413445125845186,
            39.6130261822124,
            46.447777985718936,
            64.61120432040016
        ],
        [
            28.87632513047073,
            90.55921103751842,
            108.83584436351134,
            47.94798398483716,
            2.3615413998075097,
            79.1440339651862,
            81.39581119815855,
            0.0,
            22.534246940882593,
            82.11748399358054,
            109.07747808777111,
            101.37620251524535,
            28.166898151492862,
            36.16271936077558,
            76.60274974925035,
            27.293631147763588,
            93.6849326100729,
            107.73748764176725,
            82.41713995285487,
            28.87632513047073
        ],
        [
            22.182898923099525,
            68.2460089170053,
            89.67126950285171,
            27.32685597153281,
            24.69168504530893,
            73.52012460260127,
            58.92203807713903,
            22.534246940882593,
            0.0,
            61.93704887105884,
            88.76708423159408,
            80.66082367677028,
            27.230791154406564,
            13.632885471886798,
            59.95652290568933,
            46.14904124993976,
            77.0372226124867,
            87.20794985544447,
            65.68701756017383,
            22.182898923099525
        ],
        [
            57.75470213470635,
            25.035288381074384,
            28.37392654357381,
            34.62204683642574,
            83.72015602157315,
            61.51613367265947,
            27.141903519839534,
            82.11748399358054,
            61.93704887105884,
            0.0,
            26.96448963232262,
            19.559623718902124,
            63.67281408039704,
            50.43267242224646,
            19.659519629937755,
            96.0491448006241,
            25.411483580653567,
            25.664993795548533,
            19.815571971398914,
            57.75470213470635
        ],
        [
