{
    "vertices": [
        [
            7.1790135751679145,
            86.16187193558916
        ],
        [
            64.94673433262997,
            77.31192031457735
        ],
        [
            69.59077690732664,
            83.67774551535
        ],
        [
            17.293444326067497,
            9.555707931219281
        ],
        [
            41.89690880029164,
            96.31775861267052
        ],
        [
            98.70045505374961,
            55.42902101377558
        ],
        [
            3.1451081073671006,
            42.59340964175083
        ],
        [
            43.32682823252506,
            6.055320476340064
        ],
        [
            25.19350336561388,
            15.05029019688523
        ],
        [
            7.1790135751679145,
            86.16187193558916
        ]
    ],
    "distances": [
        [
            0.0,
            58.441690642950796,
            62.46118063486411,
            77.27099114725499,
            36.172839024057645,
            96.5436811816282,
            43.75480887825663,
            87.8847204649134,
            73.35788232896621,
            0.0
        ],
        [
            58.441690642950796,
            0.0,
            7.879775499491555,
            82.83562256051603,
            29.87501207505197,
            40.22654526961483,
            70.88593645728515,
            74.46424215879748,
            73.87035912481565,
            58.441690642950796
        ],
        [
            62.46118063486411,
            7.879775499491555,
            0.0,
            90.71431778246537,
            30.442080445171364,
            40.56308417458151,
            78.12137707726755,
            81.94532243471451,
            81.73643937330245,
            62.46118063486411
        ],
        [
            77.27099114725499,
            82.83562256051603,
            90.71431778246537,
            0.0,
            90.18305773583594,
            93.44229368325234,
            35.939743350105445,
            26.267656727528614,
            9.622960412601168,
            77.27099114725499
        ],
        [
            36.172839024057645,
            29.87501207505197,
            30.442080445171364,
            90.18305773583594,
            0.0,
            69.98951156709141,
            66.24203898804222,
            90.27376367415707,
            82.966289394102,
            36.172839024057645
        ],
        [
            96.5436811816282,
            40.22654526961483,
            40.56308417458151,
            93.44229368325234,
            69.98951156709141,
            0.0,
            96.41357398902493,
            74.18895370671162,
            83.86723942556361,
            96.5436811816282
        ],
        [
            43.75480887825663,
            70.88593645728515,
            78.12137707726755,
            35.939743350105445,
            66.24203898804222,
            96.41357398902493,
            0.0,
            54.31024389630406,
            35.281087883142334,
            43.75480887825663
        ],
        [
            87.8847204649134,
            74.46424215879748,
            81.94532243471451,
            26.267656727528614,
            90.27376367415707,
            74.18895370671162,
            54.31024389630406,
            0.0,
            20.24171314396249,
            87.8847204649134
        ],
        [
            73.35788232896621,
            73.87035912481565,
            81.73643937330245,
            9.622960412601168,
            82.966289394102,
            83.86723942556361,
            35.281087883142334,
            20.24171314396249,
            0.0,
            73.35788232896621
        ],
        [
            0.0,
            58.441690642950796,
            62.46118063486411,
            77.27099114725499,
            36.172839024057645,
            96.5436811816282,
            43.75480887825663,
            87.8847204649134,
            73.35788232896621,
            0.0
        ]
    ],
    "scores_ave": [
        0,
        15.70393466165085,
        14.498063505361287,
        13.9243477493305,
        19.788575897234224,
        11.844062458998167,
        12.068494876541184,
        14.3039852274501,
        19.413171422016948,
        0
    ],
    "scores_var": [
        0,
        23.997590186317712,
        24.472564343383898,
        391.10659651027777,
        399.47607377148364,
        373.0794472359233,
        315.04203255567353,
        16.771310546899333,
        249.35649214187598,
        0
    ],
    "vertex_number": 10,
    "minimum_distances": {
        "cost": 298.23889026482004,
        "path": [
            0,
            6,
            3,
            8,
            7,
            5,
            2,
            1,
            4,
            9
        ]
    }
}