{
    "vertices": [
        [
            64.584258680305,
            34.481629037677955
        ],
        [
            63.0088908565472,
            92.84487241127798
        ],
        [
            75.7571982734108,
            61.2873763182692
        ],
        [
            48.40904777892775,
            50.3154238845032
        ],
        [
            80.01919843597837,
            48.94709957336942
        ],
        [
            30.23286558791861,
            36.18007651278432
        ],
        [
            85.40676907287909,
            39.04067050386516
        ],
        [
            59.99912932055859,
            4.600259123669492
        ],
        [
            59.990778587456084,
            87.3628996424229
        ],
        [
            15.573063765021722,
            32.22788104441084
        ],
        [
            44.56022070231241,
            57.32771877811135
        ],
        [
            23.859866408772234,
            2.379071431104318
        ],
        [
            25.669054578296635,
            12.004233130456132
        ],
        [
            47.35325877987654,
            32.181081518995
        ],
        [
            22.80233963371179,
            93.06180763109795
        ],
        [
            11.769278475337053,
            52.81467663409186
        ],
        [
            43.74758925884675,
            99.66858078750833
        ],
        [
            18.893126344237167,
            89.75505379659059
        ],
        [
            26.048141136778714,
            10.297376752842148
        ],
        [
            64.584258680305,
            34.481629037677955
        ]
    ],
    "distances": [
        [
            0.0,
            58.38450103294708,
            29.041051400080477,
            22.635072497241598,
            21.15389333149395,
            34.393355916707904,
            21.31576407589628,
            30.231104498238544,
            53.080399773698595,
            49.062986120303,
            30.379366572922905,
            51.85605394521508,
            44.940254083293304,
            17.38389704451461,
            71.95391638578856,
            55.9063750231003,
            68.43614155556877,
            71.7135346969541,
            45.49626813162878,
            0.0
        ],
        [
            58.38450103294708,
            0.0,
            34.035200919858305,
            44.965646997265566,
            47.07828612083787,
            65.46118641323058,
            58.279988773911754,
            88.29592538041088,
            6.257877204556419,
            76.97127603351751,
            40.02276393081461,
            98.57335979967849,
            89.04758465347902,
            62.651371422680874,
            40.20713645764997,
            65.0224149884985,
            20.43430290568812,
            44.22383585327331,
            90.44438102683243,
            58.38450103294708
        ],
        [
            29.041051400080477,
            34.035200919858305,
            0.0,
            29.467016742074808,
            13.055538117076614,
            51.98885813308341,
            24.249332696109185,
            58.83660419294375,
            30.471509748323005,
            66.8325093954676,
            31.447262160750096,
            78.50809792210994,
            70.26841638526436,
            40.66890920217324,
            61.756226720907875,
            64.54642143467736,
            49.97731411125253,
            63.59191251547604,
            71.21074650005576,
            29.041051400080477
        ],
        [
            22.635072497241598,
            44.965646997265566,
            29.467016742074808,
            0.0,
            31.639752463979192,
            23.025673591882555,
            38.67753152334193,
            47.16149148671852,
            38.81561475173184,
            37.48814548832295,
            7.999109296703624,
            53.85681194130666,
            44.55170734952512,
            18.16505060383766,
            49.82927679031083,
            36.72490924327348,
            49.57280798812066,
            49.2612832327909,
            45.84162128558228,
            22.635072497241598
        ],
        [
            21.15389333149395,
            47.07828612083787,
            13.055538117076614,
            31.639752463979192,
            0.0,
            51.39723549265375,
            11.276668580601006,
            48.65640168834237,
            43.323334319673165,
            66.57955048095587,
            36.43588725654293,
            72.95513565747633,
            65.71691957456335,
            36.71733888799262,
            72.2487120869094,
            68.35941578856983,
            62.35622093147423,
            73.49616192189397,
            66.38279973078176,
            21.15389333149395
        ],
        [
            34.393355916707904,
            65.46118641323058,
            51.98885813308341,
            23.025673591882555,
            51.39723549265375,
            0.0,
            55.248010133845916,
            43.3971810482077,
            59.204854274019695,
            15.183202511553443,
            25.543998863846518,
            34.396555976858465,
            24.60284077456114,
            17.581234996654572,
            57.36500719926975,
            24.851840379732295,
            64.911000076591,
            54.76191995424418,
            26.218811292567757,
            34.393355916707904
        ],
        [
            21.31576407589628,
            58.279988773911754,
            24.249332696109185,
            38.67753152334193,
            11.276668580601006,
            55.248010133845916,
            0.0,
            42.79824872375981,
            54.59863003111334,
            70.1652370996031,
            44.75328645332825,
            71.63863534516065,
            65.57105671622591,
            38.66682824671559,
            82.68976866531291,
            74.91463986684188,
            73.56106829117807,
            83.64217442053314,
            65.95167659820328,
            21.31576407589628
        ],
        [
            30.231104498238544,
            88.29592538041088,
            58.83660419294375,
            47.16149148671852,
            48.65640168834237,
            43.3971810482077,
            42.79824872375981,
            0.0,
            82.76264094004702,
            52.3159707330399,
            54.94128594175194,
            36.20745777561329,
            35.11940863543213,
            30.34171725091016,
            95.96377820479783,
            68.19639703401961,
            96.44738637390105,
            94.55708612513764,
            34.42566989814127,
            30.231104498238544
        ],
        [
            53.080399773698595,
            6.257877204556419,
            30.471509748323005,
            38.81561475173184,
            43.323334319673165,
            59.204854274019695,
            54.59863003111334,
            82.76264094004702,
            0.0,
            70.80115582284121,
            33.767058003306666,
            92.34551354730057,
            82.80645722057389,
            56.610422700188714,
            37.62256695229274,
            59.320256119612885,
            20.378198841152745,
            41.16721294187716,
            84.2092480393491,
            53.080399773698595
        ],
        [
            49.062986120303,
            76.97127603351751,
            66.8325093954676,
            37.48814548832295,
            66.57955048095587,
            15.183202511553443,
            70.1652370996031,
            52.3159707330399,
            70.80115582284121,
            0.0,
            38.343932004493425,
            30.977774829511084,
            22.60364938343665,
            31.780229473334238,
            61.26197069585716,
            20.935255794504428,
            73.08934168974864,
            57.62289840323063,
            24.303791153373755,
            49.062986120303
        ],
        [
