{
    "vertices": [
        [
            81.21620643768395,
            63.304346648127044
        ],
        [
            48.92649186211838,
            49.53654959780205
        ],
        [
            59.70087417106682,
            62.94087810997438
        ],
        [
            99.6415427183403,
            62.530087998097
        ],
        [
            22.354606298181768,
            80.87151959867623
        ],
        [
            84.40977281500706,
            86.47479664910355
        ],
        [
            37.45513560148675,
            17.541096770379518
        ],
        [
            73.13225058946513,
            75.68624479310073
        ],
        [
            7.496031422702531,
            5.525938637117789
        ],
        [
            59.543028657398075,
            54.56957013194461
        ],
        [
            49.51394250510478,
            16.61912155875298
        ],
        [
            99.914335988298,
            62.65435035454485
        ],
        [
            99.15976813802885,
            69.20907848756951
        ],
        [
            18.633199617852746,
            5.027912090268938
        ],
        [
            43.470297906082735,
            45.97637839599844
        ],
        [
            81.21620643768395,
            63.304346648127044
        ]
    ],
    "distances": [
        [
            0.0,
            35.10239169900577,
            21.518402169333182,
            18.441596826533694,
            61.4271400641211,
            23.389498059046094,
            63.31908369602191,
            14.787215553594057,
            93.66434026098807,
            23.36713409649394,
            56.43176215657661,
            18.709423932158284,
            18.890136701194358,
            85.51476812450208,
            41.5332649164833,
            0.0
        ],
        [
            35.10239169900577,
            0.0,
            17.19777128007048,
            52.35311283495104,
            41.08461326796965,
            51.220087098760544,
            33.98971927054051,
            35.63320522172472,
            60.44350196137467,
            11.749133977558868,
            32.92266949935742,
            52.648237817890845,
            53.94803461045346,
            53.839598510515174,
            6.51497286809636,
            35.10239169900577
        ],
        [
            21.518402169333182,
            17.19777128007048,
            0.0,
            39.942780981288436,
            41.4276674244356,
            34.12293941035678,
            50.557027505472746,
            18.516107700595537,
            77.60039227383602,
            8.37279597680549,
            47.428669670965924,
            40.2144825837725,
            39.953656266600134,
            70.99623600169423,
            23.47819959960632,
            21.518402169333182
        ],
        [
            18.441596826533694,
            52.35311283495104,
            39.942780981288436,
            0.0,
            79.4334857246763,
            28.37879290543691,
            76.75388304047357,
            29.594374985607754,
            108.35251864310001,
            40.88105520400511,
            67.97494496159996,
            0.2997620745928154,
            6.696343831128934,
            99.34209523671782,
            58.55966227147475,
            18.441596826533694
        ],
        [
            61.4271400641211,
            41.08461326796965,
            41.4276674244356,
            79.4334857246763,
            0.0,
            62.30762718267131,
            65.10582493794865,
            51.041710733295744,
            76.79670447203435,
            45.54965755434351,
            69.75672151901502,
            79.67042691534435,
            77.6855547570791,
            75.93485146867499,
            40.78655797728953,
            61.4271400641211
        ],
        [
            23.389498059046094,
            51.220087098760544,
            34.12293941035678,
            28.37879290543691,
            62.30762718267131,
            0.0,
            83.40619242492313,
            15.606900995945807,
            111.66217456420473,
            40.45118594196223,
            78.08671023513617,
            28.42191304023227,
            22.70831093812772,
            104.69074737483122,
            57.58613102841588,
            23.389498059046094
        ],
        [
            63.31908369602191,
            33.98971927054051,
            50.557027505472746,
            76.75388304047357,
            65.10582493794865,
            83.40619242492313,
            0.0,
            68.21814108028444,
            32.27866087932602,
            43.115923498604445,
            12.094001084405425,
            77.0477602653643,
            80.48007213712951,
            22.60188189090835,
            29.064538851990985,
            63.31908369602191
        ],
        [
            14.787215553594057,
            35.63320522172472,
            18.516107700595537,
            29.594374985607754,
            51.041710733295744,
            15.606900995945807,
            68.21814108028444,
            0.0,
            96.0759169948877,
            25.1113699639045,
            63.61406702883714,
            29.78439811324111,
            26.821360015672237,
            89.23422290326998,
            41.982229554001584,
            14.787215553594057
        ],
        [
            93.66434026098807,
            60.44350196137467,
            77.60039227383602,
            108.35251864310001,
            76.79670447203435,
            111.66217456420473,
            32.27866087932602,
            96.0759169948877,
            0.0,
            71.51340931146252,
            43.45760645803586,
            108.64988929646925,
            111.6144387157363,
            11.148297890190758,
            54.13303913234583,
            93.66434026098807
        ],
        [
            23.36713409649394,
            11.749133977558868,
            8.37279597680549,
            40.88105520400511,
            45.54965755434351,
            40.45118594196223,
            43.115923498604445,
            25.1113699639045,
            71.51340931146252,
            0.0,
            39.253268856957426,
            41.17288096373294,
            42.23507135036687,
            64.2494357450955,
            18.225685666526,
            23.36713409649394
        ],
        [
            56.43176215657661,
            32.92266949935742,
            47.428669670965924,
            67.97494496159996,
            69.75672151901502,
            78.08671023513617,
            12.094001084405425,
            63.61406702883714,
            43.45760645803586,
            39.253268856957426,
            0.0,
            68.26010513866508,
            72.32158441675264,
            32.98448753900598,
            29.972890568767028,
            56.43176215657661
        ],
        [
            18.709423932158284,
            52.648237817890845,
            40.2144825837725,
            0.2997620745928154,
            79.67042691534435,
            28.42191304023227,
            77.0477602653643,
            29.78439811324111,
            108.64988929646925,
            41.17288096373294,
            68.26010513866508,
            0.0,
            6.598017394530327,
            99.63648687452466,
            58.856471043349416,
            18.709423932158284
        ],
        [
            18.890136701194358,
            53.94803461045346,
            39.953656266600134,
            6.696343831128934,
            77.6855547570791,
            22.70831093812772,
            80.48007213712951,
            26.821360015672237,
            111.6144387157363,
            42.23507135036687,
            72.32158441675264,
            6.598017394530327,
            0.0,
            102.9745131464704,
            60.34132454843612,
            18.890136701194358
        ],
        [
            85.51476812450208,
            53.839598510515174,
