{
    "vertices": [
        [
            18.546304338563736,
            74.31934631675412
        ],
        [
            52.13177968126583,
            62.62809251764313
        ],
        [
            33.74380425018414,
            45.37880967739402
        ],
        [
            14.974215161072236,
            33.69779117174243
        ],
        [
            92.9158657941554,
            74.25766773633183
        ],
        [
            24.87598217329179,
            87.42394081404817
        ],
        [
            85.90953376176293,
            84.55622888608566
        ],
        [
            84.27947974912001,
            59.086648946376116
        ],
        [
            20.012417166461315,
            80.48927287175587
        ],
        [
            18.546304338563736,
            74.31934631675412
        ]
    ],
    "distances": [
        [
            0.0,
            35.562192977802674,
            32.68820375208535,
            40.77830996364584,
            74.36958703222915,
            14.553185851556934,
            68.13661602296413,
            67.4750725730064,
            6.341725358153065,
            0.0
        ],
        [
            35.562192977802674,
            0.0,
            25.212207340036226,
            47.09189884722184,
            42.409771277745996,
            36.84715172891951,
            40.27132770738445,
            32.34217745021476,
            36.75153346459944,
            35.562192977802674
        ],
        [
            32.68820375208535,
            25.212207340036226,
            0.0,
            22.107547758706378,
            65.84315689691525,
            42.970121255191536,
            65.23904897627466,
            52.36181199651131,
            37.700074495492295,
            32.68820375208535
        ],
        [
            40.77830996364584,
            47.09189884722184,
            22.107547758706378,
            0.0,
            87.8635560988987,
            54.630981552153244,
            87.2834469514422,
            73.80930699254591,
            47.061940452235916,
            40.77830996364584
        ],
        [
            74.36958703222915,
            42.409771277745996,
            65.84315689691525,
            87.8635560988987,
            0.0,
            69.30206714014858,
            12.455884163853957,
            17.457003610129405,
            73.16929495611306,
            74.36958703222915
        ],
        [
            14.553185851556934,
            36.84715172891951,
            42.970121255191536,
            54.630981552153244,
            69.30206714014858,
            0.0,
            61.10088535532318,
            65.81624141984304,
            8.470176151977144,
            14.553185851556934
        ],
        [
            68.13661602296413,
            40.27132770738445,
            65.23904897627466,
            87.2834469514422,
            12.455884163853957,
            61.10088535532318,
            0.0,
            25.5216883922163,
            66.02249697487416,
            68.13661602296413
        ],
        [
            67.4750725730064,
            32.34217745021476,
            52.36181199651131,
            73.80930699254591,
            17.457003610129405,
            65.81624141984304,
            25.5216883922163,
            0.0,
            67.73719542389253,
            67.4750725730064
        ],
        [
            6.341725358153065,
            36.75153346459944,
            37.700074495492295,
            47.061940452235916,
            73.16929495611306,
            8.470176151977144,
            66.02249697487416,
            67.73719542389253,
            0.0,
            6.341725358153065
        ],
        [
            0.0,
            35.562192977802674,
            32.68820375208535,
            40.77830996364584,
            74.36958703222915,
            14.553185851556934,
            68.13661602296413,
            67.4750725730064,
            6.341725358153065,
            0.0
        ]
    ],
    "scores_ave": [
        0,
        15.780261932473838,
        17.276446102724066,
        18.374521601054006,
        17.80609663571846,
        12.181179797388715,
        18.03320219421501,
        13.754111307152442,
        12.902883629164762,
        0
    ],
    "scores_var": [
        0,
        359.47768928867583,
        384.94421242428484,
        309.59562674087374,
        21.86667563428761,
        22.312390653936397,
        348.19382189084087,
        316.6180546032234,
        23.285544234427014,
        0
    ],
    "vertex_number": 10,
    "minimum_distances": {
        "cost": 226.26591715203995,
        "path": [
            0,
            8,
            5,
            6,
            4,
            7,
            1,
            2,
            3,
            9
        ]
    }
}