{
    "vertices": [
        [
            96.44114181532375,
            46.46369232713104
        ],
        [
            53.09865834168771,
            83.73707746550178
        ],
        [
            72.88909742403743,
            19.471379554077373
        ],
        [
            64.0353293610465,
            14.298045232284274
        ],
        [
            82.15718840717675,
            32.37659019493433
        ],
        [
            13.254874279595874,
            21.966097524593607
        ],
        [
            85.6554389356947,
            41.37963145680976
        ],
        [
            36.354398580284034,
            69.15772518315686
        ],
        [
            54.26184934528507,
            96.05289370298087
        ],
        [
            26.459087552492665,
            65.00989234639589
        ],
        [
            83.49824753005102,
            75.518647239109
        ],
        [
            30.057547609496773,
            92.04170568603904
        ],
        [
            10.009834914922855,
            88.96238607556975
        ],
        [
            70.16720675267163,
            6.8010857254998
        ],
        [
            87.4063424726605,
            97.0450005374882
        ],
        [
            88.87994592312157,
            33.0878595374567
        ],
        [
            13.5174298449383,
            66.1909719345914
        ],
        [
            85.91982714436558,
            60.43697966252854
        ],
        [
            77.18240600036312,
            37.06619687921835
        ],
        [
            67.49591879556861,
            22.137211236877008
        ],
        [
            96.44114181532375,
            46.46369232713104
        ]
    ],
    "distances": [
        [
            0.0,
            57.165340140121,
            35.82294996015093,
            45.65923273393909,
            20.061848654823798,
            86.71843666507718,
            11.923886176107612,
            64.22955581244486,
            65.10131800791476,
            72.39785531354097,
            31.807372060841768,
            80.52413850162385,
            96.31463950425642,
            47.575645304212344,
            51.38186780794693,
            15.365044293381725,
            85.23794675881375,
            17.491449950272838,
            21.42922830817729,
            37.81009941666181,
            0.0
        ],
        [
            57.165340140121,
            0.0,
            67.24389494307015,
            70.29502095078644,
            59.01099746858252,
            73.50633368116439,
            53.423751225700826,
            22.201976216771303,
            12.370624192263026,
            32.563387328682424,
            31.49091326410433,
            24.492032044206297,
            43.404499241131326,
            78.80661247557691,
            36.798342448003154,
            62.01325517748505,
            43.29595210425256,
            40.250759982912044,
            52.518549065886056,
            63.2599765093329,
            57.165340140121
        ],
        [
            35.82294996015093,
            67.24389494307015,
            0.0,
            10.25439402979429,
            15.888422582391115,
            59.68638192915923,
            25.35647800909742,
            61.672661379059214,
            78.81435580099662,
            65.0346212721186,
            57.04253045692765,
            84.26739520368929,
            93.71660280366675,
            12.959360884293606,
            78.92032106041921,
            21.002756077677788,
            75.54942238908538,
            42.98814149611236,
            18.1110489822272,
            6.016064683793811,
            35.82294996015093
        ],
        [
            45.65923273393909,
            70.29502095078644,
            10.25439402979429,
            0.0,
            25.59756947943247,
            51.35614514580329,
            34.653159314212665,
            61.44768842846356,
            82.3369671537946,
            63.116284635424634,
            64.23991978303988,
            84.84436571455205,
            92.16028343983348,
            9.685263145226857,
            85.98408495846571,
            31.149832964871536,
            72.42191666374637,
            51.06596237795267,
            26.29133609343298,
            8.569025783710103,
            45.65923273393909
        ],
        [
            20.061848654823798,
            59.01099746858252,
            15.888422582391115,
            25.59756947943247,
            0.0,
            69.68434006127235,
            9.658804725394738,
            58.74306296873149,
            69.5184980406421,
            64.55393751063637,
            43.162895240864756,
            79.21047012746574,
            91.6907460509575,
            28.246523484164115,
            64.88109828475557,
            6.760279039788578,
            76.51685348939566,
            28.31153311531656,
            6.8367295433140995,
            17.88288869481022,
            20.061848654823798
        ],
        [
            86.71843666507718,
            73.50633368116439,
            59.68638192915923,
            51.35614514580329,
            69.68434006127235,
            0.0,
            74.9581687493715,
            52.54177142029525,
            84.67836424976544,
            45.02354407215803,
            88.32897070909634,
            72.06192260984854,
            67.07483104774796,
            58.898142333969815,
            105.52384523323015,
            76.43850503090154,
            44.225653777021435,
            82.22046063669362,
            65.68669813919132,
            54.24131442070949,
            86.71843666507718
        ],
        [
            11.923886176107612,
            53.423751225700826,
            25.35647800909742,
            34.653159314212665,
            9.658804725394738,
            74.9581687493715,
            0.0,
            56.58811775625299,
            63.045404844521975,
            63.738506781955834,
            34.207102673928105,
            75.21815794824845,
            89.36652586274427,
            37.888799942034666,
            55.692898812002156,
            8.896680666098824,
            76.28561444913753,
            19.05918208525479,
            9.507786544636717,
            26.45824838571371,
            11.923886176107612
        ],
        [
            64.22955581244486,
            22.201976216771303,
            61.672661379059214,
            61.44768842846356,
            58.74306296873149,
            52.54177142029525,
            56.58811775625299,
            0.0,
            32.311404838085714,
            10.729477973249306,
            47.571039753197994,
            23.734508543565767,
            32.95846822565844,
            70.93417005192148,
            58.17216775983727,
            63.7178807821127,
            23.0288680976081,
            50.32676336877457,
            51.930649704933586,
            56.39789901309512,
            64.22955581244486
        ],
        [
            65.10131800791476,
            12.370624192263026,
            78.81435580099662,
            82.3369671537946,
            69.5184980406421,
            84.67836424976544,
            63.045404844521975,
            32.311404838085714,
            0.0,
            41.673270768343755,
            35.72705216859096,
            24.53442177481145,
            44.81647107436462,
            90.65795950442443,
            33.15933806097029,
            71.85407530640165,
            50.515760828890336,
            47.65208170965843,
            63.283349465377675,
            75.0910694333542,
            65.10131800791476
        ],
        [
            72.39785531354097,
            32.563387328682424,
            65.0346212721186,
            63.116284635424634,
            64.55393751063637,
            45.02354407215803,
            63.738506781955834,
            10.729477973249306,
            41.673270768343755,
