{
    "vertices": [
        [
            38.13626953052014,
            40.266195603502275
        ],
        [
            8.75314777448708,
            46.53797010370432
        ],
        [
            16.45589715358372,
            62.68791773432649
        ],
        [
            39.24491053913782,
            13.500133422402838
        ],
        [
            50.43977842930006,
            64.62363879370382
        ],
        [
            22.605119155799347,
            54.662168508652506
        ],
        [
            70.77907644508777,
            47.773299064529425
        ],
        [
            70.59036565177288,
            71.42291788655511
        ],
        [
            13.258876046080925,
            14.83185851781007
        ],
        [
            72.7054296110995,
            15.731451558194287
        ],
        [
            28.858730930764096,
            4.026217704833557
        ],
        [
            80.04752752598854,
            76.63464230965626
        ],
        [
            2.126565987624418,
            8.431119712859624
        ],
        [
            13.71056678685485,
            20.364366559226312
        ],
        [
            25.884083848787974,
            42.83884891125878
        ],
        [
            73.418898944378,
            2.140671587820553
        ],
        [
            45.781342303570774,
            97.90449824227349
        ],
        [
            52.86109065185711,
            74.39523215603452
        ],
        [
            75.62337429768344,
            34.747737915537854
        ],
        [
            49.74123123477226,
            15.782261266864793
        ],
        [
            33.98870847955815,
            12.70969590850447
        ],
        [
            38.13626953052014,
            40.266195603502275
        ]
    ],
    "distances": [
        [
            0.0,
            30.04501621752346,
            31.189295755347217,
            26.789012105123817,
            27.288484200963826,
            21.17688994748779,
            33.494916713380704,
            44.988995304082906,
            35.577945550133116,
            42.39080671614422,
            37.40867172950625,
            55.490697081412456,
            48.06423624910952,
            31.50710640204023,
            12.519368954606025,
            51.94631382327288,
            58.14310852357157,
            37.17003488106318,
            37.891112402226085,
            27.094984346884832,
            27.86687887281012,
            0.0
        ],
        [
            30.04501621752346,
            0.0,
            17.892824161350617,
            44.95827230973284,
            45.440803110367916,
            16.05863353064814,
            62.038229061538324,
            66.6565986302791,
            32.024663919463976,
            70.98546285687205,
            47.02641349366188,
            77.38668013310703,
            38.678723258248844,
            26.63894753491018,
            17.5257658428436,
            78.43965508513372,
            63.32146084144049,
            52.168358934564296,
            67.90166986396189,
            51.24389340988595,
            42.20409528854932,
            30.04501621752346
        ],
        [
            31.189295755347217,
            17.892824161350617,
            0.0,
            54.210490281893655,
            34.03896594465967,
            10.11066673696346,
            56.333415113965465,
            54.834668844088675,
            47.96272873488898,
            73.272911894092,
            59.95853013587456,
            65.10304585655471,
            56.11710847153463,
            42.41249607007123,
            21.97444510112838,
            83.13093641324878,
            45.82782207259703,
            38.241330058138146,
            65.43274409577981,
            57.51568545657665,
            52.96434772432574,
            31.189295755347217
        ],
        [
            26.789012105123817,
            44.95827230973284,
            54.210490281893655,
            0.0,
            52.334862840439605,
            44.398150746654686,
            46.57309848524814,
            65.86035618108104,
            26.020136056602013,
            33.534834384386386,
            14.058015716345048,
            75.17193469247896,
            37.46286697828133,
            26.440885148126526,
            32.23774055956156,
            36.01248195685521,
            84.65708322908903,
            62.39882539472008,
            42.129008083843,
            10.7415481027677,
            5.3153035242126485,
            26.789012105123817
        ],
        [
            27.288484200963826,
            45.440803110367916,
            34.03896594465967,
            52.334862840439605,
            0.0,
            29.563476573499262,
            26.412515835558313,
            21.266790110239242,
            62.14210235479125,
            53.723413845563535,
            64.32564849075308,
            31.95125994436963,
            74.10644841770196,
            57.514503967270066,
            32.826196955384134,
            66.57447837195541,
            33.6053066162615,
            10.067114269633063,
            39.07407009954369,
            48.84637270977446,
            54.45819652154339,
            27.288484200963826
        ],
        [
            21.17688994748779,
            16.05863353064814,
            10.11066673696346,
            44.398150746654686,
            29.563476573499262,
            0.0,
            48.66401836191045,
            50.82820674574506,
            40.91217244577171,
            63.44794582958658,
            51.020654386618276,
            61.50138115768929,
            50.563633301224996,
            35.43236204948746,
            12.269576022013986,
            73.07905209570747,
            49.06155725398958,
            36.12225923280394,
            56.6349708584537,
            47.413244625237326,
            43.46948427527254,
            21.17688994748779
        ],
        [
            33.494916713380704,
            62.038229061538324,
            56.333415113965465,
            46.57309848524814,
            26.412515835558313,
            48.66401836191045,
            0.0,
            23.65037171358254,
            66.28508097026776,
            32.09970137149937,
            60.589788706779025,
            30.313055262577524,
            79.1263184297808,
            63.30927558969606,
            45.16535351945035,
            45.708919843459924,
            56.01806711417854,
            32.09020935448988,
            13.897210688867808,
            38.288607058298716,
            50.82309948559091,
            33.494916713380704
        ],
        [
            44.988995304082906,
            66.6565986302791,
            54.834668844088675,
            65.86035618108104,
            21.266790110239242,
            50.82820674574506,
            23.65037171358254,
            0.0,
            80.55710832002593,
            55.73161506142622,
            79.27070412121097,
            10.798147164095662,
            93.03364177332972,
            76.43485580910715,
            53.0631758551295,
            69.33996144205659,
            36.28721176431178,
            17.976702816122575,
            37.01891411071259,
            59.418591997862485,
            69.18759818635264,
            44.988995304082906
        ],
        [
            35.577945550133116,
            32.024663919463976,
            47.96272873488898,
            26.020136056602013,
            62.14210235479125,
            40.91217244577171,
            66.28508097026776,
            80.55710832002593,
            0.0,
            59.45335985793343,
            18.976758042464397,
            90.99619800258827,
            12.841253228825074,
            5.55091611841111,
            30.721122749018523,
            61.484100227746396,
            89.21196266342346,
            71.52713387833099,
            65.46734219715178,
