{
    "vertices": [
        [
            40.59940183297195,
            3.9323462805575193
        ],
        [
            11.284354970379184,
            44.966854094277195
        ],
        [
            35.582888706299045,
            52.32231310830873
        ],
        [
            35.01565264568532,
            62.595227820835085
        ],
        [
            52.30070931674074,
            93.81296139528418
        ],
        [
            63.66717411972076,
            0.43427731019989313
        ],
        [
            88.04586815894815,
            73.59411135773115
        ],
        [
            3.5984437362665544,
            43.05898527763882
        ],
        [
            3.302625124411862,
            98.61548464785834
        ],
        [
            55.32642788465143,
            14.564025868130749
        ],
        [
            86.43030788279079,
            90.0642187631414
        ],
        [
            70.13401811132758,
            38.690140528407404
        ],
        [
            10.397249148890797,
            81.67406178317434
        ],
        [
            31.848758301154877,
            46.11719662296731
        ],
        [
            51.91846386294047,
            13.792333840513782
        ],
        [
            44.76968049606589,
            47.25349690680866
        ],
        [
            67.39709653221807,
            55.72626469853442
        ],
        [
            29.0167312930942,
            36.05044846612262
        ],
        [
            55.199239619437144,
            50.46113184705568
        ],
        [
            40.59940183297195,
            3.9323462805575193
        ]
    ],
    "distances": [
        [
            0.0,
            50.43017751376879,
            48.64929900359248,
            58.92802326224054,
            90.63909515342334,
            23.331493839758213,
            84.2848069374862,
            53.8513210541958,
            101.76416974519873,
            18.163642453529725,
            97.56624112213922,
            45.611378182264744,
            83.40230426098766,
            43.08288941833456,
            15.011346372686473,
            43.52141215206827,
            58.31574766975084,
            34.14279931168142,
            48.76559391296557,
            0.0
        ],
        [
            50.43017751376879,
            0.0,
            25.387428365683935,
            29.562375574320594,
            63.78309746576894,
            68.75398269963979,
            81.92587970493099,
            7.919166302090129,
            54.239133212180356,
            53.51669039406903,
            87.63952612372401,
            59.18344350399928,
            36.71792550041938,
            20.596552436855337,
            51.21505167960717,
            33.56330974313033,
            57.13496899567483,
            19.847908186410244,
            44.257250047475196,
            50.43017751376879
        ],
        [
            48.64929900359248,
            25.387428365683935,
            0.0,
            10.288563234937183,
            44.732084919399945,
            59.000808012842974,
            56.611426530455965,
            33.29885827681635,
            56.43645229907952,
            42.608632864701526,
            63.32386184818603,
            37.14319146776756,
            38.676111363322995,
            7.242043943478796,
            41.849854457034716,
            10.492380143376291,
            31.99579200487726,
            17.54673764859472,
            19.70444667669238,
            48.64929900359248
        ],
        [
            58.92802326224054,
            29.562375574320594,
            10.288563234937183,
            0.0,
            35.68361071482094,
            68.44628149989414,
            54.15883304172372,
            36.996023953455506,
            47.99140565194734,
            52.149055138413274,
            58.29247152539445,
            42.48238212997244,
            31.14590978111724,
            16.77959272292753,
            51.64714404398996,
            18.179927578084406,
            33.101972185236875,
            27.21419424463901,
            23.5502328699292,
            58.92802326224054
        ],
        [
            90.63909515342334,
            63.78309746576894,
            44.732084919399945,
            35.68361071482094,
            0.0,
            94.0679284537475,
            41.067240928697615,
            70.34114560071905,
            49.23288011187305,
            79.30667534980344,
            34.33485939394204,
            57.9357599664048,
            43.62628631721324,
            51.89574431068608,
            80.02154051157869,
            47.16460673589305,
            40.969468781396664,
            62.27882089841788,
            43.44862026686586,
            90.63909515342334
        ],
        [
            23.331493839758213,
            68.75398269963979,
            59.000808012842974,
            68.44628149989414,
            94.0679284537475,
            0.0,
            77.11473296926195,
            73.65540101845598,
            115.25375590273545,
            16.4078591555441,
            92.4753300268409,
            38.79859716255194,
            97.14724642321671,
            55.67172264390587,
            17.78959996640835,
            50.489153180574846,
            55.41765233709376,
            49.69069164229149,
            50.738467552270656,
            23.331493839758213
        ],
        [
            84.2848069374862,
            81.92587970493099,
            56.611426530455965,
            54.15883304172372,
            41.067240928697615,
            77.11473296926195,
            0.0,
            89.79844885270377,
            88.35998167346105,
            67.4915755096353,
            16.549153239717345,
            39.2316396774686,
            78.06787836906202,
            62.55474402241902,
            69.86731664652622,
            50.66217907162255,
            27.306257779663273,
            69.95688402470812,
            40.17506375170984,
            84.2848069374862
        ],
        [
            53.8513210541958,
            7.919166302090129,
            33.29885827681635,
            36.996023953455506,
            70.34114560071905,
            73.65540101845598,
            89.79844885270377,
            0.0,
            55.55728692911778,
            59.057150759286294,
            95.23974849302606,
            66.67885318346562,
            39.20902815127008,
            28.415364323686532,
            56.49213424348867,
            41.3843528901769,
            65.04404712581635,
            26.366814949097602,
            52.12901216800262,
            53.8513210541958
        ],
        [
            101.76416974519873,
            54.239133212180356,
            56.43645229907952,
            47.99140565194734,
            49.23288011187305,
            115.25375590273545,
            88.35998167346105,
            55.55728692911778,
            0.0,
            98.8489948185441,
            83.56635560444653,
            89.76347785378071,
            18.36696759753094,
            59.75744275727305,
            97.76741118151865,
            66.01189639684318,
            77.12059681374083,
            67.6431741454832,
            70.79618838404677,
            101.76416974519873
        ],
        [
            18.163642453529725,
            53.51669039406903,
            42.608632864701526,
            52.149055138413274,
            79.30667534980344,
            16.4078591555441,
            67.4915755096353,
            59.057150759286294,
            98.8489948185441,
            0.0,
            81.65617232103445,
            28.307845854497142,
            80.76130275316494,
            39.329423511611665,
            3.494242029219488,
            34.35180391500524,
            42.89558190688804,
            33.968610374863644,
            35.897331300766304,
            18.163642453529725
        ],
        [
