{
    "vertices": [
        [
            38.844058493646,
            71.79625914147925
        ],
        [
            85.98926061493644,
            6.9432361325660334
        ],
        [
            86.9801318858667,
            88.18765355994556
        ],
        [
            50.5358729341993,
            76.1649192673939
        ],
        [
            62.81004252875342,
            10.801022408017635
        ],
        [
            83.2358436525246,
            89.77355506116747
        ],
        [
            7.5927587047046945,
            71.75210331866056
        ],
        [
            89.25222454632186,
            91.61033727926198
        ],
        [
            6.392958507046387,
            58.27261098719257
        ],
        [
            66.88265972710371,
            17.46220320408852
        ],
        [
            78.40803597117933,
            77.35122411006584
        ],
        [
            13.251118321893129,
            54.1954358216376
        ],
        [
            75.12459175666807,
            22.58101236936253
        ],
        [
            88.22884603858742,
            34.09889683801477
        ],
        [
            38.844058493646,
            71.79625914147925
        ]
    ],
    "distances": [
        [
            0.0,
            80.17845518873482,
            50.850362561175366,
            12.481334712605342,
            65.5346266865239,
            47.89377577698455,
            31.25133098341528,
            54.16254145850527,
            35.15626472964992,
            61.142070571222575,
            39.95204562528668,
            31.06102973455973,
            61.142600604566994,
            62.128482723286155,
            0.0
        ],
        [
            80.17845518873482,
            0.0,
            81.25045962325288,
            77.77264373839401,
            23.498056643771562,
            82.8760703628178,
            101.71627587414814,
            84.72995308745524,
            94.71154117749995,
            21.81079699916316,
            70.81496831983242,
            86.73873252301368,
            19.041561780272747,
            27.24785590132336,
            80.17845518873482
        ],
        [
            50.850362561175366,
            81.25045962325288,
            0.0,
            38.376166437067255,
            81.07332422304752,
            4.066297818153762,
            81.07084761083286,
            4.108183162928341,
            85.96046931769084,
            73.52549024121534,
            13.816983447656737,
            81.18767337401125,
            66.66922228483654,
            54.10316895302362,
            50.850362561175366
        ],
        [
            12.481334712605342,
            77.77264373839401,
            38.376166437067255,
            0.0,
            66.50634745555537,
            35.418682261582056,
            43.16924836414015,
            41.68353175673631,
            47.63120394989723,
            60.93624792897676,
            27.89739757647195,
            43.2759879075365,
            58.95625642616162,
            56.48283336091732,
            12.481334712605342
        ],
        [
            65.5346266865239,
            23.498056643771562,
            81.07332422304752,
            66.50634745555537,
            0.0,
            81.57128333672745,
            82.24343558656395,
            85.02549241145348,
            73.73221203614335,
            7.807531008087137,
            68.35368860576042,
            65.8723165225991,
            17.041604565771372,
            34.48052384792701,
            65.5346266865239
        ],
        [
            47.89377577698455,
            82.8760703628178,
            4.066297818153762,
            35.418682261582056,
            81.57128333672745,
            0.0,
            77.76020205304641,
            6.290517305910297,
            83.04901248680113,
            74.1374280097234,
            13.327491634465723,
            78.50900807057833,
            67.6803531366974,
            55.89810051416858,
            47.89377577698455
        ],
        [
            31.25133098341528,
            101.71627587414814,
            81.07084761083286,
            43.16924836414015,
            82.24343558656395,
            77.76020205304641,
            0.0,
            84.03938253921326,
            13.532783676258378,
            80.39083043292986,
            71.0362840241832,
            18.44596452231358,
            83.5364870012044,
            88.99405900840634,
            31.25133098341528
        ],
        [
            54.16254145850527,
            84.72995308745524,
            4.108183162928341,
            41.68353175673631,
            85.02549241145348,
            6.290517305910297,
            84.03938253921326,
            0.0,
            89.31439952713316,
            77.44897169769978,
            17.914204816993536,
            84.7115281317758,
            70.46018525206819,
            57.52054489656039,
            54.16254145850527
        ],
        [
            35.15626472964992,
            94.71154117749995,
            85.96046931769084,
            47.63120394989723,
            73.73221203614335,
            83.04901248680113,
            13.532783676258378,
            89.31439952713316,
            0.0,
            72.96912591716475,
            74.49942859416669,
            7.978578405743525,
            77.44628862028695,
            85.331594054261,
            35.15626472964992
        ],
        [
            61.142070571222575,
            21.81079699916316,
            73.52549024121534,
            60.93624792897676,
            7.807531008087137,
            74.1374280097234,
            80.39083043292986,
            77.44897169769978,
            72.96912591716475,
            0.0,
            60.987942436551265,
            65.00517373281752,
            9.702146713508922,
            27.06361478283521,
            61.142070571222575
        ],
        [
            39.95204562528668,
            70.81496831983242,
            13.816983447656737,
            27.89739757647195,
            68.35368860576042,
            13.327491634465723,
            71.0362840241832,
            17.914204816993536,
            74.49942859416669,
            60.987942436551265,
            0.0,
            69.14921871441769,
            54.86854381183524,
            44.353265097721014,
            39.95204562528668
        ],
        [
            31.06102973455973,
            86.73873252301368,
            81.18767337401125,
            43.2759879075365,
            65.8723165225991,
            78.50900807057833,
            18.44596452231358,
            84.7115281317758,
            7.978578405743525,
            65.00517373281752,
            69.14921871441769,
            0.0,
            69.48236096379829,
            77.62429086747923,
            31.06102973455973
        ],
        [
            61.142600604566994,
            19.041561780272747,
            66.66922228483654,
            58.95625642616162,
            17.041604565771372,
            67.6803531366974,
            83.5364870012044,
            70.46018525206819,
            77.44628862028695,
            9.702146713508922,
            54.86854381183524,
            69.48236096379829,
            0.0,
            17.446579691114877,
            61.142600604566994
        ],
        [
            62.128482723286155,
            27.24785590132336,
            54.10316895302362,
            56.48283336091732,
            34.48052384792701,
            55.89810051416858,
            88.99405900840634,
            57.52054489656039,
            85.331594054261,
            27.06361478283521,
            44.353265097721014,
            77.62429086747923,
            17.446579691114877,
            0.0,
            62.128482723286155
        ],
        [
            0.0,
            80.17845518873482,
            50.850362561175366,
            12.481334712605342,
