{
    "vertices": [
        [
            71.8692457865059,
            61.86099792903652
        ],
        [
            97.33464717496202,
            96.47666183464516
        ],
        [
            62.11831929434199,
            1.351829268961502
        ],
        [
            27.887645176992326,
            75.03466401990337
        ],
        [
            1.620801922555204,
            63.80806224857317
        ],
        [
            70.90659113406934,
            3.3825917833183006
        ],
        [
            79.61556354452794,
            81.95921817655658
        ],
        [
            9.004912086179617,
            3.102414804802145
        ],
        [
            23.987712925900663,
            77.16845097429528
        ],
        [
            29.797484299484832,
            70.32280757866667
        ],
        [
            54.91601866710515,
            60.58535673511071
        ],
        [
            30.961036354984106,
            90.31400718474558
        ],
        [
            66.60663177386482,
            13.464680241167548
        ],
        [
            66.51577341292862,
            92.63977554419088
        ],
        [
            27.028555648081497,
            89.72048821485305
        ],
        [
            71.8692457865059,
            61.86099792903652
        ]
    ],
    "distances": [
        [
            0.0,
            42.97360649865495,
            61.289803877879955,
            45.91216255469154,
            70.27542191101413,
            58.48632908059312,
            21.539356906046958,
            86.0493785123027,
            50.268870166476,
            42.91427894264755,
            17.001152026190034,
            49.830265247123805,
            48.681605067943124,
            31.240883757310424,
            52.790517056339745,
            0.0
        ],
        [
            42.97360649865495,
            0.0,
            101.43433107210144,
            72.68180898129461,
            101.13544172008535,
            96.77266155698062,
            22.9068132892398,
            128.5336224854984,
            75.84576303501642,
            72.42439134512416,
            55.56550932219945,
            66.65909184511756,
            88.5166652024687,
            31.056797587098806,
            70.62996805724094,
            42.97360649865495
        ],
        [
            61.289803877879955,
            101.43433107210144,
            0.0,
            81.24591797415302,
            86.952461990177,
            9.019851346816179,
            82.48457251420382,
            53.14224849381487,
            84.86520646787297,
            76.16844637881624,
            59.66979060134322,
            94.26051866864951,
            12.917666491619658,
            91.39380032515467,
            95.08055214735411,
            61.289803877879955
        ],
        [
            45.91216255469154,
            72.68180898129461,
            81.24591797415302,
            0.0,
            28.565427388456893,
            83.5742135293819,
            52.18933788530807,
            74.36938944298456,
            4.445505407694156,
            5.084198717263791,
            30.648253694646225,
            15.585379715681226,
            72.73254309868854,
            42.45082146195219,
            14.710930191651835,
            45.91216255469154
        ],
        [
            70.27542191101413,
            101.13544172008535,
            86.952461990177,
            28.565427388456893,
            0.0,
            91.93344368405742,
            80.07900662464738,
            61.153092435918275,
            26.053381637207455,
            28.92001619097665,
            53.39256463848743,
            39.540036336721926,
            82.20470907075176,
            71.01144285463491,
            36.290601659864095,
            70.27542191101413
        ],
        [
            58.48632908059312,
            96.77266155698062,
            9.019851346816179,
            83.5742135293819,
            91.93344368405742,
            0.0,
            79.05777897075454,
            61.90231310772838,
            87.43988877430968,
            78.5554018223132,
            59.39574669916393,
            95.66984023350517,
            10.960755364996862,
            89.36511698186524,
            96.84789289567443,
            58.48632908059312
        ],
        [
            21.539356906046958,
            22.9068132892398,
            82.48457251420382,
            52.18933788530807,
            80.07900662464738,
            79.05777897075454,
            0.0,
            105.85017495207029,
            55.83376411128461,
            51.15903704398744,
            32.663580178387505,
            49.36664375273467,
            69.71896465665719,
            16.90203559265198,
            53.156661972967036,
            21.539356906046958
        ],
        [
            86.0493785123027,
            128.5336224854984,
            53.14224849381487,
            74.36938944298456,
            61.153092435918275,
            61.90231310772838,
            105.85017495207029,
            0.0,
            75.5662757773824,
            70.36271927603515,
            73.56710080224944,
            89.93293744981641,
            58.52635864251555,
            106.4163433816441,
            88.4733992142014,
            86.0493785123027
        ],
        [
            50.268870166476,
            75.84576303501642,
            84.86520646787297,
            4.445505407694156,
            26.053381637207455,
            87.43988877430968,
            55.83376411128461,
            75.5662757773824,
            0.0,
            8.978656743267988,
            35.093576485834255,
            14.880621214475973,
            76.64556509928187,
            45.254809829844206,
            12.915121499598413,
            50.268870166476
        ],
        [
            42.91427894264755,
            72.42439134512416,
            76.16844637881624,
            5.084198717263791,
            28.92001619097665,
            78.5554018223132,
            51.15903704398744,
            70.36271927603515,
            8.978656743267988,
            0.0,
            26.939909385667796,
            20.025032211608202,
            67.73300511654506,
            42.968358295293044,
            19.5943098868024,
            42.91427894264755
        ],
        [
            17.001152026190034,
            55.56550932219945,
            59.66979060134322,
            30.648253694646225,
            53.39256463848743,
            59.39574669916393,
            32.663580178387505,
            73.56710080224944,
            35.093576485834255,
            26.939909385667796,
            0.0,
            38.178971111471924,
            48.54923879999344,
            34.08870891294018,
            40.33071385407509,
            17.001152026190034
        ],
        [
            49.830265247123805,
            66.65909184511756,
            94.26051866864951,
            15.585379715681226,
            39.540036336721926,
            95.66984023350517,
            49.36664375273467,
            89.93293744981641,
            14.880621214475973,
            20.025032211608202,
            38.178971111471924,
            0.0,
            84.71379772178484,
            35.6307244624828,
            3.9770176360915896,
            49.830265247123805
        ],
        [
            48.681605067943124,
            88.5166652024687,
            12.917666491619658,
            72.73254309868854,
            82.20470907075176,
            10.960755364996862,
            69.71896465665719,
            58.52635864251555,
            76.64556509928187,
            67.73300511654506,
            48.54923879999344,
            84.71379772178484,
            0.0,
            79.17514743582471,
            85.91491348734455,
            48.681605067943124
        ],
        [
            31.240883757310424,
            31.056797587098806,
