{
    "vertices": [
        [
            5.201310916994773,
            5.462165302585964
        ],
        [
            51.867166482825446,
            48.08598263023933
        ],
        [
            27.03512509247641,
            97.1946261116484
        ],
        [
            91.09337137804644,
            64.30652273879089
        ],
        [
            43.50603106632265,
            40.797758410606676
        ],
        [
            48.4004974575328,
            81.44119068564724
        ],
        [
            5.809750914733813,
            5.85009170677524
        ],
        [
            52.064555742162575,
            79.78490875257911
        ],
        [
            69.07146277090474,
            43.050605640208104
        ],
        [
            98.35979350496697,
            26.72388226377698
        ],
        [
            81.9897405793242,
            80.26334347894036
        ],
        [
            24.2043294501156,
            74.492028349278
        ],
        [
            78.17723956881434,
            22.539532670019767
        ],
        [
            71.75361168140184,
            5.21040598389948
        ],
        [
            86.90273017570132,
            74.69452554872578
        ],
        [
            22.73470940051737,
            36.53186225184282
        ],
        [
            46.31011117284372,
            21.656189865452358
        ],
        [
            89.26700652501911,
            6.06841732866219
        ],
        [
            60.39546488083687,
            29.64348092724317
        ],
        [
            20.993154573495488,
            76.17301798133506
        ],
        [
            5.201310916994773,
            5.462165302585964
        ]
    ],
    "distances": [
        [
            0.0,
            63.20199268434606,
            94.29506777947424,
            104.11582229577213,
            52.11387268294236,
            87.40127010475346,
            0.7215858409890712,
            87.86372351247765,
            74.10996656898786,
            95.55398205324211,
            107.19924993476975,
            71.59774232205366,
            74.94746585974575,
            66.55277695025687,
            107.08987633823389,
            35.675567702569964,
            44.18347983147102,
            84.06788161706065,
            60.25886372247321,
            72.4527916137613,
            0.0
        ],
        [
            63.20199268434606,
            0.0,
            55.02989318721371,
            42.44762740006783,
            11.091744575527215,
            33.53487287213823,
            62.49124747443154,
            31.699540687985643,
            17.926037827689505,
            51.165454160857166,
            44.076660733165525,
            38.24280067168491,
            36.672074543991634,
            47.26294294044908,
            43.99437781719953,
            31.34003435497478,
            27.007680561421445,
            56.25143401775613,
            20.31890111769188,
            41.738305741742195,
            63.20199268434606
        ],
        [
            94.29506777947424,
            55.02989318721371,
            0.0,
            72.00754308158632,
            58.75285039968774,
            26.545241833871163,
            93.77814497327316,
            30.48886119831516,
            68.54654359066255,
            100.26631569287882,
            57.50372244382039,
            22.878403552887917,
            90.49253477436223,
            102.27824693117337,
            63.956115139543996,
            60.81500221355075,
            77.95883810652246,
            110.34850698489059,
            75.33969396353731,
            21.872663672646055,
            94.29506777947424
        ],
        [
            104.11582229577213,
            42.44762740006783,
            72.00754308158632,
            0.0,
            53.07746186642612,
            46.00302521836907,
            103.3946335567333,
            41.986055822518594,
            30.60683698788762,
            38.278659271201676,
            18.371070242441192,
            67.660094993857,
            43.71850775493467,
            62.180200390733035,
            11.201431875702664,
            73.78576036420112,
            61.843280061890916,
            58.26673605358065,
            46.302137433821855,
            71.09749718088796,
            104.11582229577213
        ],
        [
            52.11387268294236,
            11.091744575527215,
            58.75285039968774,
            53.07746186642612,
            0.0,
            40.93707840516339,
            51.40378337543997,
            39.91548867813749,
            25.664501142269923,
            56.63046215131507,
            55.12284737445054,
            38.83116676049202,
            39.184888748310655,
            45.43550883778083,
            55.06599963685231,
            21.20485024190711,
            19.345865491433262,
            57.447315054034135,
            20.240328079127732,
            41.93135578153538,
            52.11387268294236
        ],
        [
            87.40127010475346,
            33.53487287213823,
            26.545241833871163,
            46.00302521836907,
            40.93707840516339,
            0.0,
            86.76396680596483,
            4.021018895127451,
            43.601901645659005,
            74.09396130920014,
            33.60988809170835,
            25.17430045543217,
            66.00045217838814,
            79.72766445969238,
            39.08886561098644,
            51.72601334882624,
            59.82153490081911,
            85.73871078390657,
            53.16843029187521,
            27.90906819665699,
            87.40127010475346
        ],
        [
            0.7215858409890712,
            62.49124747443154,
            93.77814497327316,
            103.3946335567333,
            51.40378337543997,
            86.76396680596483,
            0.0,
            87.21160554203792,
            73.38884400155607,
            94.87478861990444,
            106.49283010890795,
            71.06388664805557,
            74.2670239996467,
            65.94696331627219,
            106.37493763306473,
            35.04033766283757,
            43.475417422244774,
            83.45754118159526,
            59.5459951616051,
            71.9433784755906,
            0.7215858409890712
        ],
        [
            87.86372351247765,
            31.699540687985643,
            30.48886119831516,
            41.986055822518594,
            39.91548867813749,
            4.021018895127451,
            87.21160554203792,
            0.0,
            40.48016689486137,
            70.41819062969421,
            29.92900912702719,
            28.358540018973375,
            62.91983264014883,
            77.12986054035298,
            35.208101326594495,
            52.25960120417468,
            58.41285467908558,
            82.57205006600769,
            50.82879923272062,
            31.28062859866541,
            87.86372351247765
        ],
        [
            74.10996656898786,
            17.926037827689505,
            68.54654359066255,
            30.60683698788762,
            25.664501142269923,
            43.601901645659005,
            73.38884400155607,
            40.48016689486137,
            0.0,
            33.5316002212587,
            39.39123962240485,
            54.78706703589711,
            22.441463532527003,
            37.935137179235035,
            36.32205617029468,
            46.79304145138956,
            31.23780006520422,
            42.13718357739386,
            15.969468759400147,
            58.3833702214998,
            74.10996656898786
        ],
        [
            95.55398205324211,
            51.165454160857166,
            100.26631569287882,
            38.278659271201676,
            56.63046215131507,
            74.09396130920014,
            94.87478861990444,
            70.41819062969421,
            33.5316002212587,
