{
    "vertices": [
        [
            15.81868887142962,
            2.6834097413520164
        ],
        [
            46.374519054816055,
            23.15799066830213
        ],
        [
            19.330975275613326,
            17.999753738782488
        ],
        [
            82.88684822603898,
            95.44239023081722
        ],
        [
            46.568858916142815,
            70.86051799388943
        ],
        [
            64.77058008842714,
            23.74353313688432
        ],
        [
            0.5207359928050659,
            50.556936425450495
        ],
        [
            34.19043262432674,
            15.083184219089862
        ],
        [
            29.6359099892779,
            72.12085448926344
        ],
        [
            97.22798267025404,
            28.168583406892434
        ],
        [
            40.35688279283749,
            25.823805681308755
        ],
        [
            66.51282455252385,
            8.17457749555437
        ],
        [
            82.73414066840947,
            5.4598926842789774
        ],
        [
            45.00987161656295,
            20.741103625161216
        ],
        [
            55.201237693096935,
            15.311206075211103
        ],
        [
            59.10698319502319,
            99.78197653279575
        ],
        [
            15.81868887142962,
            2.6834097413520164
        ]
    ],
    "distances": [
        [
            0.0,
            36.78134340029166,
            15.713896691547841,
            114.46556888715602,
            74.79098239398238,
            53.289928233727295,
            50.25835173829029,
            22.16473269906211,
            70.79883002238641,
            85.30514165972686,
            33.72833949637285,
            50.99066890871293,
            66.97302850197457,
            34.324997574087746,
            41.35754334991907,
            106.31090300810412,
            0.0
        ],
        [
            36.78134340029166,
            0.0,
            27.53108549183477,
            80.98261913287979,
            47.70292319376354,
            18.405377516770944,
            53.416024278311134,
            14.61692379872981,
            51.744981080283694,
            51.09971429742723,
            6.581680322307586,
            25.10087684970944,
            40.43815965317627,
            2.7755369948954387,
            11.810291713998676,
            77.67464742658173,
            36.78134340029166
        ],
        [
            15.713896691547841,
            27.53108549183477,
            0.0,
            100.18338651357358,
            59.4656430457875,
            45.801186527411616,
            37.600468698801855,
            15.142980237107658,
            55.09342270994423,
            78.55793313128689,
            22.434450644538025,
            48.193993291691406,
            64.63133525692096,
            25.824808159767315,
            35.970877309824296,
            90.94208470853623,
            15.713896691547841
        ],
        [
            114.46556888715602,
            80.98261913287979,
            100.18338651357358,
            0.0,
            43.85504292765398,
            73.95218238706727,
            93.80234755981,
            93.96245464700208,
            58.13395266485768,
            68.78541430950169,
            81.58152532544591,
            88.79065148346271,
            89.9826271249674,
            83.75528387878079,
            84.77912304784364,
            24.17258757695682,
            114.46556888715602
        ],
        [
            74.79098239398238,
            47.70292319376354,
            59.4656430457875,
            43.85504292765398,
            0.0,
            50.510522820980896,
            50.32559040159467,
            57.134371445630876,
            16.979788203666953,
            66.24913658542869,
            45.4631070570707,
            65.78213208361333,
            74.7339908951,
            50.143655013017664,
            56.216047690916746,
            31.52229884463262,
            74.79098239398238
        ],
        [
            53.289928233727295,
            18.405377516770944,
            45.801186527411616,
            73.95218238706727,
            50.510522820980896,
            0.0,
            69.6204069381028,
            31.782810799299515,
            59.7897170440487,
            32.75765639130618,
            24.502166220556244,
            15.666135309462105,
            25.631640932855657,
            19.987500651228782,
            12.754467983969008,
            76.2490734622015,
            53.289928233727295
        ],
        [
            50.25835173829029,
            53.416024278311134,
            37.600468698801855,
            93.80234755981,
            50.32559040159467,
            69.6204069381028,
            0.0,
            48.90844065043351,
            36.23114570514885,
            99.26494804721625,
            46.88972540205949,
            78.429714400451,
            93.7698632959856,
            53.556204814418365,
            65.05550533288792,
            76.52093135090006,
            50.25835173829029
        ],
        [
            22.16473269906211,
            14.61692379872981,
            15.142980237107658,
            93.96245464700208,
            57.134371445630876,
            31.782810799299515,
            48.90844065043351,
            0.0,
            57.21922322333828,
            64.38136677406695,
            12.384912477502752,
            33.05247141773912,
            49.48837571221251,
            12.209517275974513,
            21.012042347299996,
            88.28771098936906,
            22.16473269906211
        ],
        [
            70.79883002238641,
            51.744981080283694,
            55.09342270994423,
            58.13395266485768,
            16.979788203666953,
            59.7897170440487,
            36.23114570514885,
            57.21922322333828,
            0.0,
            80.62561889752281,
            47.52216310502714,
            73.81756680534184,
            85.22385775133549,
            53.63056493245662,
            62.2970475506817,
            40.41883012415856,
            70.79883002238641
        ],
        [
            85.30514165972686,
            51.09971429742723,
            78.55793313128689,
            68.78541430950169,
            66.24913658542869,
            32.75765639130618,
            99.26494804721625,
            64.38136677406695,
            80.62561889752281,
            0.0,
            56.91941658036809,
            36.649436702080266,
            26.939860621572347,
            52.74370652432043,
            43.94951018184654,
            81.1276073602305,
            85.30514165972686
        ],
        [
            33.72833949637285,
            6.581680322307586,
            22.434450644538025,
            81.58152532544591,
            45.4631070570707,
            24.502166220556244,
            46.88972540205949,
            12.384912477502752,
            47.52216310502714,
            56.91941658036809,
            0.0,
            31.553582124521647,
            47.0161774031378,
            6.890875502088283,
            18.189821958528928,
            76.29795082955889,
            33.72833949637285
        ],
        [
            50.99066890871293,
            25.10087684970944,
            48.193993291691406,
            88.79065148346271,
            65.78213208361333,
            15.666135309462105,
            78.429714400451,
            33.05247141773912,
            73.81756680534184,
            36.649436702080266,
            31.553582124521647,
            0.0,
            16.44690275267838,
            24.905713479686572,
            13.374732324885347,
            91.90626771108073,
            50.99066890871293
        ],
        [
            66.97302850197457,
            40.43815965317627,
            64.63133525692096,
